-- phpMyAdmin SQL Dump
-- version 3.3.9
-- http://www.phpmyadmin.net
--
-- Host: localhost
-- Generation Time: Jun 16, 2012 at 06:09 PM
-- Server version: 5.5.8
-- PHP Version: 5.3.5

SET SQL_MODE="NO_AUTO_VALUE_ON_ZERO";


/*!40101 SET @OLD_CHARACTER_SET_CLIENT=@@CHARACTER_SET_CLIENT */;
/*!40101 SET @OLD_CHARACTER_SET_RESULTS=@@CHARACTER_SET_RESULTS */;
/*!40101 SET @OLD_COLLATION_CONNECTION=@@COLLATION_CONNECTION */;
/*!40101 SET NAMES utf8 */;

--
-- Database: `directhomecare`
--

-- --------------------------------------------------------

--
-- Table structure for table `tbl_address`
--

CREATE TABLE IF NOT EXISTS `tbl_address` (
  `id` int(11) NOT NULL AUTO_INCREMENT,
  `address_line_1` varchar(50) COLLATE utf8_unicode_ci NOT NULL,
  `address_line_2` varchar(50) COLLATE utf8_unicode_ci DEFAULT NULL,
  `city` varchar(50) COLLATE utf8_unicode_ci NOT NULL,
  `county` varchar(50) COLLATE utf8_unicode_ci NOT NULL,
  `post_code` varchar(10) COLLATE utf8_unicode_ci NOT NULL,
  `country` varchar(50) COLLATE utf8_unicode_ci NOT NULL,
  PRIMARY KEY (`id`)
) ENGINE=InnoDB  DEFAULT CHARSET=utf8 COLLATE=utf8_unicode_ci AVG_ROW_LENGTH=152 AUTO_INCREMENT=298 ;

--
-- Dumping data for table `tbl_address`
--

INSERT INTO `tbl_address` (`id`, `address_line_1`, `address_line_2`, `city`, `county`, `post_code`, `country`) VALUES
(274, 'Flat 8', 'Cambridge Gardens', 'London', '', 'W10 5UB', 'GB'),
(275, 'Flat 8', 'Cambridge Gardens', 'London', '', 'W10 5UB', 'GB'),
(276, 'Flat 8', 'Cambridge Gardens', 'London', '', 'W10 5UB', 'GB'),
(277, 'Flat 8', 'Cambridge Gardens', 'London', '', 'W10 5UB', 'GB'),
(278, 'Flat 8', 'Cambridge Gardens', 'London', '', 'W10 5UB', 'GB'),
(279, 'Flat 8', 'Cambridge Gardens', 'London', '', 'W10 5UB', 'GB'),
(280, 'Flat 8', 'Cambridge Gardens', 'London', '', 'W10 5UB', 'GB'),
(281, 'Flat 8', 'Cambridge Gardens', 'London', '', 'W10 5UB', 'GB'),
(282, 'Flat 8', 'Cambridge Gardens', 'London', '', 'W10 5UB', 'GB'),
(283, 'Flat 8', 'Cambridge Gardens', 'London', '', 'W10 5UB', 'GB'),
(284, 'Flat 8', 'Cambridge Gardens', 'London', '', 'W10 5UB', 'GB'),
(285, 'Flat 8', 'Cambridge Gardens', 'London', '', 'W10 5UB', 'GB'),
(286, 'Flat 8', 'Cambridge Gardens', 'London', '', 'W10 5UB', 'GB'),
(287, 'Flat 8', 'Cambridge Gardens 2', 'London', '', 'W10 5UB', 'GB'),
(288, 'Flat 8', 'Cambridge Gardens', 'London', '', 'W10 5UB', 'GB'),
(289, 'Flat 81', 'Cambridge Gardens', 'London', '', 'W10 5UB', 'GB'),
(290, 'Flat 8', 'Cambridge Gardens', 'London', '', 'W10 5UB', 'GB'),
(291, 'Flat 8', 'Cambridge Gardens 2', 'London', '', 'W10 5UB', 'GB'),
(292, 'Flat 81', 'Cambridge Gardens', 'London', '', 'W10 5UB', 'GB'),
(293, 'Flat 8', 'Cambridge Gardens', 'London', '', 'W10 5UB', 'GB'),
(294, 'Flat 8', 'Cambridge Gardens', 'London', '', 'W10 5UB', 'GB'),
(295, 'Flat 8', 'Cambridge Gardens', 'London', '', 'W10 5UB', 'GB'),
(296, 'Flat 8', 'Cambridge Gardens', 'London', '', 'W10 5UB', 'GB'),
(297, 'Flat 8', 'Cambridge Gardens', 'London', '', 'W10 5UB', 'GB');

-- --------------------------------------------------------

--
-- Table structure for table `tbl_age_group`
--

CREATE TABLE IF NOT EXISTS `tbl_age_group` (
  `id` int(11) NOT NULL AUTO_INCREMENT,
  `id_carer` int(11) NOT NULL,
  `age_group` int(2) NOT NULL,
  PRIMARY KEY (`id`),
  UNIQUE KEY `FK_tbl_age_group_tbl_carer_id` (`id_carer`,`age_group`)
) ENGINE=InnoDB  DEFAULT CHARSET=utf8 COLLATE=utf8_unicode_ci AUTO_INCREMENT=7 ;

--
-- Dumping data for table `tbl_age_group`
--

INSERT INTO `tbl_age_group` (`id`, `id_carer`, `age_group`) VALUES
(1, 253, 3),
(2, 273, 0),
(3, 273, 3),
(4, 280, 0),
(5, 280, 1),
(6, 280, 2);

-- --------------------------------------------------------

--
-- Table structure for table `tbl_cancelled_mission_history`
--

CREATE TABLE IF NOT EXISTS `tbl_cancelled_mission_history` (
  `id` int(11) NOT NULL AUTO_INCREMENT,
  `id_mission` int(11) DEFAULT NULL,
  `cancelled_by` int(11) DEFAULT NULL,
  `date` date DEFAULT NULL,
  `time` time DEFAULT NULL,
  PRIMARY KEY (`id`),
  KEY `cancelled_by` (`cancelled_by`),
  KEY `id_mission` (`id_mission`)
) ENGINE=InnoDB DEFAULT CHARSET=utf8 COLLATE=utf8_unicode_ci AUTO_INCREMENT=1 ;

--
-- Dumping data for table `tbl_cancelled_mission_history`
--


-- --------------------------------------------------------

--
-- Table structure for table `tbl_carer`
--

CREATE TABLE IF NOT EXISTS `tbl_carer` (
  `id` int(11) NOT NULL AUTO_INCREMENT,
  `first_name` varchar(50) COLLATE utf8_unicode_ci NOT NULL,
  `last_name` varchar(50) COLLATE utf8_unicode_ci NOT NULL,
  `email_address` varchar(60) COLLATE utf8_unicode_ci NOT NULL,
  `password` varchar(128) COLLATE utf8_unicode_ci NOT NULL,
  `date_birth` date NOT NULL,
  `gender` int(1) NOT NULL DEFAULT '0',
  `hourly_work` int(1) NOT NULL DEFAULT '0',
  `nationality` varchar(50) COLLATE utf8_unicode_ci NOT NULL,
  `country_birth` varchar(50) COLLATE utf8_unicode_ci NOT NULL,
  `mobile_phone` varchar(15) COLLATE utf8_unicode_ci NOT NULL,
  `live_in` int(1) NOT NULL DEFAULT '0',
  `live_in_work_radius` int(1) NOT NULL DEFAULT '0',
  `hourly_work_radius` int(1) NOT NULL DEFAULT '0',
  `work_with_male` int(1) NOT NULL DEFAULT '0',
  `work_with_female` int(1) NOT NULL DEFAULT '0',
  `driving_licence` int(1) DEFAULT '0',
  `car_owner` int(1) DEFAULT '0',
  `personal_text` mediumtext COLLATE utf8_unicode_ci,
  `dh_rating` int(5) DEFAULT NULL,
  `balance` int(11) DEFAULT NULL,
  `sort_code` varchar(10) COLLATE utf8_unicode_ci DEFAULT NULL,
  `account_number` varchar(20) COLLATE utf8_unicode_ci DEFAULT NULL,
  `last_login_date` date DEFAULT NULL,
  PRIMARY KEY (`id`)
) ENGINE=InnoDB  DEFAULT CHARSET=utf8 COLLATE=utf8_unicode_ci AVG_ROW_LENGTH=354 AUTO_INCREMENT=304 ;

--
-- Dumping data for table `tbl_carer`
--

INSERT INTO `tbl_carer` (`id`, `first_name`, `last_name`, `email_address`, `password`, `date_birth`, `gender`, `hourly_work`, `nationality`, `country_birth`, `mobile_phone`, `live_in`, `live_in_work_radius`, `hourly_work_radius`, `work_with_male`, `work_with_female`, `driving_licence`, `car_owner`, `personal_text`, `dh_rating`, `balance`, `sort_code`, `account_number`, `last_login_date`) VALUES
(6, 'Renaud', 'Theuillon', 'rtheuillon@hotmail.com', '5cc3a48b54e8371c99e8bfe513e45987d21f478022c002b54d', '1981-11-21', 0, 0, '', '', '', 0, 0, 0, 0, 0, 0, 0, NULL, NULL, NULL, NULL, NULL, NULL),
(7, 'Renaud', 'Theuillon', 'rtheuillon@hotmail.com', 'test', '1981-11-21', 0, 0, '', '', '', 0, 0, 0, 0, 0, 0, 0, NULL, NULL, NULL, NULL, NULL, NULL),
(8, 'Renaud', 'Theuillon', 'rtheuillon@hotmail.com', 'test', '1981-11-21', 0, 0, '', '', '', 0, 0, 0, 0, 0, 0, 0, NULL, NULL, NULL, NULL, NULL, NULL),
(9, 'Renaud', 'Theuillon', 'rtheuillon@hotmail.com', 'test', '1981-11-21', 0, 0, '', '', '', 0, 0, 0, 0, 0, 0, 0, NULL, NULL, NULL, NULL, NULL, NULL),
(10, 'Renaud', 'Theuillon', 'rtheuillon@hotmail.com', 'test', '1981-11-21', 0, 0, '', '', '', 0, 0, 0, 0, 0, 0, 0, NULL, NULL, NULL, NULL, NULL, NULL),
(11, 'Renaud', 'Theuillon', 'rtheuillon@hotmail.com', 'test', '1981-11-21', 0, 0, '', '', '', 0, 0, 0, 0, 0, 0, 0, NULL, NULL, NULL, NULL, NULL, NULL),
(12, 'Renaud', 'Theuillon', 'rtheuillon@hotmail.com', 'test', '1981-11-21', 0, 0, '', '', '', 0, 0, 0, 0, 0, 0, 0, NULL, NULL, NULL, NULL, NULL, NULL),
(13, 'Renaud', 'Theuillon', 'rtheuillon@hotmail.com', 'test', '1981-11-21', 0, 0, '', '', '', 0, 0, 0, 0, 0, 0, 0, NULL, NULL, NULL, NULL, NULL, NULL),
(14, 'Renaud', 'Theuillon', 'rtheuillon@hotmail.com', 'test', '1981-11-21', 0, 0, '', '', '', 0, 0, 0, 0, 0, 0, 0, NULL, NULL, NULL, NULL, NULL, NULL),
(15, 'Renaud', 'Theuillon', 'rtheuillon@hotmail.com', 'test', '1981-11-21', 0, 0, '', '', '', 0, 0, 0, 0, 0, 0, 0, NULL, NULL, NULL, NULL, NULL, NULL),
(16, 'Renaud', 'Theuillon', 'rtheuillon@hotmail.com', 'test', '1981-11-21', 0, 0, '', '', '', 0, 0, 0, 0, 0, 0, 0, NULL, NULL, NULL, NULL, NULL, NULL),
(17, 'Renaud', 'Theuillon', 'rtheuillon@hotmail.com', 'test', '1981-11-21', 0, 0, '', '', '', 0, 0, 0, 0, 0, 0, 0, NULL, NULL, NULL, NULL, NULL, NULL),
(18, 'Renaud', 'Theuillon', 'rtheuillon@hotmail.com', 'test', '1981-11-21', 0, 0, '', '', '', 0, 0, 0, 0, 0, 0, 0, NULL, NULL, NULL, NULL, NULL, NULL),
(19, 'Renaud', 'Theuillon', 'rtheuillon@hotmail.com', 'test', '1981-11-21', 0, 0, '', '', '', 0, 0, 0, 0, 0, 0, 0, NULL, NULL, NULL, NULL, NULL, NULL),
(20, 'Renaud', 'Theuillon', 'rtheuillon@hotmail.com', 'test', '1981-11-21', 0, 0, '', '', '', 0, 0, 0, 0, 0, 0, 0, NULL, NULL, NULL, NULL, NULL, NULL),
(21, 'Renaud', 'Theuillon', 'rtheuillon@hotmail.com', 'test', '1981-11-21', 0, 0, '', '', '', 0, 0, 0, 0, 0, 0, 0, NULL, NULL, NULL, NULL, NULL, NULL),
(22, 'Renaud', 'Theuillon', 'rtheuillon@hotmail.com', 'test', '1981-11-21', 0, 0, '', '', '', 0, 0, 0, 0, 0, 0, 0, NULL, NULL, NULL, NULL, NULL, NULL),
(23, 'Renaud', 'Theuillon', 'rtheuillon@hotmail.com', 'test', '1981-11-21', 0, 0, '', '', '', 0, 0, 0, 0, 0, 0, 0, NULL, NULL, NULL, NULL, NULL, NULL),
(24, 'Renaud', 'Theuillon', 'rtheuillon@hotmail.com', 'test', '1981-11-21', 0, 0, '', '', '', 0, 0, 0, 0, 0, 0, 0, NULL, NULL, NULL, NULL, NULL, NULL),
(25, 'Renaud', 'Theuillon', 'rtheuillon@hotmail.com', 'test', '1981-11-21', 0, 0, '', '', '', 0, 0, 0, 0, 0, 0, 0, NULL, NULL, NULL, NULL, NULL, NULL),
(26, 'Renaud', 'Theuillon', 'rtheuillon@hotmail.com', 'test', '1981-11-21', 0, 0, '', '', '', 0, 0, 0, 0, 0, 0, 0, NULL, NULL, NULL, NULL, NULL, NULL),
(27, 'Renaud', 'Theuillon', 'rtheuillon@hotmail.com', 'test', '1981-11-21', 0, 0, '', '', '', 0, 0, 0, 0, 0, 0, 0, NULL, NULL, NULL, NULL, NULL, NULL),
(28, 'Renaud', 'Theuillon', 'rtheuillon@hotmail.com', 'test', '1981-11-21', 0, 0, '', '', '', 0, 0, 0, 0, 0, 0, 0, NULL, NULL, NULL, NULL, NULL, NULL),
(29, 'Renaud', 'Theuillon', 'rtheuillon@hotmail.com', 'test', '1981-11-21', 0, 0, '', '', '', 0, 0, 0, 0, 0, 0, 0, NULL, NULL, NULL, NULL, NULL, NULL),
(30, 'Renaud', 'Theuillon', 'rtheuillon@hotmail.com', 'test', '1981-11-21', 0, 0, '', '', '', 0, 0, 0, 0, 0, 0, 0, NULL, NULL, NULL, NULL, NULL, NULL),
(31, 'Renaud', 'Theuillon', 'rtheuillon@hotmail.com', 'test', '1981-11-21', 0, 0, '', '', '', 0, 0, 0, 0, 0, 0, 0, NULL, NULL, NULL, NULL, NULL, NULL),
(32, 'Renaud', 'Theuillon', 'rtheuillon@hotmail.com', 'test', '1981-11-21', 0, 0, '', '', '', 0, 0, 0, 0, 0, 0, 0, NULL, NULL, NULL, NULL, NULL, NULL),
(33, 'Renaud', 'Theuillon', 'rtheuillon@hotmail.com', 'test', '1981-11-21', 0, 0, '', '', '', 0, 0, 0, 0, 0, 0, 0, NULL, NULL, NULL, NULL, NULL, NULL),
(34, 'Renaud', 'Theuillon', 'rtheuillon@hotmail.com', 'test', '1981-11-21', 0, 0, '', '', '', 0, 0, 0, 0, 0, 0, 0, NULL, NULL, NULL, NULL, NULL, NULL),
(35, 'Renaud', 'Theuillon', 'rtheuillon@hotmail.com', 'test', '1980-11-21', 0, 0, '', '', '', 0, 0, 0, 0, 0, 0, 0, NULL, NULL, NULL, NULL, NULL, NULL),
(36, 'Renaud', 'Theuillon', 'rtheuillon@hotmail.com', 'test', '1981-11-21', 0, 0, '', '', '', 0, 0, 0, 0, 0, 0, 0, NULL, NULL, NULL, NULL, NULL, NULL),
(37, 'Renaud', 'Theuillon', 'rtheuillon@hotmail.com', 'test', '1981-11-21', 0, 0, '', '', '', 0, 0, 0, 0, 0, 0, 0, NULL, NULL, NULL, NULL, NULL, NULL),
(38, 'Renaud', 'Theuillon', 'rtheuillon@hotmail.com', 'test', '1981-11-21', 0, 0, '', '', '', 0, 0, 0, 0, 0, 0, 0, NULL, NULL, NULL, NULL, NULL, NULL),
(39, 'Renaud', 'Theuillon', 'rtheuillon@hotmail.com', 'test', '1981-11-21', 0, 0, '', '', '', 0, 0, 0, 0, 0, 0, 0, NULL, NULL, NULL, NULL, NULL, NULL),
(40, 'Renaud', 'Theuillon', 'rtheuillon@hotmail.com', 'test', '1981-10-31', 0, 0, '', '', '', 0, 0, 0, 0, 0, 0, 0, NULL, NULL, NULL, NULL, NULL, NULL),
(41, 'Renaud', 'Theuillon', 'rtheuillon@hotmail.com', 'test', '1981-10-18', 0, 0, '', '', '', 0, 0, 0, 0, 0, 0, 0, NULL, NULL, NULL, NULL, NULL, NULL),
(42, 'Renaud', 'Theuillon', 'rtheuillon@hotmail.com', 'test', '1990-02-18', 0, 0, '', '', '', 0, 0, 0, 0, 0, 0, 0, NULL, NULL, NULL, NULL, NULL, NULL),
(43, 'Renaud', 'Theuillon', 'rtheuillon@hdeom', 'test', '1981-11-21', 0, 0, '', '', '', 0, 0, 0, 0, 0, 0, 0, NULL, NULL, NULL, NULL, NULL, NULL),
(44, 'Renaud', 'Theuillon', 'rtheuillon@hotmail.com', 'test', '1981-11-21', 0, 0, '', '', '', 0, 0, 0, 0, 0, 0, 0, NULL, NULL, NULL, NULL, NULL, NULL),
(45, 'Renaud', 'Theuillon', 'rtheuillon@hotmail.com', 'test', '1981-11-21', 0, 0, '', '', '', 0, 0, 0, 0, 0, 0, 0, NULL, NULL, NULL, NULL, NULL, NULL),
(46, 'Renaud', 'Theuillon', 'rtheuillon@hotmail.com', 'test', '1981-11-21', 0, 0, '', '', '', 0, 0, 0, 0, 0, 0, 0, NULL, NULL, NULL, NULL, NULL, NULL),
(47, 'Renaud', '', 'rtheuillon@hotmail.com', 'test', '1981-11-21', 0, 0, '', '', '', 0, 0, 0, 0, 0, 0, 0, NULL, NULL, NULL, NULL, NULL, NULL),
(48, 'Renaud', 'Theuillon', 'rtheuillon@hotmail.com', 'test', '1981-11-21', 0, 0, '', '', '', 0, 0, 0, 0, 0, 0, 0, NULL, NULL, NULL, NULL, NULL, NULL),
(49, 'Renaud', 'Theuillon', 'rtheuillon@hotmail.com', 'test', '1981-11-21', 0, 0, '', '', '', 0, 0, 0, 0, 0, 0, 0, NULL, NULL, NULL, NULL, NULL, NULL),
(50, 'Renaud', 'Theuillon', 'rtheuillon@hotmail.com', 'test', '1981-11-21', 0, 0, '', '', '', 0, 0, 0, 0, 0, 0, 0, NULL, NULL, NULL, NULL, NULL, NULL),
(51, 'Renaud', 'Theuillon', 'rtheuillon@hotmail.com', 'test', '1981-11-21', 0, 0, '', '', '', 0, 0, 0, 0, 0, 0, 0, NULL, NULL, NULL, NULL, NULL, NULL),
(52, 'Renaud', 'Theuillon', 'rtheuillon@hotmail.com', 'test', '1981-11-21', 0, 0, '', '', '', 0, 0, 0, 0, 0, 0, 0, NULL, NULL, NULL, NULL, NULL, NULL),
(53, 'Renaud', 'Theuillon', 'rtheuillon@hotmail.com', 'test', '1981-11-21', 0, 0, '', '', '', 0, 0, 0, 0, 0, 0, 0, NULL, NULL, NULL, NULL, NULL, NULL),
(54, 'Renaud', 'Theuillon', 'rtheuillon@hotmail.com', 'test', '1990-02-03', 0, 0, '', '', '', 1, 0, 0, 0, 0, 0, 0, NULL, NULL, NULL, NULL, NULL, NULL),
(55, 'Renaud', 'Theuillon', 'rtheuillon@hotmail.com', 'test', '1981-11-21', 0, 0, '', '', '', 0, 0, 0, 0, 0, 0, 0, NULL, NULL, NULL, NULL, NULL, NULL),
(56, 'Renaud', 'Theuillon', 'rtheuillon@hotmail.com', 'test', '1981-11-21', 0, 0, '', '', '', 0, 0, 0, 0, 0, 0, 0, NULL, NULL, NULL, NULL, NULL, NULL),
(57, 'Renaud', 'Theuillon', 'rtheuillon@hotmail.com', 'test', '1981-11-21', 0, 0, '', '', '', 0, 0, 0, 0, 0, 0, 0, NULL, NULL, NULL, NULL, NULL, NULL),
(58, 'Renaud', 'Theuillon', 'rtheuillon@hotmail.com', 'test', '1981-11-21', 0, 0, '', '', '', 0, 0, 0, 0, 0, 0, 0, NULL, NULL, NULL, NULL, NULL, NULL),
(59, 'Renaud', 'Theuillon', 'rtheuillon@hotmail.com', '5cc3a48b54e8371c99e8bfe513e45987d21f478022c002b54df6fe4723f2e3b9af7e777972a74fef7ee2153d8db68e7bcccc7f8b4971930cde878331a52d517b', '1981-11-21', 0, 0, '', '', '', 0, 0, 0, 0, 0, 0, 0, NULL, NULL, NULL, NULL, NULL, NULL),
(60, 'Renaud', 'Theuillon', 'rt@hotmail.com', 'd8972927a485c8a316270563f3d9d3193876b98644d7be54872a6907db51ede80cbd531440303eaf01ba643498a8a3cebb1fc4f4dc21cebeb1f6361894f495a5', '1981-11-21', 0, 0, '', '', '', 0, 0, 0, 0, 0, 0, 0, NULL, NULL, NULL, NULL, NULL, NULL),
(61, 'Renaud', 'Theuillon', 'rt2@hotmail.com', '568138f1d6bcf014aa80c748506bb1d98bebfe56255453c7043c6d328e42b187debd0e09d5862072c0737d85417b40d739b19340b69f9e191d688c6f66dbe989', '1981-11-21', 0, 0, '', '', '', 0, 0, 0, 0, 0, 0, 0, NULL, NULL, NULL, NULL, NULL, NULL),
(62, 'Renaud', 'Theuillon', 'rtheuillon@hotmail.com', 'a3a3c2c4fb7da9206cb767d2818f8a81ccb30ae827024b4df24c746643861e566a367f31a5e9d089514e5f5b0069a27602278c8a899f107e0a80ab1e44887dd6', '1981-11-21', 0, 0, '', '', '', 0, 0, 0, 0, 0, 0, 0, NULL, NULL, NULL, NULL, NULL, NULL),
(63, 'Renaud', 'Theuillon', 'rtheuillon@hotmail.com', 'bb7eb7e8334cba9eda28fd8633f221475ff6bea268ceb3162f7a44c20f36c11beb122ce114afb0c171a99918b5ed183f0e3255602519cab2830303843f962662', '1981-11-21', 0, 0, '', '', '', 0, 0, 0, 0, 0, 0, 0, NULL, NULL, NULL, NULL, NULL, NULL),
(64, 'Renaud', 'Theuillon', 'rtheuillon@hotmail.com', 'a9a1e7a21f48db1b7aec87c70d96f1a4f24c25a9bf2e58ef756102d458234f4d9c0feafa0212fac0f04b80b3a555ed47888e3ffe6224ca233bccfb6cf7c7ee63', '1981-11-21', 0, 0, '', '', '', 0, 0, 0, 0, 0, 0, 0, NULL, NULL, NULL, NULL, NULL, NULL),
(65, 'Renaud', 'Theuillon', 'rtheuillon@hotmail.com', '778b9a37b5bee97d14377fa80468507360bfb7327689cf0a8fcddba7e51cdf8193915489b43f3d24840d40de9f262001bfd2c3b0ec167d0665f32599ff83ee43', '1992-02-01', 0, 0, '', '', '', 0, 0, 0, 0, 0, 0, 0, NULL, NULL, NULL, NULL, NULL, NULL),
(66, 'Renaud', 'Theuillon', 'rtheuillon@hotmail.com', 'test', '1981-11-21', 0, 0, '', '', '', 0, 0, 0, 0, 0, 0, 0, NULL, NULL, NULL, NULL, NULL, NULL),
(67, 'Renaud', 'Theuillon', 'rtheuillon@hotmail.com', '78694eeb5a57eead2b89eb92d767fb09a70215df920df68af46af94d65dd44c1477d4817682871359682772310260c0fba194d0d1ec7a34afef3f989519fb0a0', '1981-11-22', 0, 0, '', '', '', 0, 0, 0, 0, 0, 0, 0, NULL, NULL, NULL, NULL, NULL, NULL),
(68, 'Renaud', 'Theuillon', 'rtheuillon@hotmail.com', 'test', '1981-11-21', 0, 0, '', '', '', 0, 0, 0, 0, 0, 0, 0, NULL, NULL, NULL, NULL, NULL, NULL),
(69, 'Renaud', 'Theuillon', 'rtheuillon@hotmail.com', 'test', '1981-11-21', 0, 0, '', '', '', 0, 0, 0, 0, 0, 0, 0, NULL, NULL, NULL, NULL, NULL, NULL),
(70, 'Renaud', 'Theuillon', 'rtheuillon@hotmail.com', '********', '1981-11-21', 0, 0, '', '', '', 0, 0, 0, 0, 0, 0, 0, NULL, NULL, NULL, NULL, NULL, NULL),
(71, 'Renaud', 'Theuillon', 'rtheuillon@hotmail.com', '********', '1981-11-21', 0, 0, '', '', '', 0, 0, 0, 0, 0, 0, 0, NULL, NULL, NULL, NULL, NULL, NULL),
(72, 'Renaud', 'Theuillon', 'rtheuillon@hotmail.com', '********', '1981-11-21', 0, 0, '', '', '', 0, 0, 0, 0, 0, 0, 0, NULL, NULL, NULL, NULL, NULL, NULL),
(73, 'Renaud', 'Theuillon', 'rtheuillon@hotmail.com', '3ebef96384e5d5a9be4051a5cfb546f6da730cd926390a8ca41d888a533386edceca2dcabd4b3302135a304bc9e7a73dc3825d740e1d669c8dbe6821dbdf2e55', '1981-11-21', 0, 0, '', '', '', 0, 0, 0, 0, 0, 0, 0, NULL, NULL, NULL, NULL, NULL, NULL),
(74, 'Renaud', 'Theuillon', 'rtheuillon@hotmail.com', '3fd2b973c25aaa3378f7f86b5aafd19d2aac267c0c480e2f4e4cec97764a370b2c9e67c71e1a7431baa48486c40f0fd9d397d80cd6a1b1354d4769f17eceb287', '1981-11-21', 0, 0, '', '', '', 0, 0, 0, 0, 0, 0, 0, NULL, NULL, NULL, NULL, NULL, NULL),
(75, 'Renaud', 'Theuillon', 'rtheuillon@hotmail.com', 'f605cff1a95cef3ffbcc9665367503bc7d363f1612166df5f518752d7cde6de70176dd34e6f9c9d01970f5760186103cab27fc8d4bf1569e7cae50dbfa5d2f6f', '1981-11-21', 0, 0, '', '', '', 0, 0, 0, 0, 0, 0, 0, NULL, NULL, NULL, NULL, NULL, NULL),
(76, 'Renaud2', 'Theuillon', 'rtheuillon@hotmail.com', 'ad1b2e50969a496470c67e634aa75560c4e26210e6992baeec6e36fd81164f3ef9a3d3f9d22d99260a288c01fa042a6cd3b60df362eed584f6221557409bf872', '1981-11-21', 0, 0, '', '', '', 0, 0, 0, 0, 0, 0, 0, NULL, NULL, NULL, NULL, NULL, NULL),
(77, 'Renaud3', 'Theuillon', 'rtheuillon@hotmail.com', '5cc39c06295c7e43cb707985d3f1bd729f8c6f849f4d01b649c56fb197230b7016677a1730f9da062e9a38c77b85ca6b5e0ec208a843ba099a6cb369bb91c1d3', '1981-11-21', 0, 0, '', '', '', 0, 0, 0, 0, 0, 0, 0, NULL, NULL, NULL, NULL, NULL, NULL),
(78, 'Renaud', 'Theuillon', '', 'password', '1991-02-02', 0, 0, '', '', '', 0, 0, 0, 0, 0, 0, 0, NULL, NULL, NULL, NULL, NULL, NULL),
(79, 'Re', 'Theuillon', 'rtheuillon@hotmail.com', '********', '1981-11-21', 0, 0, '', '', '', 0, 0, 0, 0, 0, 0, 0, NULL, NULL, NULL, NULL, NULL, NULL),
(80, 'Renaud', 'Theuillon', 'rtheuillon@hotmail.com', '1fad62a0aed05e179adb261f48da0f1009dfe100899911528f4d21ce3a1f3b321e71579e1e4fdbf7105132560a29cf0c33bc7dc247abb39976374bb558c1c26d', '1981-11-21', 0, 0, '', '', '', 0, 0, 0, 0, 0, 0, 0, NULL, NULL, NULL, NULL, NULL, NULL),
(81, 'Re', 'Theuillon', 'rtheuillon@hotmail.com', 'b5041995d00990fcfd501f5c998807988e884840b30c08ca096fdb11ec7ec6eb62a114bae953ea76b644864db1af0b793ba45c26ed539b97a525fdd36d84d88e', '1981-11-21', 0, 0, '', '', '', 0, 0, 0, 0, 0, 0, 0, NULL, NULL, NULL, NULL, NULL, NULL),
(82, 'Renaud2', 'Theuillon', 'rtheuillon@hotmail.com', '********', '1981-02-27', 0, 0, '', '', '', 0, 0, 0, 0, 0, 0, 0, NULL, NULL, NULL, NULL, NULL, NULL),
(83, 'Renaud2', 'Theuillon', 'rtheuillon@hotmail.com', 'a9ba5797cf507e1a80ea1e8ee073fe48521d07d1d02c45f010bb4d33a934dd0d485ff1fa82d39a18fbf94277c97cf665ecafc7bef4ba67460e79413ac6932449', '1981-02-27', 0, 0, '', '', '', 0, 0, 0, 0, 0, 0, 0, NULL, NULL, NULL, NULL, NULL, NULL),
(84, 'Renaud2', 'Theuillon', 'rtheuillon@hotmail.com', 'a32312702e8fc8f705e7d7a42a622e5b1144a6d558a4b37c3662b4d441c03c722ba2cae5fe28f181230d457f91ef6bf4664371f6bbae7cbe006e8e2ae65a8697', '1981-02-27', 0, 0, '', '', '', 0, 0, 0, 0, 0, 0, 0, NULL, NULL, NULL, NULL, NULL, NULL),
(85, 'Renaud', 'Theuillon', 'rtheuillon@hotmail.com', '5762ca20a850154613304dec56e3a8444e35182866b8c38241c4a9476fcb74f6bf5bef2273fb37b9a1d36ffbb307ba3ab8feeb676dc8c3b040041febd46ac17f', '1981-02-27', 0, 0, '', '', '', 0, 0, 0, 0, 0, 0, 0, NULL, NULL, NULL, NULL, NULL, NULL),
(86, 'Renaud', 'Theuillon', 'rtheuillon@hotmail.com', 'e235ae6d7c17f9f2611e1094eab954b70351302931fd7c33425baed6a63f72b3c681db8afb1dbd7e03cadad950847cec31a53d66de148ce303f308973fc54e81', '1981-02-27', 0, 0, '', '', '', 0, 0, 0, 0, 0, 0, 0, NULL, NULL, NULL, NULL, NULL, NULL),
(87, 'Renaud', 'Theuillon', 'rtheuillon@hotmail.com', 'e12d151b9b78e2e211a850b5b8e0bf362abe30eb0090967452577c740e8e75820c57a2c473aea2b3c266fa762087122d87b2baf530832024b107ff52d04721c2', '1981-02-27', 0, 0, '', '', '', 0, 0, 0, 0, 0, 0, 0, NULL, NULL, NULL, NULL, NULL, NULL),
(88, 'Renaud', 'Theuillon', 'rtheuillon@hotmail.com', 'ec9b857e91d306e8533b3208cd02ec676affe0ad46dc6daf10d42e4b94c022a1b888119dc9bcba628e23ecc6d48552a9be8702af748ee2ee8d1c278dc2ac05d9', '1981-02-27', 0, 0, '', '', '', 0, 0, 0, 0, 0, 0, 0, NULL, NULL, NULL, NULL, NULL, NULL),
(89, 'Renaud', 'Theuillon', 'rtheuillon@hotmail.com', 'd01ee49facff36007a3bf530dcb825551c91309d9ff905ac561a756a47f29d0133900882452a3307a1d7fc56f86d4da0ff72cfcd5708b7b798585efe161a1e45', '1981-02-27', 0, 0, '', '', '', 0, 0, 0, 0, 0, 0, 0, NULL, NULL, NULL, NULL, NULL, NULL),
(90, 'Renaud', 'Theuillon', 'rtheuillon@hotmail.com', 'd442f1b922b4e7cb9d1922d99ca04f3da586ef4d3d5f0445522ba16f841099251e86ea8144415bfc4e955b39a1d5c77fe8329f58b1b84da4e1e1ef5d4291fb26', '1981-02-27', 0, 0, '', '', '', 0, 0, 0, 0, 0, 0, 0, NULL, NULL, NULL, NULL, NULL, NULL),
(91, 'Renaud', 'Theuillon', 'rtheuillon@hotmail.com', '256021d2c88a88201c83d29a261c8c2bfd6f4e1b8ad9c6339ccfa0191589e2565643015f5fdd42e3f038adba44caa4822fee16702c3d108861f6a309457384e7', '1981-02-27', 0, 0, '', '', '', 0, 0, 0, 0, 0, 0, 0, NULL, NULL, NULL, NULL, NULL, NULL),
(92, 'Renaud', 'Theuillon', 'rtheuillon@hotmail.com', '7002766039656da22cd7eda4689a77c765682634e830c33a8a5f1987fad8262146c45205e4df5f883ed94d4738270fa6bcffca6501dc75d7b20033259d12bdc0', '1981-02-27', 0, 0, '', '', '', 0, 0, 0, 0, 0, 0, 0, NULL, NULL, NULL, NULL, NULL, NULL),
(93, 'Renaud', 'Theuillon', 'rtheuillon@hotmail.com', '9a58c2c11f10e0672b04c34579befdb7787bb03ffa1b31ed37d8b51c300c941314ab096c596faad6da597a95eae154bc2dba8e122200c0a4676e4405327cad53', '1981-02-27', 0, 0, '', '', '', 0, 0, 0, 0, 0, 0, 0, NULL, NULL, NULL, NULL, NULL, NULL),
(94, 'Renaud', 'Theuillon', 'rtheuillon@hotmail.com', '4e002c99093dd5b6062b35afc031ad42fc24f6c3cba66f54c5051fb80ae0416e0427909f43dbcd93bf5b76601d2bf5dadd86eec20ffb6ba9cef6bd3271a0d3db', '1981-02-27', 0, 0, '', '', '', 0, 0, 0, 0, 0, 0, 0, NULL, NULL, NULL, NULL, NULL, NULL),
(95, 'Renaud', 'Theuillon', 'rtheuillon@hotmail.com', '75077639f5a0e0463912dbf98cc6d834e2b5b010cd049c04aed9da5200dcc97775a9b7be413732dfdda4cc5813cc71c8e4dd2f311bb7a153bec2bb7bbf00de6c', '1981-02-27', 0, 0, '', '', '', 0, 0, 0, 0, 0, 0, 0, NULL, NULL, NULL, NULL, NULL, NULL),
(96, 'Renaud', 'Theuillon', 'rtheuillon@hotmail.com', 'b756bd57620014ee02b738280d28ec84358aade5ffde1bb20f3237cf5567cdd720407f534aabd11a57d92cd827a0235bc6d7a1b645aa1c13a9e1dff0f270f100', '1981-02-27', 0, 0, '', '', '', 0, 0, 0, 0, 0, 0, 0, NULL, NULL, NULL, NULL, NULL, NULL),
(97, 'Renaud', 'Theuillon', 'rtheuillon@hotmail.com', 'bdb1c8c2ac3228d9599c05d74f026fa194dbfffb50c3f13754600ff353f1281f3e8cfb42a4005d38465b2c83c6a9040ff073db9f73076f93e7646bb42e104b2d', '1981-02-27', 0, 0, '', '', '', 0, 0, 0, 0, 0, 0, 0, NULL, NULL, NULL, NULL, NULL, NULL),
(98, 'Renaud', 'Theuillon', 'rtheuillon@hotmail.com', 'dce497dd7be3bea2aa85be37821fd4a37c8cd9930bf6b0701d6b8f5e774c2db5b2ce9200de04fd290d8f76b79e98f683c9f78628056b9c68b84af2c61fb4b3cf', '1984-01-02', 0, 0, '', '', '', 1, 0, 0, 0, 0, 0, 0, NULL, NULL, NULL, NULL, NULL, NULL),
(99, 'Renaud', 'Theuillon', 'rtheuillon@hotmail.com', '8e23ae973aaff9a26b82589c35431d30e9e0b28bf6e41def01835566aabd04cb52d55740cdc4809906f3efebc9aef5cf98e73c4b9df4ef4a435f81d79a240495', '1981-02-27', 0, 0, '', '', '', 0, 0, 0, 0, 0, 0, 0, NULL, NULL, NULL, NULL, NULL, NULL),
(100, 'Renaud', 'Theuillon', 'rtheuillon@hotmail.com', '7b2649c220ae9e0c5e6e27af1453ef7cbe294a1e2645a281ae1f0153280ab2964fe4a44ff1e1728aba80e0d3c7ec173ced0bb3039ec05f73d01bd390fc58b64f', '1981-02-27', 0, 0, '', '', '', 0, 0, 0, 0, 0, 0, 0, NULL, NULL, NULL, NULL, NULL, NULL),
(101, 'Renaud', 'Theuillon', 'rtheuillon@hotmail.com', '17992ef617afd74dd75e60a29fc95d60a5af73b1b8f3d87b1e66a012ca8cc20556b44fae8c2b8ba92a26c4547339b97a2cd0e48a27eef983f60b840671de5eb0', '1981-02-27', 0, 0, '', '', '', 0, 0, 0, 0, 0, 0, 0, NULL, NULL, NULL, NULL, NULL, NULL),
(102, 'Renaud', 'Theuillon', 'rtheuillon@hotmail.com', '71920f5ebe36d623583bd5f071cf4aeaeb37b8c758fd7ad4a3ee4ebeefcadf7b76f2139606c66fc3c14145b2e8afe99b0edad36a432a68ef9aebeab38873f16b', '1981-02-27', 0, 0, '', '', '', 0, 0, 0, 0, 0, 0, 0, NULL, NULL, NULL, NULL, NULL, NULL),
(103, 'Renaud', 'Theuillon', 'rtheuillon@hotmail.com', 'e4f92dd64cf51540962e95a72b07c9a09e1c3ed0d27ad2fc0f3442a43445af292b5ec3165b5a2d35a6ee0c03a73682ddb9d3e90453825291aa30022c5fb004f9', '1981-02-27', 0, 0, '', '', '', 0, 0, 0, 0, 0, 0, 0, NULL, NULL, NULL, NULL, NULL, NULL),
(104, 'Renaud', 'Theuillon', 'rtheuillon@hotmail.com', 'b32713598636e3684e7ae1378e1d3b0f00544fb3c86b3375bf53c5cc435161c0d026d59d734cfae51c26cdaae6e379226ec16df2ab1cc281e8139fe5c1692876', '1981-02-27', 0, 0, '', '', '', 0, 0, 0, 0, 0, 0, 0, NULL, NULL, NULL, NULL, NULL, NULL),
(105, 'Renaud', 'Theuillon', 'rtheuillon@hotmail.com', '670890b79775487e5b380f903b8c189bc4d624c579cb0c7b64d9c6d15b88b5ffbba3aef44cde55d8318c273ef2b68662b4d1b840036b94e3b0417278df46143c', '1981-02-27', 0, 0, '', '', '', 1, 0, 0, 0, 0, 0, 0, NULL, NULL, NULL, NULL, NULL, NULL),
(106, 'Renaud', 'Theuillon', 'rtheuillon@hotmail.com', 'b45e4aeab483bc88d117f1c580ef89af62b155500459a69e264d46e101751e5d07f6e967235b3c18625376f6de12f859e707b31dee4491df9f43b1f08043fdee', '1981-02-27', 0, 0, '', '', '', 1, 3, 12, 0, 0, 0, 0, NULL, NULL, NULL, NULL, NULL, NULL),
(107, 'Renaud', 'Theuillon', 'rtheuillon@hotmail.com', 'a858064a2d8fe060c0f3857dde12047b0d93624df62bc06da02ddcad823670d79f5de4fe677f24199e64ec4d531b241cc7950f695ea4a8921eb79f5a3184470b', '1981-02-27', 0, 0, '', '', '', 0, 2, 2, 0, 0, 0, 0, NULL, NULL, NULL, NULL, NULL, NULL),
(108, 'Renaud', 'Theuillon', 'rtheuillon@hotmail.com', '8f233060e44421a040fddb3a77675e45080165148620e2bcb8930f1e5fef76d5b701271eee9cdf2da3101e0802e2c82aac23cdaf1985ddc21463e230b0910629', '1981-02-27', 0, 0, '', '', '', 0, 3, 2, 0, 0, 0, 0, NULL, NULL, NULL, NULL, NULL, NULL),
(109, 'Renaud', 'Theuillon', 'rtheuillon@hotmail.com', '92a94cd8b854bb9046ef12b35f913000e8458a462d6f1d6d03cc37ed1117faf06e1b100dc16cae4ee447b95836013a22e7eb60ca33c10df25f25491e56396fa4', '1981-02-27', 0, 0, '', '', '', 0, 0, 0, 0, 0, 0, 0, NULL, NULL, NULL, NULL, NULL, NULL),
(110, 'Renaud', 'Theuillon', 'rtheuillon@hotmail.com', 'c67acbad045ece72510fb40643b7baba7ecd1f7fd40dbedd98ae3159bf4c0ec86c403d8052260d81ed78380e7d8f9d1f13d34e6694ca83f13e88d26324858ea4', '1981-02-27', 0, 0, '', '', '', 0, 0, 0, 0, 0, 0, 0, NULL, NULL, NULL, NULL, NULL, NULL),
(111, 'Renaud', 'Theuillon', 'rtheuillon@hotmail.com', '9157e084247bea0481e652053fec4c55a95025838a99d521c13ed572bc2b262b1c09f97b5c120ef0cf072992530c1f47884d5cf78fae23765622b4e67358cbc7', '1981-02-27', 0, 0, '', '', '', 0, 0, 0, 0, 0, 0, 0, NULL, NULL, NULL, NULL, NULL, NULL),
(112, 'Renaud', 'Theuillon', 'rtheuillon@hotmail.com', '30df8b13188b6f4b4816519b44b2702976eda2c247f0f2fc2cefb3ce7c3f42f710bf3266c0480958751dd5794219da037cd8e869f6cf4030a5a225f77b2121c9', '1981-02-27', 0, 0, '', '', '', 0, 0, 0, 0, 0, 0, 0, NULL, NULL, NULL, NULL, NULL, NULL),
(113, 'Renaud', 'Theuillon', 'rtheuillon@hotmail.com', '585e65764b78f6735a2ead65288293766a87f5992c4d0499e3aee5a6a29ecc30f860abf0dcd38a39d408974e061d3f6658f1fd793cc3bb629a458fabb0989cd5', '1981-02-27', 0, 0, '', '', '', 0, 0, 0, 0, 0, 0, 0, NULL, NULL, NULL, NULL, NULL, NULL),
(114, 'Renaud', 'Theuillon', 'rtheuillon@hotmail.com', 'feb45e86623fc185eeefff81201946993b438c33596338cca9f5d15361640d572f44ad612d6df6be14292b888cca1f3a3c634dd17336e5c1a74f944d5bf808a4', '1981-02-27', 0, 0, '', '', '', 0, 0, 0, 0, 0, 0, 0, NULL, NULL, NULL, NULL, NULL, NULL),
(115, 'Renaud', 'Theuillon', 'rtheuillon@hotmail.com', 'b3c74fb2eb4abb827dc0ce0def0b393c169c8d5c2476c8822236d8eca3954dcbbd2e8b11707e16811fceb79730d492e5a0edbd1058aa16d62964df847bc99804', '1981-02-27', 0, 0, '', '', '', 0, 0, 0, 0, 0, 0, 0, NULL, NULL, NULL, NULL, NULL, NULL),
(116, 'Renaud', 'Theuillon', 'rtheuillon@hotmail.com', 'cce2597506aa0c10eb39f8c6afc4977f159725b42ef77f16ba49130954699aacbea4e8251ee66b25df1c0d0ef026fa80787feeea5f567123f650bf5635359b64', '1981-02-27', 0, 0, '', '', '', 0, 0, 0, 0, 0, 0, 0, NULL, NULL, NULL, NULL, NULL, NULL),
(117, 'Renaud', 'Theuillon', 'rtheuillon@hotmail.com', '3eabd4ccdd34f07e7bdceebebe458b151a365a0137fb0e222b333902a1efb0902e9299be577a55fca5bd48f230a2ebb00cee5bfff4f5f54c9466efb38220e146', '1981-02-27', 0, 0, '', '', '', 0, 0, 0, 0, 0, 0, 0, NULL, NULL, NULL, NULL, NULL, NULL),
(118, 'Renaud', 'Theuillon', 'rtheuillon@hotmail.com', '50c16968c375e38e45ff7da11254cdc3f7295ad49e3adfcd91a13698d1ed827d73da337b54c248ef794bc38ae7bbef7fee7361c44a1017c811515fe1d6d2a5f7', '1981-02-27', 0, 0, '', '', '', 0, 0, 0, 0, 0, 0, 0, NULL, NULL, NULL, NULL, NULL, NULL),
(119, 'Renaud', 'Theuillon', 'rtheuillon@hotmail.com', '726007482a8f0457f31c0aae052c3867b56fef0867659474386a0a1873530f48d78e38cd8b869d988cf52eea25610542743a149293cc6f1cde6d76b3725f81e0', '1981-02-27', 0, 0, '', '', '', 0, 0, 0, 0, 0, 0, 0, NULL, NULL, NULL, NULL, NULL, NULL),
(120, 'Renaud', 'Theuillon', 'rtheuillon@hotmail.com', '03bc1922a5fd5e043f2e4462d786af8710b73c6f20ed505fd512ca2a3ed8a1f98d2b00fc9e89c01404c1de844c64a2f8e7d1b68ef05b2025686d9c51607913dc', '1981-02-27', 0, 0, '', '', '', 0, 0, 0, 0, 0, 0, 0, NULL, NULL, NULL, NULL, NULL, NULL),
(121, 'Renaud', 'Theuillon', 'rtheuillon@hotmail.com', '1b597754c7cf1065cb0658a420d34e9592655fd41e52a21fc6e9c95c8c55c2bfd29bcd6d86865c96eebc34834aca8500152e3b77fa3fcdecb41c5c67652a7541', '1981-02-27', 0, 0, '', '', '', 0, 0, 0, 0, 0, 0, 0, NULL, NULL, NULL, NULL, NULL, NULL),
(122, 'Renaud', 'Theuillon', 'rtheuillon@hotmail.com', '7536ee548daca2c35959ae22d24c9726489f0ba5cc1f8b4008eaffbed6029e71b1ae9eb5a2c347294e81a0c73c0dd01cd53de01107508c7b495d545b9ec7414e', '1981-02-27', 0, 0, '', '', '', 0, 0, 0, 0, 0, 0, 0, NULL, NULL, NULL, NULL, NULL, NULL),
(123, 'Renaud', 'Theuillon', 'rtheuillon@hotmail.com', 'f1b69af5f95c889a1ceed38a084e296146f46c52552011da7316ec9cad9f1c0b32610ffb289832ecbe2e54cc8e657ed9da713a34be3e85bbbda8a757925b977a', '1981-02-27', 0, 0, '', '', '', 0, 0, 0, 0, 0, 0, 0, NULL, NULL, NULL, NULL, NULL, NULL),
(124, 'Renaud', 'Theuillon', 'rtheuillon@hotmail.com', 'eb0e2f1e5888d113b9f586e988a7f99a34ca9afc45e68d86f6366cc84fd17b8af7a4fe9bd71e8a313a316d79fc6777e057ae73caf65c95f83e7aa1aa90bee265', '1981-02-27', 0, 0, '', '', '', 0, 0, 0, 0, 0, 0, 0, NULL, NULL, NULL, NULL, NULL, NULL),
(125, 'Renaud2', 'Theuillon', 'rtheuillon@hotmail.com', '12e3cd03ed95d99a35817c6172af2a35c5a37cf1218cdb3ca0098c3a42ea36e2409694b22db746c86d4ace4bcd31faebf33f9c05e345127a26c06d51928712c1', '1981-02-27', 0, 0, '', '', '', 0, 0, 0, 0, 0, 0, 0, NULL, NULL, NULL, NULL, NULL, NULL),
(126, 'Renaud', 'Theuillon', 'rtheuillon@hotmail.com', '44066b5677ad9d015a8cb31c733737eb2db80607b7e1eb83565b1dd7ef610ba21c8772196d5669eee3e76a039c557add0b9ac64fd11a8c93ccf7646c3d9fcf68', '1981-02-27', 0, 0, '', '', '', 0, 0, 0, 0, 0, 0, 0, NULL, NULL, NULL, NULL, NULL, NULL),
(127, 'Renaud', 'Theuillon', 'rtheuillon@hotmail.com', 'cd0da4c1aa3f95c01a5b626e6c3f00b5ebe58c9e108f80eac06b8f5f0eabd7d06e47ce7e04d1eb6eee1dd08ae1560940f87625589e49c04426c8305f6427e481', '1981-02-27', 0, 0, '', '', '', 0, 0, 0, 0, 0, 0, 0, NULL, NULL, NULL, NULL, NULL, NULL),
(128, 'Renaud', 'Theuillon', 'rtheuillon@hotmail.com', '3221885758c19857e1e59b991277382b6821938b55de869cdc316fae836fc3091de57a52f5d5a1bc3395f9e91e0d227051b9132805495d491503b372530a0e69', '1981-02-27', 0, 0, '', '', '', 0, 0, 0, 0, 0, 0, 0, NULL, NULL, NULL, NULL, NULL, NULL),
(129, 'Renaud', 'Theuillon', 'rtheuillon@hotmail.com', '76b71f9a8e497d73727397669b55e04a0a0bf4405bff2ba824b29a2bd682c090cdaeb780174662cb90fc55a903602a99ac106911b8a3d976d7eeaec2d70ef17a', '1981-02-27', 0, 0, '', '', '', 0, 0, 0, 0, 0, 0, 0, NULL, NULL, NULL, NULL, NULL, NULL),
(130, 'Renaud', 'Theuillon', 'rtheuillon@hotmail.com', '8122c119bce329a917697b17ad1dbf9178405ced4bbb6891c0c2bca6041c6e324a851d50b6d74aef6ddcc7ab4e7be25353f46e633a4163b351d437babcf1a917', '1981-02-27', 0, 0, '', '', '', 0, 0, 0, 0, 0, 0, 0, NULL, NULL, NULL, NULL, NULL, NULL),
(131, 'Renaud', 'Theuillon', 'rtheuillon@hotmail.com', '58e68fef989a01469d9ef0a9e6a292c6cc00950fe3c09f38293a6615312e040ffdd3a472e73526d6681747fe2f50b0a5d6bac36734baa2cdb90be8578aafa553', '1981-02-27', 0, 0, '', '', '', 0, 0, 0, 0, 0, 0, 0, NULL, NULL, NULL, NULL, NULL, NULL),
(132, 'Renaud', 'Theuillon', 'rtheuillon@hotmail.com', '259b638909532364454ef114efbb19b5e8328decd1ace304bc33aa6c23356d831e4e648beb2f5e50dae7d5d937bbc6702f412253674708b3de0a3b70782830cd', '1981-02-27', 0, 0, '', '', '', 0, 0, 0, 0, 0, 0, 0, NULL, NULL, NULL, NULL, NULL, NULL),
(133, 'Renaud', 'Theuillon', 'rtheuillon@hotmail.com', 'b2606e105bd2259201c11982ebe79c56b1b68d4b921b3e7c163a15d443ee7b67a8844f6a051768fa1e122ece928f366bbf30c5d51e6b1bb319a5376cb9118d33', '1981-02-27', 0, 0, '', '', '', 0, 0, 0, 0, 0, 0, 0, NULL, NULL, NULL, NULL, NULL, NULL),
(134, 'Renaud', 'Theuillon', 'rtheuillon@hotmail.com', '5833714d54d1d0087c30d9c14254d0a49c4775ff8403631df49e8aa17c08f0a7d18cec2a5f51aed19a53b7a3ddcf7c957c777bad7dfef50c0ecad0eb9d14dbb7', '1981-02-27', 0, 0, '', '', '', 0, 0, 0, 0, 0, 0, 0, NULL, NULL, NULL, NULL, NULL, NULL),
(135, 'Renaud', 'Theuillon', 'rtheuillon@hotmail.com', '09ae469cc014b2d07c03d9687aafcfd34bcbf5ad569cf2a7b12c831718490667ab72994eefcb5af573c3b25bde616147136a7b9fdbc3c9a8b8484d3596b5b580', '1981-02-27', 0, 0, '', '', '', 0, 0, 0, 0, 0, 0, 0, NULL, NULL, NULL, NULL, NULL, NULL),
(136, 'Renaud', 'Theuillon', 'rtheuillon@hotmail.com', 'b418889507bb8d8f5fb010d19e2bcc873503bcebe5c5ba8668c088f0c0cc90ac96a34513d3f24c60b35197c89f0b9a446928ac8d399f957363c30f081662500a', '1981-02-27', 0, 0, '', '', '', 0, 0, 0, 0, 0, 0, 0, NULL, NULL, NULL, NULL, NULL, NULL),
(137, 'Renaud', 'Theuillon', 'rtheuillon@hotmail.com', 'ec3309c87d1b2371470906e48f46c29a88ddd7389ea6e98b4c266e0ca0f2a35cf4da24f4b561daa248ec6df69015bfb9a9dcfe67bc1470df24a13cee1a157fb1', '1981-02-27', 0, 0, '', '', '', 1, 0, 0, 0, 0, 0, 0, NULL, NULL, NULL, NULL, NULL, NULL),
(138, 'Renaud', 'Theuillon', 'rtheuillon@hotmail.com', 'a53280e0bbcbc09b30b7d6219d90d044436152afd05c402c1b4bef697b00b0a68ceca5a39ad2a7866ebbefc5ff8e32c5d25c22cf7e072eb07461a8f1445ddc22', '1981-02-27', 0, 0, '', '', '', 0, 0, 0, 0, 0, 0, 0, NULL, NULL, NULL, NULL, NULL, NULL),
(139, 'Renaud', 'Theuillon', 'rtheuillon@hotmail.com', 'd53df0ca7bad05b3d1ad3647745395558ba238814b48ca8af4d770a20fffc710b1de9ca86ee4367b16b331c3d7cb556e5c3291bb8127813a53d5a80850830189', '1981-02-27', 0, 0, '', '', '', 0, 0, 0, 0, 0, 0, 0, NULL, NULL, NULL, NULL, NULL, NULL),
(140, 'Renaud', 'Theuillon', 'rtheuillon@hotmail.com', '4bb51bb3c05c5316cda7b549b21ee484ea69329ebae711deb81db9488499619ac1e5e486a39470a366e80fc55c8abbf1df6f227f8ab5577b14dd89b53a17d909', '1981-02-27', 0, 0, '', '', '', 0, 0, 0, 0, 0, 0, 0, NULL, NULL, NULL, NULL, NULL, NULL),
(141, 'Renaud', 'Theuillon', 'rtheuillon@hotmail.com', '78f421a943eeff8f509e4527720ffab9857916f1ce1cf925640ff59d559c4a844e1452daa915ce0c6f9eba7f529a31faaf2b70a6356dbe6df72062a9059a65ce', '1981-02-27', 0, 0, '', '', '', 1, 0, 0, 0, 0, 0, 0, NULL, NULL, NULL, NULL, NULL, NULL),
(142, 'Renaud', 'Theuillon', 'rtheuillon@hotmail.com', '5d84e3d938f61e4cf639d4015c65309d6c083d2d85c516fec1817d1b6688ef3c2332b94875161883a0690a04ad90e12b5a3f2d1a25d9aa447b1b70ad77bd78b1', '1981-02-27', 0, 0, '', '', '', 0, 0, 0, 0, 0, 0, 0, NULL, NULL, NULL, NULL, NULL, NULL),
(143, 'Renaud', 'Theuillon', 'rtheuillon@hotmail.com', 'c987adf2cce9022a7967042b6be9d704a0f4e1a38a652d7776c2146aa35f36f4d300ba2c436ce4e7f3fc54451c15ad88c0fd2858cdb82dd6d35656cfed3be5f3', '1981-02-27', 0, 0, '', '', '', 0, 0, 0, 0, 0, 0, 0, NULL, NULL, NULL, NULL, NULL, NULL),
(144, 'Renaud', 'Theuillon', 'rtheuillon@hotmail.com', '129875c6c3d5a1826c5508a75f9d9b8e80155123910ed22a22a941b8449b091365cc8a86ffefd04c8dd1f0a846e19c6d73721c3ed5315862b43072c09252c594', '1981-02-27', 0, 0, '', '', '', 0, 0, 0, 0, 0, 0, 0, NULL, NULL, NULL, NULL, NULL, NULL),
(145, 'Renaud', 'Theuillon', 'rtheuillon@hotmail.com', '44838b4e6be716fc35334510321ea06724b61660cbb5a5a63ab863c139549de47e291140df1dbed7305f2e10f1600521fce94c8eee6da160da87ace4273f9885', '1981-02-27', 0, 0, '', '', '', 1, 0, 0, 0, 0, 0, 0, 'test', NULL, NULL, NULL, NULL, NULL),
(146, 'Renaud', 'Theuillon', 'rtheuillon@hotmail.com', '129be580ab55012c4bcc6c73d2b26064cab4e6cff9682552ced27e7aaffc3028a36d3acda5adb8a2979c83309370a24dc5d089c928c9951eb38af360457948dd', '1981-02-27', 0, 0, '', '', '', 0, 0, 0, 0, 0, 0, 0, NULL, NULL, NULL, NULL, NULL, NULL),
(147, 'Renaud', 'Theuillon', 'rtheuillon@hotmail.com', 'f0338405873fb546bc0f9370a519a66d8d633446f5f88777ee1227f97bb817ab414787aaa7869e6007824b6b00ddce5574ebe8b3e26ff2dbe2e526f7dd15f825', '1987-02-04', 0, 0, '', '', '', 0, 0, 2, 0, 0, 0, 0, 'je kiffe les vieux', NULL, NULL, NULL, NULL, NULL),
(148, 'Renaud', 'Theuillon', 'rtheuillon@hotmail.com', 'b16566ccc3ec8f1ec7bda71776fa5962fe0125a093c0268f89692052d4f2b848be96ff2de5f941a871b59386bfccfc173cd85e3804558a3ef2ce5d13ad0b64bd', '1981-02-07', 0, 0, '', '', '', 1, 30, 0, 0, 0, 0, 0, '', NULL, NULL, NULL, NULL, NULL),
(149, 'Renaud', 'Theuillon', 'rtheuillon@hotmail.com', '20127ac1b26691311c695ac0aec60b018586ea93c2408ddb468dbbe488fe518af4d1e8aeb940fe08301480182ab8f53ca2c34854b7f0ebcc1900d68a56045d68', '1981-02-27', 0, 0, '', '', '', 1, 3, 2, 0, 0, 1, 1, 'test', NULL, NULL, NULL, NULL, NULL),
(150, 'Renaud', 'Theuillon', 'rtheuillon@hotmail.com', '125d067522326fc25b08dc0619acc8478a8e5cb2fd4d30face9ee9c2e422282f344ff3ccd1bb597e11dd8b550c3c437e70c5939db9508ce83e9147d76309b08b', '1981-02-27', 0, 0, '', '', '', 0, 0, 0, 0, 0, 0, 0, NULL, NULL, NULL, NULL, NULL, NULL),
(151, 'Renaud', 'Theuillon', 'rtheuillon@hotmail.com', '2e61248ddf00f96e05c3d50277af38369ef6af970105ff5f1d709ccd6e91aff438665d2dad346a0591f181cde5d326957e0eed358bf183b9eef49449fcee22d1', '1981-02-27', 0, 0, '', '', '', 0, 0, 0, 0, 0, 0, 0, '', NULL, NULL, NULL, NULL, NULL),
(152, 'Renaud', 'Theuillon', 'rtheuillon@hotmail.com', '17e6eec49c5b07615c91059118d19bd0cf195c36ea284578004981ff6766859567a6bb5918c0f3e70674dbdf9821792fa80ac5177c539b9b074e94f2caea6ff2', '1981-02-27', 0, 0, '', '', '', 0, 0, 0, 0, 0, 0, 0, NULL, NULL, NULL, NULL, NULL, NULL),
(153, 'Renaud', 'Theuillon', 'rtheuillon@hotmail.com', '0a8377dbf761d0afd8ae0c884bf1686eb17331aeb598430d7499555d35c723fee04ae3811361bfcd1dd14fe205961340e4eaf96b4d5c8686df4d910384bf8805', '1981-02-27', 0, 0, '', '', '', 0, 0, 0, 0, 0, 0, 0, NULL, NULL, NULL, NULL, NULL, NULL),
(154, 'Renaud', 'Theuillon', 'rtheuillon@hotmail.com', 'bc726ba0ca69111b06aa2ecfd86535b66179eacaa94383a2f257a059c4f18182147100292a9fc9915b7210e2e347fb5c1c76b903a40ef2c7b19afa957747d958', '1981-02-27', 0, 0, '', '', '', 0, 0, 0, 0, 0, 0, 0, '', NULL, NULL, NULL, NULL, NULL),
(155, 'Renaud', 'Theuillon', 'rtheuillon@hotmail.com', 'f320d09cd808f987f7789c4690d924e1d5895157405691ef79f6ad315f72c3bcc6f20bdd3ce562408aa9d86db1d2a2f1bd8cb89db13e4f30f6edc23cc710661f', '1981-02-27', 0, 0, '', '', '', 0, 0, 0, 0, 0, 0, 0, '', NULL, NULL, NULL, NULL, NULL),
(156, 'Renaud', 'Theuillon', 'rtheuillon@hotmail.com', 'bbf5681424eba873643fdfab60c7086ddd2f3590d8225230eda433febc6f56fed647138357dd19e0edc83a058425f5f331419e21ce65c0bc1e67a533add665a9', '1981-02-27', 0, 0, '', '', '', 0, 0, 0, 0, 0, 0, 0, '', NULL, NULL, NULL, NULL, NULL),
(157, 'Renaud', 'Theuillon', 'rtheuillon@hotmail.com', '1330b9076092954403dde168f6989adbc52368aff8477468b66a92dcf98ce1a12df2258a6d24f0113f3db9f2db479164798273330f9ac4700b86c7283d953723', '1981-02-27', 0, 0, '', '', '', 0, 0, 0, 0, 0, 0, 0, NULL, NULL, NULL, NULL, NULL, NULL),
(158, 'Renaud', 'Theuillon', 'rtheuillon@hotmail.com', 'cfc4e74da3f4df3014ce7d0e97c5ca9900424435aaf1108dc59143f02ff7f0ee5b1c8045f4d3f233f99152dd1f1851bd3c4b4ea8b613f517e87c96a79d824dd0', '1981-02-27', 0, 0, '', '', '', 0, 0, 0, 0, 0, 0, 0, '', NULL, NULL, NULL, NULL, NULL),
(159, 'Renaud', 'Theuillon', 'rtheuillon@hotmail.com', 'fbafd8152010029279cb12739147d49f0cf393d23ec4571b4f2d19b5238c6c5d68bebcc7e17d80ef56333fe5d5186dd33ce117249d1a2125bf777715199dac90', '1981-02-27', 0, 0, '', '', '', 0, 0, 0, 0, 0, 0, 0, NULL, NULL, NULL, NULL, NULL, NULL),
(160, 'Renaud', 'Theuillon', 'rtheuillon@hotmail.com', '8d323cf83385f539ea827b25f0a6569fc568dfd9c3a6733bb0ed1f98d8cf9c20f82cdd3d835153a49fe556ae1132d6e1eafaaf846aa25a03c74ebc71edc54961', '1981-02-27', 0, 0, '', '', '', 0, 0, 0, 0, 0, 0, 0, NULL, NULL, NULL, NULL, NULL, NULL),
(161, 'Renaud', 'Theuillon', 'rtheuillon@hotmail.com', '842053819ccef35e23a01f9d75c0053adca01fd80f3c66d0cf23261e714632ebbc149d0546e7fe6b15b336a99ea6805a280e04aba5c950d78dc183a5159673f1', '1981-02-27', 0, 0, '', '', '', 1, 0, 0, 0, 0, 0, 0, 'kjjjj', NULL, NULL, NULL, NULL, NULL),
(162, 'Renaud', 'Theuillon', 'rtheuillon@hotmail.com', 'd49a5253dd553a818e86cdb0b097b69a660dc66a7a640f145ef46ddb05ccebec6c91dd3bff3dd438587f22817faf3e0429b927c6b6864076d5293b4f7cb750f3', '1981-02-27', 0, 0, '', '', '', 0, 0, 0, 0, 0, 0, 0, NULL, NULL, NULL, NULL, NULL, NULL),
(163, 'Renaud', 'Theuillon', 'rtheuillon@hotmail.com', '1aa0133eb67c7d12f7bbdbef4b899627277d95c30426cca43ed955e79516e347010652bfc87156fcb893cd34f9fd877c003e4bfab5c8fc111dde017857389315', '1981-02-27', 0, 0, '', '', '', 0, 0, 0, 0, 0, 0, 0, NULL, NULL, NULL, NULL, NULL, NULL),
(164, 'Renaud', 'Theuillon', 'rtheuillon@hotmail.com', '88066f195776d3edf39643db978be2cd100505786d25d11876f20dfdc7d7b9792e153c5906889c6e2b5c00ace59d802e778e45fa442c4cdb07be23763e8e5948', '1981-02-27', 0, 0, '', '', '', 0, 0, 0, 0, 0, 0, 0, NULL, NULL, NULL, NULL, NULL, NULL),
(165, 'Renaud', 'Theuillon', 'rtheuillon@hotmail.com', 'f28e7d430b76d51bfab23fa1cebefb4372864600d89dc0a0cb9ecc6dd7b51bcbb205bb12463ce57325a383ae3c7fad4ec007bb1c432d433f708690aaba11bafa', '1981-02-27', 0, 0, '', '', '', 0, 0, 0, 0, 0, 0, 0, NULL, NULL, NULL, NULL, NULL, NULL),
(166, 'Renaud', 'Theuillon', 'rtheuillon@hotmail.com', 'ee5abdee853898f34f5ad8ea33e65d99b0adfda6a8f02877881d84a2879ee0da00f35c56092ab9ad5ef9c569fb50908bf42ca295fa547ec0f07daadfeae02497', '1981-02-27', 0, 0, '', '', '', 0, 0, 0, 0, 0, 0, 0, NULL, NULL, NULL, NULL, NULL, NULL),
(167, 'Renaud', 'Theuillon', 'rtheuillon@hotmail.com', '869927229ec2a1561cb010491fdf6220893d05ab80ac336532fe45e6727e76e0ab06483ea44a833c7a2778f3c9038648e0e28465c1cf00ec7b8e433bfd8a3231', '1981-02-27', 0, 0, '', '', '', 0, 0, 0, 0, 0, 0, 0, NULL, NULL, NULL, NULL, NULL, NULL),
(168, 'Renaud', 'Theuillon', 'rtheuillon@hotmail.com', '265336c7353c454dca5c398a6f8f0ba7a7b86343f668e2dddbc73b18798d8cb5e7cbef1e44c1193b0a7f0dd45ce85919f7f373c42fc167cb89aa704acb277026', '1981-02-27', 0, 0, '', '', '', 0, 0, 0, 0, 0, 0, 0, NULL, NULL, NULL, NULL, NULL, NULL),
(169, 'Renaud', 'Theuillon', 'rtheuillon@hotmail.com', 'dd257c6680ef73e89920c591793914c77882f75e2496ded66ac7a43cfaf55c493d38d68cd8ba3d8d69daba11b3c14e58be24d47121a6f0dfd58be1725c1d8c92', '1981-02-27', 0, 0, '', '', '', 0, 0, 0, 0, 0, 0, 0, NULL, NULL, NULL, NULL, NULL, NULL),
(170, 'Renaud', 'Theuillon', 'rtheuillon@hotmail.com', '89efaaaf9412c46f436f9004292563e94205d71d3b7818a3f302b3825888fee8e548ed30842cb5c5f5b486d3eec595a3010fb38575be36ddf7f61c083c124ec8', '1981-02-27', 0, 0, '', '', '', 0, 0, 0, 0, 0, 0, 0, NULL, NULL, NULL, NULL, NULL, NULL),
(171, 'Renaud', 'Theuillon', 'rtheuillon@hotmail.com', '3bed5ed23b5b4a5b655c180dbfc45f60eb67e0222458468972d953f8b719706c26d28b76fc56f32de7c703c021fc6fded5a6b249a236ed5ee6eb145f54bfec1b', '1981-02-27', 0, 0, '', '', '', 0, 0, 0, 0, 0, 0, 0, NULL, NULL, NULL, NULL, NULL, NULL),
(172, 'Renaud', 'Theuillon', 'rtheuillon@hotmail.com', '79e71e69f8541e2e63269b27e2a7ca8516ee02b44f30f46275ed90197dfa4d3b112b98bff6ab359a33e93ec653d28e2c4328e834c6401ca47923812b3fd6298e', '1981-02-27', 0, 0, '', '', '', 0, 0, 0, 0, 0, 0, 0, NULL, NULL, NULL, NULL, NULL, NULL),
(173, 'Renaud', 'Theuillon', 'rtheuillon@hotmail.com', '3e5af082564cf83eb26151fd2d6c7b39e40b04b990456c1ff8376cce120ba0d174beff4c1702f9b99b95fd5042ae13c3952af1ee88416bc1fea74565332fa4fc', '1981-02-27', 0, 0, '', '', '', 0, 0, 0, 0, 0, 0, 0, NULL, NULL, NULL, NULL, NULL, NULL),
(174, 'Renaud', 'Theuillon', 'rtheuillon@hotmail.com', '9a79948f0f48679735abb4401eb7b53f0bfcdcf1892779fbc36a73967ed15e7ddfc36285879d2f829ba3f8d8619f38edb49c567acbfef18de93620f10a1f1036', '1981-02-27', 0, 0, '', '', '', 0, 0, 0, 0, 0, 0, 0, NULL, NULL, NULL, NULL, NULL, NULL),
(175, 'Renaud', 'Theuillon', 'rtheuillon@hotmail.com', 'e2f38671f0a133bd9efc812b941e822cdad409c86b5e31e05d527469f85570f3ba33c53ba3938114f71091dcfca277df24924a53224cb801259855a7630d6526', '1981-02-27', 0, 0, '', '', '', 0, 0, 0, 0, 0, 0, 0, NULL, NULL, NULL, NULL, NULL, NULL),
(176, 'Renaud', 'Theuillon', 'rtheuillon@hotmail.com', '746e102b62ef48e1c8316d356a0e5b9c5796792f070bd0c293f5e77acaaa97deecd86d5ed11868a5a4c5088569a453ba4a1953a0192e6770c5c90f14d87991e9', '1981-02-27', 0, 0, '', '', '', 0, 0, 0, 0, 0, 0, 0, NULL, NULL, NULL, NULL, NULL, NULL),
(177, 'Renaud', 'Theuillon', 'rtheuillon@hotmail.com', 'cc02bc894d97078d5fab4670491aa9a77b45f295419ef32ba5a9843a51242b1a918bfb9cd8227a7fe3d48a83ec1c3644c87149b03501e23170f64a04c8d0bcfd', '1981-02-27', 0, 0, '', '', '', 0, 0, 0, 0, 0, 0, 0, NULL, NULL, NULL, NULL, NULL, NULL),
(178, 'Renaud', 'Theuillon', 'rtheuillon@hotmail.com', '68ff4f4690a38141d81ba335bc4b402382e20cfab05a49395245cd4e51ac5b5a67f43aea6d03a6f53d91f71f55e1939398ab9689853af16b6ef5958be0912320', '1981-02-27', 0, 0, '', '', '', 0, 0, 0, 0, 0, 0, 0, NULL, NULL, NULL, NULL, NULL, NULL),
(179, 'Renaud', 'Theuillon', 'rtheuillon@hotmail.com', '1b7c3b58f3b1169caa2b43afbd9d964459bc08877797f8eeb1f1e0fc16d9e509565ef784c77d38d57253b680207eb080e9b5ee49f8bf54603f927bd517137c4d', '1981-02-27', 0, 0, '', '', '', 0, 0, 0, 0, 0, 0, 0, NULL, NULL, NULL, NULL, NULL, NULL),
(180, 'Renaud', 'Theuillon', 'rtheuillon@hotmail.com', '747c4125089eb503444f9c34e0b23258c852c2a08cec1f098a28968d445856413e57108eff75bd3a0bf74b88906f03fc9a40b721c7a673bbc4a1e078760b74ec', '1981-02-27', 0, 0, '', '', '', 0, 0, 0, 0, 0, 0, 0, NULL, NULL, NULL, NULL, NULL, NULL),
(181, 'Renaud', 'Theuillon', 'rtheuillon@hotmail.com', 'e0ef883f991c1c254c92d2e29f1e5ba194219bd37aca5cc35c3842c821f3ff94b61a71379a44111e65c2182a7824464c5e31e7904095fd9ff2df6c08ed76d0d2', '1981-02-27', 0, 0, '', '', '', 0, 0, 0, 0, 0, 0, 0, NULL, NULL, NULL, NULL, NULL, NULL),
(182, 'Renaud', 'Theuillon', 'rtheuillon@hotmail.com', '166ff21ddf08b5d92562f26c3de3f7c77c8aeec2b45643ec604212608b7024ce6d5bebcb9929759a36de1f340ed5e43b7a8b9c6d2b1c86ead1910c1b92611c52', '1981-02-27', 0, 0, '', '', '', 0, 0, 0, 0, 0, 0, 0, NULL, NULL, NULL, NULL, NULL, NULL),
(183, 'Renaud', 'Theuillon', 'rtheuillon@hotmail.com', 'bd488e1a4c5bfc455d3da3b1d53f764f8f43492de4879a7b9834ffe4fafb510a1bbd64a7bcdefb09e1dbf0e433061dd26683773eebf6f6b29815308e08b2d446', '1981-02-27', 0, 0, '', '', '', 0, 0, 0, 0, 0, 1, 1, '', NULL, NULL, NULL, NULL, NULL),
(184, 'Renaud2', 'Theuillon', 'rtheuillon@hotmail.com', '13de5bf38eccd7c4e24085a85cdb95d359e913942323cc61f6fce73963859d3c021fd21e4238cd955d0f2fb99bd18032f49586583d4de94a4aa130b783322b91', '1981-02-27', 0, 0, '', '', '', 0, 0, 0, 0, 0, 0, 0, NULL, NULL, NULL, NULL, NULL, NULL),
(185, 'Renaud3', 'Theuillon', 'rtheuillon@hotmail.com', '8a5ea01ce7a0c8da35c4a0a2012d25a6b7d95e4693135148d26b21219745aeec36f3f6bf5f6a2c0a32dee06ad6fd81fb22854d77ab04e0ad7ec3d5e4eb051c67', '1981-02-27', 0, 0, '', '', '', 0, 0, 0, 0, 0, 1, 1, '', NULL, NULL, NULL, NULL, NULL),
(186, 'Renaud2', 'Theuillon', 'rtheuillon@hotmail.com', 'e20108a9ee0dcf41e771bcf0fb8a281e7f59b10b62e5a170fba864c61181cd3364faeffeeb55ab3b9e85a89b4bc3af2efb987ad10b90b46d0a10a4df9f60333e', '1981-02-22', 0, 0, '', '', '', 0, 0, 0, 1, 1, 1, 1, 'Test', NULL, NULL, NULL, NULL, NULL),
(187, 'Renaud', 'Theuillon', 'rtheuillon@hotmail.com', 'b12b7f5fe671e812fc1adf797d1c329c044d55e75cd603de669bce702822d521338b19f7cee2f3ff6abedef38fd1c3bf880d48d195b0b983a9130410d76d1c00', '1981-02-27', 0, 0, '', '', '', 0, 0, 0, 1, 0, 0, 0, '', NULL, NULL, NULL, NULL, NULL),
(188, 'Renaud', 'Theuillon', 'rtheuillon@hotmail.com', '9689590adcb1bfef7a4c50af9acba01090c7b3c69dfcb1250df8b850f53c79a39d0b8326af4c8117ea28fffccdb8f131cafc6e50edfb68b2b84306e352f9944e', '1981-02-27', 0, 0, '', '', '', 0, 0, 0, 0, 0, 0, 0, '', NULL, NULL, NULL, NULL, NULL),
(189, 'Renaud', 'Theuillon', 'rtheuillon@hotmail.com', '74fcaf0048d7e5c6ed0395db766992287ceccb78aaa6ba5eda62440b89b25a4edfac0d6cca16dee161768c9ecd9d0b3dca70e0eee169f6c076ff3dd49244e470', '1981-02-27', 0, 0, '', '', '', 0, 0, 0, 0, 0, 0, 0, '', NULL, NULL, NULL, NULL, NULL),
(190, 'Renaud', 'Theuillon', 'rtheuillon@hotmail.com', '3ec8ecb06b8526c806f3ee150c4c120a5a207d3ee527350a158482a26ad66c5c2cc59f1c35cf1096ea622dedc815de807396f222630ab8d367ac63ce037bedcb', '1981-02-27', 0, 0, '', '', '', 0, 0, 0, 0, 0, 0, 0, NULL, NULL, NULL, NULL, NULL, NULL),
(191, 'Renaud', 'Theuillon', 'rtheuillon@hotmail.com', '1f064bb9671f29ae38222bd00e25e818c23c0b5d42d3782846218cb8909e2088b0905d249d1539bd3aeb47b02210532e407e325c88593f768ada93ce435209a1', '1981-02-27', 0, 0, '', '', '', 0, 0, 0, 0, 0, 0, 0, NULL, NULL, NULL, NULL, NULL, NULL),
(192, 'Renaud', 'Theuillon', 'rtheuillon@hotmail.com', 'a5027c109d8ce1678ad6778270d9f8e68bef93add89c231acd50d896c0481546d081d4a858f5a8b1ca8365512c2926216892333de3d2dfee6dfc20d7b53c1713', '1981-02-27', 0, 0, '', '', '', 0, 0, 0, 0, 0, 0, 0, NULL, NULL, NULL, NULL, NULL, NULL),
(193, 'Renaud', 'Theuillon', 'rtheuillon@hotmail.com', '3981ba3ac0f7e0729b973d3e781243730c7798f654dfaefb74a6baa29c3b4af93703bfc18028ab0f872090b19b1dea87c5087acf47dca6099bee3d77d314e77d', '1981-02-27', 0, 0, '', '', '', 0, 0, 0, 0, 0, 0, 0, NULL, NULL, NULL, NULL, NULL, NULL),
(194, 'Renaud', 'Theuillon', 'rtheuillon@hotmail.com', 'a1111974f3a5118f84445297425523564ed1a485e38781b68250f34da10f5906c3672c0847a063d1b45e1d2a02fc87020ee9d4eac3dee60e0edd1248e5b2a786', '1981-02-27', 0, 0, '', '', '', 0, 0, 0, 0, 0, 0, 0, NULL, NULL, NULL, NULL, NULL, NULL),
(195, 'Renaud', 'Theuillon', 'rtheuillon@hotmail.com', 'afddd25df913063bafdc4485ef8520876dbff34d663637ccb11ab4c89b85e3f9158e9a4d6dce7dfe409d39eaa5b0a67659f76a56728f63146f5c09119bccfe36', '1981-02-27', 0, 0, '', '', '', 0, 0, 0, 0, 0, 0, 0, NULL, NULL, NULL, NULL, NULL, NULL),
(196, 'Renaud', 'Theuillon', 'rtheuillon@hotmail.com', 'b03d9a252ed6d27dac794502dfde1c89e31af117efa2f48861e12b812e1df9a76baabedb4d663d9c5d95732050db20400d31514eaf917c9044ffa673e148ac22', '1981-02-27', 0, 0, '', '', '', 0, 0, 0, 0, 0, 0, 0, NULL, NULL, NULL, NULL, NULL, NULL),
(197, 'Renaud', 'Theuillon', 'rtheuillon@hotmail.com', '4246fc793dc725fedfa4ef67d372aaba1cef9b20f1737a02c36ef98205a83e145d542c22aa00c17c31b9d43e927030d5a577306d4522337e8696c0a3a97ad953', '1981-02-27', 0, 0, '', '', '', 0, 0, 0, 0, 0, 0, 0, NULL, NULL, NULL, NULL, NULL, NULL),
(198, 'Renaud', 'Theuillon', 'rtheuillon@hotmail.com', 'a03116513d23503e5538b6d3c29ce18fa9d234acb06bf73cb3d4e2b53b7bacad7bc1136a8c9394ff9f161001efbb76888ca89dfdb94660eb84457c54963fd2e8', '1981-02-27', 0, 0, '', '', '', 0, 0, 0, 0, 0, 0, 0, NULL, NULL, NULL, NULL, NULL, NULL),
(199, 'Renaud', 'Theuillon', 'rtheuillon@hotmail.com', '2ce8a5fb52fe0517fad890fa804287eff11b3693644674778a548111d840ccb6f22d6cc44c3c4c4e58716ce094af97aed8e323226710d2d33b2d5b9bbdff3686', '1981-02-27', 0, 0, '', '', '', 0, 0, 0, 0, 0, 0, 0, NULL, NULL, NULL, NULL, NULL, NULL),
(200, 'Renaud', 'Theuillon', 'rtheuillon@hotmail.com', '6525be99167a63a089e2f424cfef4b934d21be0bbb6f1a6a53eebcca2c3e067f8fbbb4521f339d4b8e8eaa1b5cdff2dd8965a4c38a443eb185b2908037db7719', '1981-02-27', 1, 0, '', '', '', 0, 0, 0, 0, 0, 0, 0, NULL, NULL, NULL, NULL, NULL, NULL),
(201, 'Ren', 'Theuillon', 'rtheuillon@hotmail.com', 'bf16314728e17439b124b29bbe55e4752bc97b50b0fd52abb9bf7efd8c5a1ce13230b944cfd154a1687bd9cd2276803184269d7ad1c70be658e69692583db749', '1981-02-27', 1, 0, '', '', '07966978383', 0, 0, 0, 0, 0, 0, 0, NULL, NULL, NULL, NULL, NULL, NULL),
(202, 'Renaud', 'Theuillon', 'rtheuillon@hotmail.com', '80769d899ae1fb12adbb5fe2bd2bbbb66578869d5423a93c34ae6521c072715876dcd84f1232ce269eae8ce6a4327ec809e8c348aabcfc1751f4f6ab50d75902', '1981-02-27', 1, 0, '', '', '07', 0, 0, 0, 0, 0, 0, 0, NULL, NULL, NULL, NULL, NULL, NULL),
(203, 'Renaud', 'Theuillon', 'rtheuillon@hotmail.com', '0c5e66482df33d0d8b01d647221911cff79d26e7269986b1523c4a8ef0a012c4dc189f8c7b5671ec15e161ddd5ce52085ae0c06226ded48111eae863a1f7db2d', '1981-02-27', 2, 0, '', '', '07966978383', 0, 0, 0, 0, 0, 0, 0, NULL, NULL, NULL, NULL, NULL, NULL),
(204, 'Renaud', 'Theuillon', 'rtheuillon@hotmail.com', 'f8d18bfe0e2a9208831c3d7d87a22dbc00b48219394bf717781c2111eb6dddb90013e19b0be77f6b5218edfce05c0de2546fe4c6284f3cf1cc4cf4832652f1e7', '1981-02-27', 2, 0, '', '', '07966978383', 0, 0, 0, 0, 0, 0, 0, NULL, NULL, NULL, NULL, NULL, NULL),
(205, 'Renaud', 'Theuillon', 'rtheuillon@hotmail.com', 'a11aeab88fd159b1dc658ff23e13dba72bb3de4bb2c19b3aae6926cbd7cf143d0ec1c70ac0e163e4c3ba600148a6bd2e6b7fe993ae3b21b897214e3540e84331', '1981-02-27', 2, 0, '', '', '07966978383', 0, 0, 0, 0, 0, 0, 0, '', NULL, NULL, NULL, NULL, NULL),
(206, 'Renaud', 'Theuillon', 'rtheuillon@hotmail.com', 'e0338c20df4b5abc4c836d6e8dd64aaa6f12e13004bcf8265aa9cfcdcacbce5a15b8ed79f4b69bf62cbcdc1956ef9903255e2e8813edc5eb35fe8941ffc14018', '1981-02-27', 2, 0, '', '', '07966978383', 0, 0, 0, 0, 0, 0, 0, NULL, NULL, NULL, NULL, NULL, NULL),
(207, 'Renaud', 'Theuillon', 'rtheuillon@hotmail.com', 'd5206c97f44bd84ddf79c549af5e94f5878ae26a36ab3b12d893ef659092ac7e544a726cf69c99b64c506c86dd208730d4259e0d9ceee02b00d8ea0f8d148cea', '1981-02-27', 2, 0, '', '', '07966978383', 1, 0, 0, 0, 0, 0, 0, '', NULL, NULL, NULL, NULL, NULL),
(208, 'Renaud', 'Theuillon', 'rtheuillon@hotmail.com', '4c6e674022b265b6ef010b5b5f3503b92aaaab8ce98df4701b8099365912cfeb6a1b0e50a3070b2c8c11c2d99a3ace25f75c98528b558baae90b4e5c8e8df6e5', '1981-02-27', 2, 0, '', '', '07966978383', 0, 0, 0, 0, 0, 0, 0, NULL, NULL, NULL, NULL, NULL, NULL),
(209, 'Renaud', 'Theuillon', 'rtheuillon@hotmail.com', '879a157e75b30d101c00069febd43b0f8b8aa43b1478de125fbf7a280d4e18cf8e7c89544c8c2ef7116d066c97159167df7b711e8747a1f3289d5c0321f0df7f', '1981-02-27', 2, 0, '', '', '07966978383', 0, 0, 0, 0, 0, 0, 0, NULL, NULL, NULL, NULL, NULL, NULL),
(210, 'Renaud', 'Theuillon', 'rtheuillon@hotmail.com', '82ae13f71148984ac974e04a8f3ec1087edf6ae883e0e955ff91a4fc4b24790e296b261d10b8b67551b9c2b25670212fd825b440f78bc741ddc457c9f6493bda', '1981-02-27', 2, 0, '', '', '07966978383', 0, 0, 0, 0, 0, 0, 0, NULL, NULL, NULL, NULL, NULL, NULL),
(211, 'Renaud', 'Theuillon', 'rtheuillon@hotmail.com', 'a832d04f1729c54784340729036bb6ace924817baabff29e248179b367db70236f674919e4e9b4a3aa9b766e83e49e7f792646e49ca2c057c520bee2f00e51d6', '1981-02-27', 2, 0, '', '', '07966978383', 1, 3, 0, 0, 0, 0, 0, '', NULL, NULL, NULL, NULL, NULL),
(212, 'Renaud', 'Theuillon', 'rtheuillon@hotmail.com', '4786efdf17141b9affa74b093705289f9f7bead061c198fc46895ab46c57536e839dcb3198eb089e88803235033160da19410a900e6b7af24884c8c7e2fae434', '1981-02-27', 2, 0, '', '', '07966978383', 0, 0, 0, 0, 0, 0, 0, NULL, NULL, NULL, NULL, NULL, NULL),
(213, 'Renaud', 'Theuillon', 'rtheuillon@hotmail.com2', 'bd3565bb91fa9f9e4f8ac075a986005d6cff58f796bae4a0baf1dbcbc20a02903227f6bfd36d6055c3a13088e709b66c76c015622f3e61ac3a5b9c7472b30355', '1981-02-27', 2, 0, '', '', '07966978383', 0, 0, 0, 0, 0, 0, 0, NULL, NULL, NULL, NULL, NULL, NULL);
INSERT INTO `tbl_carer` (`id`, `first_name`, `last_name`, `email_address`, `password`, `date_birth`, `gender`, `hourly_work`, `nationality`, `country_birth`, `mobile_phone`, `live_in`, `live_in_work_radius`, `hourly_work_radius`, `work_with_male`, `work_with_female`, `driving_licence`, `car_owner`, `personal_text`, `dh_rating`, `balance`, `sort_code`, `account_number`, `last_login_date`) VALUES
(214, 'Renaud', 'Theuillon', 'rtheuillon@hotmail.com11', '013af30d5445d98998019a5ea554105b758da9b78d11c90fe37e179d80e3d118f2ce88b63a7b74a56879ed5ccc0e2bfb8ae5380b22c41b411f7c2bc05f28b17e', '1981-02-27', 2, 0, '', '', '07966978383', 0, 0, 0, 0, 0, 0, 0, NULL, NULL, NULL, NULL, NULL, NULL),
(215, 'Renaud', 'Theuillon', 'rtheuillon@hotmail.com123', '130f73c060920c99273201067a89403c5262f25e0f3a29b32116d215c3f3815b0a8724548994c0d8af837ec19581ad1ddd30e5f1a9d43e8fc7c260aca166d99e', '1981-02-27', 2, 0, '', '', '07966978383', 0, 0, 0, 0, 0, 0, 0, NULL, NULL, NULL, NULL, NULL, NULL),
(216, 'Renaud', 'Theuillon', 'rtheuillon@hotmail.com3131', 'cb7c8e93fd1d59ce510b195537c15fdb99d8ca0aad93645584715af40d87c325e268a9cb6bd5c3afef4e5cec66e5de94e2497fcdb3afd07bfbaaaf84afa50ec3', '1981-02-27', 2, 0, '', '', '07966978383', 0, 0, 0, 0, 0, 0, 0, NULL, NULL, NULL, NULL, NULL, NULL),
(217, 'Renaud', 'Theuillon', 'rtheuillon@hotmail.com1234', '3436f2fc7bbd1b9a6e681baac426aa1e1ec0197b1e85aa9a9e30abb288b126238c612d2241e5e8026e2226ab299dd2134402f047e23eec17d08e81d0b08cb514', '1981-02-27', 2, 0, '', '', '07966978383', 0, 0, 0, 0, 0, 0, 0, NULL, NULL, NULL, NULL, NULL, NULL),
(218, 'Renaud', 'Theuillon', 'rtheuillon@hotmail.com', 'd8ab41605fb02c36f351864371d6e0383c7a9fd7826ac7478b263f3e1ce502bc0dfe1e5f4f4366d0d8931677c1638e99ea6e0930157aaf0d5317786b7cf10633', '1981-02-27', 2, 0, '', '', '07966978383', 0, 0, 0, 0, 0, 0, 0, NULL, NULL, NULL, NULL, NULL, NULL),
(219, 'Renaud', 'Theuillon', 'rtheuillon@hotmail.com', '92ef68192c220542662410b1f9332cf5132c7603e0e4fbdf07dda7a2a38966bd0bf318ba0d94deab60cbae375fe1bc161784de240b5398e5498ec320e4ef6669', '1981-02-27', 2, 0, '', '', '07966978383', 0, 0, 0, 0, 0, 0, 0, NULL, NULL, NULL, NULL, NULL, NULL),
(220, 'Renaud', 'Theuillon', 'rtheuillon@hotmail.com', '318a9a6a32ac769e5349e431c2e8dcb89165037f50f9af49bfaeace9e7045f3b0aa88867b027cb30939d93be634495bb8f6499c23ba42c0f179b4bd2dce95e5a', '1981-02-27', 2, 0, '', '', '07966978383', 0, 0, 0, 0, 0, 0, 0, NULL, NULL, NULL, NULL, NULL, NULL),
(221, 'Renaud', 'Theuillon', 'rtheuillon@hotmail.com', '1129c71e5a491a5d5a3158f71d4c20f6f48d471fff4486a4afdb18d5d3c3b69ebf98e526024eb445fe3092e4f42dbe3d42549202364a7c4a1012434f75aa9d5d', '1981-02-27', 2, 0, '', '', '07966978383', 0, 0, 0, 0, 0, 0, 0, NULL, NULL, NULL, NULL, NULL, NULL),
(222, 'Renaud', 'Theuillon', 'rtheuillon@hotmail.com', 'db9b5703b1440ed2429dede76920a3c6f00913922e2d2d0ccd07a7a5933b4786c3bf2dcba5e9d0df48eb51f75b81e36237acceb9db52d36caa5432276b1bb1a8', '1981-02-27', 2, 0, '', '', '07966978383', 0, 0, 0, 0, 0, 0, 0, NULL, NULL, NULL, NULL, NULL, NULL),
(223, 'Renaud', 'Theuillon', 'rtheuillon@hotmail.com', '0a3283797b3b8d173b53d94d7797c5f0f034b319766c8b181fb89998796409e13f6fe1d07604be8c5019a7cdd436935b2cf9f0afb459ec7d03fba40060815ea9', '1981-02-27', 2, 0, '', '', '07966978383', 0, 0, 0, 0, 0, 0, 0, NULL, NULL, NULL, NULL, NULL, NULL),
(224, 'Renaud', 'Theuillon', 'rtheuillon@hotmail.com', '5959ce4dd39807e6d2fc1031b76d0fb192c1ffa8a0c7570e6552353841a9f7d8ee7d501ce8bfe08dc5936a2b11abce0dbd1140640d281e27de64d9f807cd3816', '1981-02-27', 2, 0, '', '', '07966978383', 0, 0, 0, 0, 0, 0, 0, NULL, NULL, NULL, NULL, NULL, NULL),
(225, 'Renaud', 'Theuillon', 'rtheuillon@hotmail.com', '86dfef916d9e13fb657ac393f5c3f8dc556809ed8579f8906432cf7c02c22c842f8de78e2c9a76d28f20ad66163506fe1b247acbb26b00165ceb23cb8c644118', '1981-02-27', 2, 0, '', '', '07966978383', 0, 0, 0, 0, 0, 0, 0, NULL, NULL, NULL, NULL, NULL, NULL),
(226, 'Renaud', 'Theuillon', 'rtheuillon@hotmail.com', 'a2f0180b4ddf3ba2bdb15e7ea871b4560cfc71dd25ec65dc287403737ff4fec65406e94b42f0ec82e873dedef36a2c97b27474f11b1d048442d6a234267135de', '1981-02-27', 2, 0, '', '', '07966978383', 0, 0, 0, 0, 0, 0, 0, NULL, NULL, NULL, NULL, NULL, NULL),
(227, 'Renaud', 'Theuillon', 'rtheuillon@hotmail.com', 'bf435b4bf0bb44b7c40b76dda3e5cbefc691b62bd684abb28ede1e9aa62aafc2480740788390ac9f9808e3f9df5b04d3052490ecd63c6bd59c5577a9710d40d4', '1981-02-27', 2, 0, '', '', '07966978383', 0, 0, 0, 0, 0, 0, 0, NULL, NULL, NULL, NULL, NULL, NULL),
(228, 'Renaud', 'Theuillon', 'rtheuillon@hotmail.com', 'a9140ca0e09ccc7b6d72e3e572c13f248e4b57d744ea4dcd7bce01e31273e1d6fa8c35ec3d1729a32bf50612526fe30361e87e1606e074739a51439605d0dbc6', '1981-02-27', 2, 0, '', '', '07966978383', 0, 0, 0, 0, 0, 0, 0, NULL, NULL, NULL, NULL, NULL, NULL),
(229, 'Renaud', 'Theuillon', 'rtheuillon@hotmail.com', '057200c3b4ed681442d2645e36b7d972e7c20615357e61892fc27dd55078e5d41ab9d99fad02cb459e9b7685b540eeb78e5038a872ec148cbf2da09f3b59c3c3', '1981-02-27', 2, 0, '', '', '07966978383', 0, 0, 0, 0, 0, 0, 0, NULL, NULL, NULL, NULL, NULL, NULL),
(230, 'Renaud', 'Theuillon', 'rtheuillon@hotmail.com1231', 'e1daf367ce2ddca92aba23fbec43739d8e0b1b3c8f47d0d0869fcca29f7e7730e7fd26645d853b77ce62275a935c68ec0d059cc9181cc0a8042605a9e8322335', '1981-02-27', 2, 0, '', '', '07966978383', 0, 0, 0, 0, 0, 0, 0, NULL, NULL, NULL, NULL, NULL, NULL),
(231, 'Renaud', 'Theuillon', 'rtheuillon@hotmail.com12323', '020ad844c5080cec8e0a18ae52cf70c0f3e5b06831eacb5760e0bfb79e8feb4065146283ced5f2fb70277283dc3f76ceb7b5a7a631da5cdfe5825a15c8be505a', '1981-02-27', 2, 0, '', '', '07966978383', 0, 0, 0, 0, 0, 0, 0, '', NULL, NULL, NULL, NULL, NULL),
(232, 'Renaud', 'Theuillon', 'zgtav@hotmail.com', 'bddb8d844cc943846ade0bf405ebc228cdf48989a1f4a3cdeee18d565a45bdacef141adcae2a67ae71330558b3ee9768b8e6b80a2c2446e2a331260719bc3aef', '1981-02-27', 2, 0, '', '', '07966978383', 0, 0, 0, 0, 0, 0, 0, NULL, NULL, NULL, NULL, NULL, NULL),
(233, 'Renaud', 'Theuillon', 'dvfhl@hotmail.com', 'b9c52c6add0137ad0f63317e2b6b33003b5292a87d4b353e8d15ec27163d9afa0d2f960a9d92eca53b3e1279ffdc5135281e3d83240f7f235019e1ba80522dbc', '1981-02-27', 2, 0, '', '', '07966978383', 0, 0, 0, 0, 0, 0, 0, NULL, NULL, NULL, NULL, NULL, NULL),
(234, 'Renaud', 'Theuillon', 'zdroh@hotmail.com', 'db91d880b807281bbcca73a5d38d00f717a4958531c95c86483311681b515e67887e754b49f026c24c79e634865a713b16b41a265a7fb023bfd5fee08806c1a6', '1981-02-27', 2, 0, '', '', '07966978383', 0, 0, 0, 0, 0, 0, 0, '', NULL, NULL, NULL, NULL, NULL),
(235, 'Renaud', 'Theuillon', 'xjztx@hotmail.com', 'a2d4f313e74060b1af0124797693b9403bef561cbee5f68bb6319407c8d79ea1ee2c2ce1f441da7ae290ac2c9016e02c5c23d2c6defcfeee8c7e808db9326910', '1981-02-27', 2, 0, '', '', '07966978383', 0, 0, 0, 0, 0, 0, 0, '', NULL, NULL, NULL, NULL, NULL),
(236, 'Renaud', 'Theuillon', 'ftktc@hotmail.com', 'a664f8892825d1c90bd05355664861c464b0bfe8477c476d0830d709728a20e758523fdf7ee9370a760eb3c3791244525d27b4e9a24b9d30818c341dcaab1e70', '1981-02-27', 2, 0, '', '', '07966978383', 0, 0, 0, 0, 0, 0, 0, NULL, NULL, NULL, NULL, NULL, NULL),
(237, 'Renaud', 'Theuillon', 'xpgkt@hotmail.com', '98d8868de8bc6ab51c5bcf9cc6dd66a5ed26f59faadcc36833631879c851d4dbaa91156e3c43573282a3db806e0ad3cceb761eb67c3904fb44542c6828957d90', '1981-02-27', 2, 0, '', '', '07966978383', 0, 0, 0, 0, 0, 0, 0, '', NULL, NULL, NULL, NULL, NULL),
(238, 'Renaud', 'Theuillon', 'ndmko@hotmail.com', '445385982c155fca0914fa42514800a423b299b420e5e3ba1a30f5e39d5ab62161ab8f21136c5e2cb6fb29e2591b03d5433d970c713bd091fa5796f595aa4faf', '1981-02-27', 2, 0, '', '', '07966978383', 0, 0, 0, 0, 0, 0, 0, '', NULL, NULL, NULL, NULL, NULL),
(239, 'Renaud', 'Theuillon', 'voihq@hotmail.com', 'f103a392b8c4de61a7bb5e3b1a3d17ab2c4c39dde58ac2f001b314147930ea8edc4aa52c5b28b7377638a3f1d45c0f62786bdc42064238e5a47e4f5f2862de0a', '1981-02-27', 2, 0, '', '', '07966978383', 0, 0, 0, 0, 0, 0, 0, NULL, NULL, NULL, NULL, NULL, NULL),
(240, 'Renaud3', 'Theuillon', 'qxpno@hotmail.com', '1acd978112560045c67ad8cef49221b61c20df5a3e0a2c0ebc2fdf42d721434b61e825c9e1c38c7b6f0d376250bfdf153131e689c1f973a024c9755372029d54', '1981-02-28', 2, 0, '', '', '07966978383', 0, 0, 0, 0, 0, 0, 0, NULL, NULL, NULL, NULL, NULL, NULL),
(241, 'Renaud', 'Theuillon', 'izsnj@hotmail.com', 'test2', '1981-02-27', 2, 0, '', '', '07966978383', 0, 0, 0, 0, 0, 0, 0, NULL, NULL, NULL, NULL, NULL, NULL),
(242, 'Renaud', 'Theuillon', 'ynrpk@hotmail.com', '3916e85f1f462f7937402decf8637cbe5b60e6414610c3dac3bb6dfd7a9e1abb0f327c769c96121dbdddb02b5a8ba2a5523fe1f544b94cd2b0d4fd2347d17a00', '1981-02-27', 2, 0, '', '', '07966978383', 0, 0, 0, 0, 0, 0, 0, NULL, NULL, NULL, NULL, NULL, NULL),
(243, 'Renaud', 'Theuillon', 'mbhtb@hotmail.com', '01cac4f973ba4f870b4ecab8344523f3ab265680177526a4e4af72532eb1dda784cc4b342a723898c346137952dc04c71870c83fc6adbfb860569d5100802e5b', '1981-02-27', 2, 0, '', '', '07966978383', 0, 0, 0, 0, 0, 0, 0, NULL, NULL, NULL, NULL, NULL, NULL),
(244, 'Renaud2', 'Theuillon', 'hbozg@hotmail.com', '5e4f23034fbddaf556f593526142df533f66b5f7e2094d34400c8422ab480bda2c398a8aa1836ff1a4a8423adb31bf3ec5c9253dca35394afb04f2a5edb92dd0', '1981-02-27', 2, 0, '', '', '07966978383', 0, 0, 0, 0, 0, 0, 0, NULL, NULL, NULL, NULL, NULL, NULL),
(245, 'Renaud', 'Theuillon', 'qiufw@hotmail.com', 'eea186d36152e4134c4baa4f9ba10810a20144148203e84911f38825676a1efc063528dc89670319a9424507c8b76a16b66b82efa4b12c506c3dfe7da789c3a2', '1981-02-27', 2, 0, '', '', '07966978383', 0, 0, 0, 0, 0, 0, 0, NULL, NULL, NULL, NULL, NULL, NULL),
(246, 'Renaud', 'Theuillon', 'rcxix@hotmail.com', 'c2a145ad39fdf999cefe77fa6783ec62a592791dd4ff4b3c21d5f3d81be54e21e14b9a99dba289e10e80b3d6f2a322e77ab9dac921d30ebeed5c1f4395ab459b', '1981-02-27', 2, 0, '', '', '07966978383', 0, 0, 0, 0, 0, 0, 0, NULL, NULL, NULL, NULL, NULL, NULL),
(247, 'Renaud', 'Theuillon', 'llaqq@hotmail.com', 'cf932e669fae31d221da6a7ea6d814ae54625d42c5673f1cecdd807da06bc85ecab469b78c7789b26fa8bbb8e2bf6856bf496f901b81cf299623cd14c2fda26f', '1981-02-27', 2, 0, '', '', '07966978383', 0, 0, 0, 0, 0, 0, 0, NULL, NULL, NULL, NULL, NULL, NULL),
(248, 'Renaud', 'Theuillon', 'rnxde@hotmail.com', 'a344ea34f1e90c165f1245e489fe65549789ab9713919617bd55ff95aa716cca7f15af79dea808fd13034bae0fa46d0874c05560cf9f4e545eef09e8380b6c1a', '1981-02-27', 2, 0, '', '', '07966978383', 0, 0, 0, 0, 0, 0, 0, NULL, NULL, NULL, NULL, NULL, NULL),
(249, 'Renaud', 'Theuillon', 'skgke@hotmail.com', '6eec11083fd87f06c686b2ce1ba2186f3edfabeeb5fa6c7de9de01ee750474b89004100d87dc8ede08e4bed55a11b3d7357e16752ba1be5f213704f693fd8609', '1981-02-27', 2, 0, '', '', '07966978383', 0, 0, 0, 0, 0, 0, 0, NULL, NULL, NULL, NULL, NULL, NULL),
(250, 'Renaud', 'Theuillon', 'oavng@hotmail.com', '17a22c6c534a94f24371fe946509262ce35bd88d31a01eac06fc0db8bcccfdc99025bbc2d63cfef3580672e9a421a110578fc96e8fab03daabc7442c232fa178', '1981-02-27', 2, 0, '', '', '07966978383', 0, 0, 0, 0, 0, 0, 0, NULL, NULL, NULL, NULL, NULL, NULL),
(251, 'Renaud', 'Theuillon', 'vldng@hotmail.com', '160c002019b83c5d286087c872da3bfba8cd8e0ab7cf751334659e60dd4cb2fe9b830e9edda944f853bb2ceb3f2ae9396af99f0daeb4be5a4370a38dd1c59097', '1981-02-27', 2, 0, '0', '0', '07966978383', 0, 0, 0, 0, 0, 0, 0, NULL, NULL, NULL, NULL, NULL, NULL),
(252, 'Renaud', 'Theuillon', 'bleyn@hotmail.com', 'd80f28e050cded142170ab5df66441d05fe4743dc4dee0065d01a31281ac39b3296610712391a2281b536a37610d11afb8904dc1d1fa3942e1b0ce34d8ed8504', '1981-02-27', 2, 0, '0', '0', '07966978383', 0, 0, 0, 0, 0, 0, 0, NULL, NULL, NULL, NULL, NULL, NULL),
(253, 'Renaud', 'Theuillon', 'ywhll@hotmail.com', '6d499506068b8a987fa42442a06f112741e06ed397842f6b0bc4da933ce4b088afa2aedd4d6becbca94afdbaff3c47445395b8fa81d8c815bc5563fa860ebb0f', '1981-02-27', 2, 0, '0', '0', '07966978383', 0, 0, 0, 0, 0, 0, 0, '', NULL, NULL, NULL, NULL, NULL),
(254, 'Renaud', 'Theuillon', 'ejtmv@hotmail.com', 'a3ef716eb446121fff35035821551be8dba2558ad0408f63c57ad1538e5887d41906c1ad51f9b5489942787ec92c68b5772d644b55eab0ea0cd9b1db106315d6', '1981-02-27', 2, 0, '0', '0', '07966978383', 0, 0, 0, 0, 0, 0, 0, NULL, NULL, NULL, NULL, NULL, NULL),
(255, 'Renaud', 'Theuillon', 'hytnr@hotmail.com', '20b5787c3274e8f70da99d3c6f039faabe9b6a351855b8118e0b342b1ce22645b2ec345987c9769bcff7d4366f235863a90510f7a35f5fea0a302bcb8aa6e449', '1981-02-27', 2, 0, '0', '0', '07966978383', 0, 0, 0, 0, 0, 0, 0, NULL, NULL, NULL, NULL, NULL, NULL),
(256, 'Renaud', 'Theuillon', 'ylorn@hotmail.com', 'a0a9813f28189a0401b3cebc9fec6442ac84556c9a7cf57dbb538132fcfca3f0c51b4bdb3277a54ee6622bbacbb8e64fc0b14b03db844ab143d48e4796f12bb2', '1981-02-27', 2, 0, '0', '0', '07966978383', 0, 0, 0, 0, 0, 0, 0, NULL, NULL, NULL, NULL, NULL, NULL),
(257, 'Renaud', 'Theuillon', 'uxtuo@hotmail.com', 'a687c99d90bbf079ec18fdf9353db9b8df3bf4f0d9189c99c56d9714d31a651dc1a4f1f13242dc5468b0a8d5739441c074b587d43215228d039ac7d45b71f261', '1981-02-27', 2, 0, '0', '0', '07966978383', 0, 0, 0, 0, 0, 0, 0, NULL, NULL, NULL, NULL, NULL, NULL),
(258, 'Renaud', 'Theuillon', 'snxkw@hotmail.com', '0b63d7a384ed88044c503596df1996ae81a78625e155a682c1e379fa825252611744ecec68a45a0aaa0f946fad3e4f50f371e9231c4fcfa3ca80fb293938a163', '1981-02-27', 2, 0, '0', '0', '07966978383', 0, 0, 0, 0, 0, 0, 0, NULL, NULL, NULL, NULL, NULL, NULL),
(259, 'Renaud', 'Theuillon', 'zbeev@hotmail.com', '816c5630428dc053e4b9cd0ab9488188c4ef803cbedb7958fbe89071553fd521921514cb507463989b791ef5efed4b19b883d30de557d8cf63112dc33540214a', '1981-02-27', 2, 0, '0', '0', '07966978383', 0, 0, 0, 0, 0, 0, 0, NULL, NULL, NULL, NULL, NULL, NULL),
(260, 'Renaud', 'Theuillon', 'jgvro@hotmail.com', '2ac4e8ed24c010ca40f58515dffe07d34c4173f28e750705cfb15ff0ff789c92aa0d183ebfd5031474fb94caf7faac5eda2cb96e873bcdf8f4ee6e1397c27343', '1981-02-27', 2, 0, '0', '0', '07966978383', 0, 0, 0, 0, 0, 0, 0, NULL, NULL, NULL, NULL, NULL, NULL),
(261, 'Renaud', 'Theuillon', 'wvhnp@hotmail.com', 'eb8e5f047a20214edbcd1106869ca96432bc72130f38baa25bb1615bf8186487f6bbc475be16314e6b02c59ff3224e41ac063219f6ed48dfdc7f39451396019b', '1981-02-27', 2, 0, '0', '0', '07966978383', 0, 0, 0, 0, 0, 0, 0, NULL, NULL, NULL, NULL, NULL, NULL),
(262, 'Renaud', 'Theuillon', 'lkkvo@hotmail.com', '4e3b133a8eeea420833f818be63e768d8e69055be5403be87d75980e758f15158629c672ae5210552e0d96a288ae8828436e267d2e7d801e5ee35f266fd22bbe', '1981-02-27', 2, 0, '0', '0', '07966978383', 0, 0, 0, 0, 0, 0, 0, NULL, NULL, NULL, NULL, NULL, NULL),
(263, 'Renaud', 'Theuillon', 'pdjpx@hotmail.com', '9fa0ec6fb269746cb0f869cc0276dc7bcd7eaa1b9f2817c946f2ad0aea3714326e769f6fadc6f6cc1b563bbd607719d9fc0449c4f2c0d8424c8ae8542c53572f', '1981-02-27', 2, 0, '0', '0', '07966978383', 0, 0, 0, 0, 0, 0, 0, NULL, NULL, NULL, NULL, NULL, NULL),
(264, 'Renaud', 'Theuillon', 'qvurv@hotmail.com', 'cfe26329093c91f0f441a9b7d2b5bc8d5c13be7f47ab5164ce747e49b85394d06655b23839fa50b04c1070f0c65cfc0a1e18e2a9de4446ca979e33aa898c8552', '1981-02-27', 2, 0, '0', '0', '07966978383', 0, 0, 0, 0, 0, 0, 0, NULL, NULL, NULL, NULL, NULL, NULL),
(265, 'Renaud', 'Theuillon', 'ixiai@hotmail.com', '68ec2de72fe9f7213b0471cba9896a42d613841ca005c9ef23ba143fae13dbfa42fdaac0682780c7abd131e4c86b19d6daf663e851fe6505c7958e913650dad5', '1981-02-27', 2, 0, '0', '0', '07966978383', 0, 0, 0, 0, 0, 0, 0, NULL, NULL, NULL, NULL, NULL, NULL),
(266, 'Renaud', 'Theuillon', 'rlyxv@hotmail.com', '1cbc38ac31837bae1ce8e2b991bee2066620eb41edfe2edf01d422b760bcff0672de1f19f7b6d9f29b47f5285aeb52b203773fce6bd2ce049b9863d9f7cd991d', '1981-02-27', 2, 0, '0', '0', '07966978383', 0, 0, 0, 0, 0, 0, 0, NULL, NULL, NULL, NULL, NULL, NULL),
(267, 'Renaud', 'Theuillon', 'nryrc@hotmail.com', 'c3d6d5976f8e4e9866554664bcb269dd1000319273e1500f4fcc5508b80aaec7ac0ac6f2426a8d63b2214eb346667ee86174824a8ad1dde3d6176e771a9a372b', '1981-02-27', 2, 0, '0', '0', '07966978383', 0, 0, 0, 0, 0, 0, 0, NULL, NULL, NULL, NULL, NULL, NULL),
(268, 'Renaud', 'Theuillon', 'xoube@hotmail.com', '93abb6310247372a01479ca23ef4e78b62f52f21a1c22ce6c19a612d8042eac86a1b2849821b0c312225bfc9dc0417f36a96586b4747fd6ea664a6f32af9fa57', '1981-02-27', 2, 0, '0', '0', '07966978383', 0, 0, 0, 0, 0, 0, 0, NULL, NULL, NULL, NULL, NULL, NULL),
(269, 'Renaud', 'Theuillon', 'agyju@hotmail.com', '955ea5a21493b34df1581fe3cbafd1997c6dcc4b1c844e2c2e9a4ca4576e5c91d4eab06e26983c155611b08c8de890212b147f822b8ca819add7b9684349b1b0', '1981-02-27', 2, 0, '0', '0', '07966978383', 0, 0, 0, 0, 0, 0, 0, NULL, NULL, NULL, NULL, NULL, NULL),
(270, 'Renaud', 'Theuillon', 'srcle@hotmail.com', '23f2aff52cfbe1c42ae12f3ec9332f3b593592eaa007b084551bd18bcfdf6c964fa1df19f826ce5cd1830302377411651e1927ed8c993b16abf79f9b46edc076', '1981-02-27', 2, 0, '0', '0', '07966978383', 0, 0, 0, 0, 0, 0, 0, NULL, NULL, NULL, NULL, NULL, NULL),
(271, 'Renaud', 'Theuillon', 'aszcg@hotmail.com', '0897ac66371d7660beaf458d3731143c4e7f8b9c34a318981299c6af8ae3436452f3b46666b2ee13b6d41ca10039eb70e1c9cb49285e835cb897e3995475bd74', '1981-02-27', 2, 0, '0', '0', '07966978383', 0, 0, 0, 0, 0, 0, 0, NULL, NULL, NULL, NULL, NULL, NULL),
(272, 'Renaud2', 'Theuillon', 'tsdrv@hotmail.com', 'a3da692a224b1cbd7d2133d53d6618426bbaa947beecc3b1c50cd1af490656c2131ba8bcca529e13da69a28d6c96b95d67bb24e472203d65eab00e4769216d51', '1981-02-27', 2, 0, '0', '0', '07966978383', 0, 0, 0, 0, 0, 0, 0, NULL, NULL, NULL, NULL, NULL, NULL),
(273, 'Renaud2', 'Theuillon', 'zsxod@hotmail.com', '82cba3bc644607aa4f000a6a8b283dd1647d8057a51c15b80b23653ba87ca44bdfd6076ff485a4aeefdf61400e12f7c961eb5121ea00c10d97909803ab861ac5', '1981-02-27', 2, 0, '0', '0', '07966978383', 1, 3, 3, 0, 0, 0, 0, NULL, NULL, NULL, NULL, NULL, NULL),
(274, 'Renaud', 'Theuillon', 'gnecj@hotmail.com', 'f0aeb59868eaeb4066fcbec11e43aaae5ab2d8f66dceb9908838e8d38160b85da33f3151c1bbf444c1b31314c11fcc4760649a57b598905a1043320043781bf4', '1981-02-27', 2, 0, '0', '0', '07966978383', 0, 0, 0, 0, 0, 0, 0, NULL, NULL, NULL, NULL, NULL, NULL),
(275, 'Renaud', 'Theuillon', 'rdipl@hotmail.com', '18b982562a1ed26119486095897349a4161ac262d1928cd3a65d816a4453961f233b51be5c28142ce9e4cf064ee70c2807755c2311be745a398bdd3ebe27fc4b', '1981-02-27', 2, 0, '0', '0', '07966978383', 1, 3, 0, 0, 0, 0, 0, NULL, NULL, NULL, NULL, NULL, NULL),
(276, 'Renaud', 'Theuillon', 'hunfi@hotmail.com', '7c6779c94664091c96dd7919dc6ca42dda857526c5aec5f16b54f6938292b2dcecec2a077e6ab424fb1c4b42a9b6d0757120ea31d152f1220165498d83574fa3', '1981-02-27', 2, 0, '0', '0', '07966978383', 0, 0, 0, 0, 0, 0, 0, NULL, NULL, NULL, NULL, NULL, NULL),
(277, 'Renaud', 'Theuillon', 'ajedb@hotmail.com', '7f539648e695f1ce78f8cadd6f9cf1328d44bfa3fd0dd09a308075539d128aaf3e6f05c053217eba1e247e8e0c8e24e2c04ab3c85378dbf8132c64d9e36a602b', '1981-02-27', 2, 0, '0', '0', '07966978383', 0, 0, 3, 0, 0, 1, 1, 'Test', NULL, NULL, NULL, NULL, NULL),
(278, 'Renaud', 'Theuillon', 'dccck@hotmail.com', '1f478cf758490de3c5222127d218fac6204f8a5d41f2006d8109dfc8ebbdf491a0211d1f1893d1a41fe23539abdb47cd10425e8735c411ad05fa322464fd639d', '1981-02-27', 2, 0, '0', '0', '07966978383', 0, 0, 0, 0, 0, 0, 0, NULL, NULL, NULL, NULL, NULL, NULL),
(279, 'Renaud', 'Theuillon', 'nnwbj@hotmail.com', '85c7baf3e2234fb26ad8a9990b54eb1826ff676249e01e1d214930dfcb9f3734953d0ad9d684aa196989a92764a502eebb8696759eb073d0ba8bf08d1f8e2377', '1981-02-27', 2, 0, '0', '0', '07966978383', 0, 0, 0, 0, 0, 0, 0, '', NULL, NULL, NULL, NULL, NULL),
(280, 'Renaud', 'Theuillon', 'amgew@hotmail.com', '1da8bc04c85b49b5d758d67e309548f29eba7ba533ce7b2eef8012cf4cf9664d570958875156fd3fa6200a37cd05a2ed451049d2285087a3c17a2f51086ff07a', '1981-02-27', 2, 1, '0', 'Albania', '07966978383', 1, 30, 20, 1, 1, 0, 1, 'J''adore les vieux', NULL, NULL, NULL, NULL, NULL),
(281, 'Renaud', 'Theuillon', 'fhofz@hotmail.com', 'a1e2fca06375e5a5c1fcb7be57a0e7d13671ce0cd71948dd55b3f50814ee589bbd7c1820e03f28eab93a883e452757d31b070732100123cc2f14f8aa589ae2f9', '1981-02-27', 2, 0, '0', '0', '07966978383', 0, 0, 0, 0, 0, 0, 0, NULL, NULL, NULL, NULL, NULL, NULL),
(282, 'Renaud', 'Theuillon', 'ajwfn@hotmail.com', '716cb6200ab0347a9c2b33ff761ea6bcc15d705dd2b01b474a68db605decf515936da0ad0f75f7ec79d4d6d98ecd75d7a7b7e3645db61a5d8203be35294336b3', '1981-02-27', 2, 0, '0', '0', '07966978383', 0, 0, 0, 0, 0, 0, 0, '', NULL, NULL, NULL, NULL, NULL),
(283, 'Renaud', 'Theuillon', 'skuen@hotmail.com', 'ca0123644bbfe63491fd3b0cdcea13d79ebf8fe6f99455477666b1dbd9e00dfc13556724b57250e210f0d747ed5e045ed083baecc26dd0a013b9d998a5d16c00', '1981-02-27', 2, 0, '0', '0', '07966978383', 0, 0, 0, 0, 0, 0, 0, NULL, NULL, NULL, NULL, NULL, NULL),
(284, 'Renaud', 'Theuillon', 'blbtl@hotmail.com', '815e158a7712670f0ce2f2cb17a3375b48f0f83d4428f0cbeee4096f3256edb6fb61aeb967d21c0c866c0026944a07ac6d2bc6e6047a4ef0d66bdfd3235d94df', '1981-02-27', 2, 0, '0', '0', '07966978383', 0, 0, 0, 0, 0, 0, 0, NULL, NULL, NULL, NULL, NULL, NULL),
(285, 'Renaud', 'Theuillon', 'dsnwo@hotmail.com', '56f621e3f26c0dd8c9a8f4babea4343baccb2141802b8d1ca6593d7a794a45988fc89b234fa89e651dc74cf87219aa1034e9fba16728d2f7e2a2c99c0eaaf9ec', '1981-02-27', 2, 0, '0', '0', '07966978383', 0, 0, 0, 0, 0, 0, 0, NULL, NULL, NULL, NULL, NULL, NULL),
(286, 'Renaud', 'Theuillon', 'xzazf@hotmail.com', '298fce1d1b8ea3e70485f6ddb01ce2a86e0ba0fd57548938bc39b571142f12c08bec8aebcf3b9f845fabb18af0a29bcc7ebccbe3fdd45e9fda60fa08cf80e728', '1981-02-27', 2, 0, '0', '0', '07966978383', 0, 0, 0, 0, 0, 0, 0, NULL, NULL, NULL, NULL, NULL, NULL),
(287, 'Renaud', 'Theuillon', 'znonv@hotmail.com', '8fe35b3ad12fb9b4250cc2bccff2afe191457405e3ce3a0a1dc9bbae0ed965055bfd70d0af36eda15c41b40a688813130f000e80929ee6e626b3ab9fe3e71da4', '1981-02-27', 2, 0, '0', '0', '07966978383', 0, 0, 0, 0, 0, 0, 0, NULL, NULL, NULL, NULL, NULL, NULL),
(288, 'Renaud', 'Theuillon', 'yadim@hotmail.com', '0c4bdddfc23605f7fa02a67303036253e8634f7d0805603392737a6d78178b5398231e47eea72bdb328b91a7e130dd44f8cd394a6184da67719024e755a5689c', '1981-02-27', 2, 0, '0', '0', '07966978383', 0, 0, 0, 0, 0, 0, 0, NULL, NULL, NULL, NULL, NULL, NULL),
(289, 'Renaud', 'Theuillon', 'vcwrj@hotmail.com', '69566ccfa52727fb1ca15d720f6c425811162ff65e514dbe35eb13128764387530dc020c848692478c5af272226479120546f995f8ddd36f98d3aa272f2b533f', '1981-02-27', 2, 0, '0', '0', '07966978383', 0, 0, 0, 0, 0, 0, 0, NULL, NULL, NULL, NULL, NULL, NULL),
(290, 'Renaud', 'Theuillon', 'qbixx@hotmail.com', '9a8cde323c02e71ece42ee7f860e17b0ae9ec34b1d84a9f3d43e9b4bf03ad8f021ada7c8b4934968b8cb3a2ff288c6dba94adfd56220ec9deecd72640f9ae5af', '1981-02-27', 2, 0, '0', '0', '07966978383', 0, 0, 0, 0, 0, 0, 0, NULL, NULL, NULL, NULL, NULL, NULL),
(291, 'Renaud', 'Theuillon', 'wwlot@hotmail.com', 'fd8ef2e230241a6590664e77fa74fa1e461499e171abf5fdc2bb3d826da1c9dcaddb51b3e8f73e2da76acae943b87ac2de987010fbafe72ff57097f3d1005b6b', '1981-02-27', 2, 0, '0', '0', '07966978383', 0, 0, 0, 0, 0, 0, 0, NULL, NULL, NULL, NULL, NULL, NULL),
(292, 'Renaud', 'Theuillon', 'jxbye@hotmail.com', '0b7388f31f7f40c2203e35a12a3633a73b0e6d3e38117984a410b13a350006cd114118c7a7cd09c34854ea91a506592b8b4120bf4cebbadef596565f3e87c8ef', '1981-02-27', 2, 0, '0', '0', '07966978383', 0, 0, 0, 0, 0, 0, 0, NULL, NULL, NULL, NULL, NULL, NULL),
(293, 'Renaud', 'Theuillon', 'mkwsk@hotmail.com', '27d07fc4ce7957799a2a63d477218f3982e5575558d82bd8a2c0f3bb4cebc58c08a2afde0609a160c227d2d25ebc5ba2f2f80153ffc105c5c490574d71687818', '1981-02-27', 2, 0, '0', '0', '07966978383', 0, 0, 0, 0, 0, 0, 0, NULL, NULL, NULL, NULL, NULL, NULL),
(294, 'Renaud2', 'Theuillon', 'rhxfa@hotmail.com', 'd67c89d387d191c87ba3f3cbeb44022fab4298bcb979bc451c87437f700b664c2de506a8afdb0c9fd5d77e404dbddb9af1def0038f609d869e340ee9841c2743', '1981-02-27', 2, 0, '0', '0', '07966978383', 0, 0, 0, 0, 0, 0, 0, NULL, NULL, NULL, NULL, NULL, NULL),
(295, 'Renaud2', 'Theuillon2', 'qjvsy@hotmail.com', '0be92e031c274e3cb4aaae1672c9cee06fc14d4383ebf18daa26ea72f3733b35da1c5144644f136a12a06be11bc820f5baf57276328662ad396b8160065f550b', '1981-02-27', 2, 0, '0', '0', '07966978383', 0, 0, 0, 0, 0, 0, 0, NULL, NULL, NULL, NULL, NULL, NULL),
(296, 'Renaud', 'Theuillon', 'rbqkl@hotmail.com', '382fe78c92955d76119cf47cb60bb06348aea464440046b376cbd0afcf3e11308ec21dce69cd33f6d682df888eacb8d723ee7627d80621dcb70c3548cd42aa15', '1981-02-27', 2, 0, '0', '0', '07966978383', 0, 0, 0, 0, 0, 0, 0, NULL, NULL, NULL, NULL, NULL, NULL),
(297, 'Renaud', 'Theuillon', 'mnwir@hotmail.com', '5f3e6b78529ddccb4fa302f7e63e2a0369404e79709ef15b63b62c564639dc1f0ccc0f18d64e22230566658d88545ad9686ece7d6292347ff9605c78d974ec34', '1981-02-27', 2, 0, '0', '0', '07966978383', 0, 0, 0, 0, 0, 0, 0, NULL, NULL, NULL, NULL, NULL, NULL),
(298, 'Renaud', 'Theuillon', 'saqtf@hotmail.com', '4aed6bdfad5f8001860fac9f37b30550839398614cd01155668ec55456062344d8bcb8209b636c3f968da14ecbbf89f411a111b1870e2b0adfaee81b2d8f3dfd', '1981-02-27', 2, 0, '0', '0', '07966978383', 0, 0, 0, 0, 0, 0, 0, NULL, NULL, NULL, NULL, NULL, NULL),
(299, 'Renaud', 'Theuillon', 'fdibq@hotmail.com', 'bc3c87af0356dcfb3d4402f2cbd73dca3c729195b6f755a1ac4986b494c9d79dd6089cca12673ca7f240dd9736a52806a388cf20e64b28252aee65af0bd94f01', '1981-02-27', 2, 0, '0', '0', '07966978383', 0, 0, 0, 0, 0, 0, 0, '', NULL, NULL, NULL, NULL, NULL),
(300, 'Renaud', 'Theuillon', 'zkhud@hotmail.com', '4851fe6919fcdef504d08707b3ecff20483ab84ea7c515f594c8dc034920a071f898f41195127337296b39b4213cf3ee18aee6e27e5efffbe0c91283e0b280ff', '1981-02-27', 2, 0, '0', '0', '07966978383', 0, 0, 0, 0, 0, 0, 0, '', NULL, NULL, NULL, NULL, NULL),
(301, 'Renaud', 'Theuillon', 'kqvau@hotmail.com', '6fd0dc996d9e87d4f8f0c683f55ec2a8027e9a6c52e5d550322206b8e82e32268bc50f81acf5c75d1b4fde0f9e7cb7f62173cd56e1fd8354ec60f3e417f0ef2c', '1981-02-27', 2, 0, '0', '0', '07966978383', 0, 0, 0, 0, 0, 0, 0, NULL, NULL, NULL, NULL, NULL, NULL),
(302, 'Renaud', 'Theuillon', 'bbwsk@hotmail.com', '128b661b0301b2df04b460448dcffa7a7fc0ca180730a56aac79a94812559ee15ad44dd5e405f8df37b72d7740b2b66a22c5f86c4772fce7ee34a9d1239aa0e3', '1981-02-27', 2, 0, '0', '0', '07966978383', 0, 0, 0, 0, 0, 0, 0, NULL, NULL, NULL, NULL, NULL, NULL),
(303, 'Renaud', 'Theuillon', 'hdqfq@hotmail.com', 'da8ef922ba9052860f9e825d817b338b6833b7eb9cf40ceec334e1d94de8db000c5c719173a69e849e2dcd7395d0556c29ac19ce2b5c7cec0340e5af411f6429', '1981-02-27', 2, 0, '0', '0', '07966978383', 0, 0, 0, 0, 0, 0, 0, NULL, NULL, NULL, NULL, NULL, NULL);

-- --------------------------------------------------------

--
-- Table structure for table `tbl_carer_address`
--

CREATE TABLE IF NOT EXISTS `tbl_carer_address` (
  `id_carer` int(11) NOT NULL,
  `id_address` int(11) NOT NULL AUTO_INCREMENT,
  PRIMARY KEY (`id_address`,`id_carer`),
  KEY `FK_tbl_carer_address_tbl_carer_id` (`id_carer`)
) ENGINE=InnoDB  DEFAULT CHARSET=utf8 COLLATE=utf8_unicode_ci AVG_ROW_LENGTH=84 AUTO_INCREMENT=298 ;

--
-- Dumping data for table `tbl_carer_address`
--

INSERT INTO `tbl_carer_address` (`id_carer`, `id_address`) VALUES
(283, 274),
(284, 275),
(285, 276),
(286, 277),
(287, 278),
(288, 279),
(289, 280),
(290, 281),
(294, 285),
(295, 288),
(296, 290),
(297, 291),
(298, 292),
(299, 293),
(300, 294),
(301, 295),
(302, 296),
(303, 297);

-- --------------------------------------------------------

--
-- Table structure for table `tbl_carer_applying`
--

CREATE TABLE IF NOT EXISTS `tbl_carer_applying` (
  `id_carer` int(11) NOT NULL AUTO_INCREMENT,
  `id_mission` int(11) NOT NULL DEFAULT '0',
  PRIMARY KEY (`id_carer`,`id_mission`),
  KEY `id_mission` (`id_mission`)
) ENGINE=InnoDB DEFAULT CHARSET=utf8 COLLATE=utf8_unicode_ci AUTO_INCREMENT=1 ;

--
-- Dumping data for table `tbl_carer_applying`
--


-- --------------------------------------------------------

--
-- Table structure for table `tbl_carer_availability`
--

CREATE TABLE IF NOT EXISTS `tbl_carer_availability` (
  `id` int(11) NOT NULL AUTO_INCREMENT,
  `day_week` int(1) NOT NULL,
  `time_slot` int(2) NOT NULL,
  `id_carer` int(11) NOT NULL,
  PRIMARY KEY (`id`),
  UNIQUE KEY `UK_tbl_availability_carer` (`day_week`,`time_slot`,`id_carer`),
  KEY `FK_tbl_availability_carer_tbl_carer_id` (`id_carer`)
) ENGINE=InnoDB  DEFAULT CHARSET=utf8 COLLATE=utf8_unicode_ci AVG_ROW_LENGTH=16384 AUTO_INCREMENT=13 ;

--
-- Dumping data for table `tbl_carer_availability`
--

INSERT INTO `tbl_carer_availability` (`id`, `day_week`, `time_slot`, `id_carer`) VALUES
(1, 1, 0, 7),
(5, 1, 1, 277),
(7, 1, 1, 280),
(8, 1, 2, 280),
(4, 2, 1, 273),
(6, 2, 2, 277),
(2, 3, 1, 253),
(3, 3, 2, 253),
(9, 3, 4, 280),
(10, 3, 5, 280),
(11, 5, 2, 280),
(12, 5, 3, 280);

-- --------------------------------------------------------

--
-- Table structure for table `tbl_carer_condition`
--

CREATE TABLE IF NOT EXISTS `tbl_carer_condition` (
  `id` int(11) NOT NULL AUTO_INCREMENT,
  `id_carer` int(11) NOT NULL,
  `id_condition` int(11) NOT NULL,
  PRIMARY KEY (`id`),
  UNIQUE KEY `UK_tbl_carer_condition` (`id_carer`,`id_condition`),
  KEY `FK_tbl_carer_condition_tbl_condition_id` (`id_condition`)
) ENGINE=InnoDB  DEFAULT CHARSET=utf8 COLLATE=utf8_unicode_ci AVG_ROW_LENGTH=1820 AUTO_INCREMENT=45 ;

--
-- Dumping data for table `tbl_carer_condition`
--

INSERT INTO `tbl_carer_condition` (`id`, `id_carer`, `id_condition`) VALUES
(16, 202, 11),
(18, 202, 12),
(20, 202, 13),
(21, 202, 15),
(22, 202, 16),
(23, 202, 17),
(24, 202, 18),
(17, 202, 19),
(19, 202, 20),
(26, 253, 17),
(25, 253, 19),
(28, 254, 18),
(27, 254, 19),
(29, 255, 16),
(30, 255, 18),
(31, 256, 14),
(32, 257, 15),
(33, 265, 11),
(34, 275, 11),
(37, 275, 12),
(36, 275, 14),
(35, 275, 18),
(38, 277, 11),
(39, 277, 12),
(40, 280, 11),
(42, 280, 12),
(43, 280, 13),
(44, 280, 14),
(41, 280, 19);

-- --------------------------------------------------------

--
-- Table structure for table `tbl_carer_document`
--

CREATE TABLE IF NOT EXISTS `tbl_carer_document` (
  `id` int(11) NOT NULL AUTO_INCREMENT,
  `id_document` int(11) NOT NULL,
  `id_carer` int(11) NOT NULL,
  `year_obtained` int(4) NOT NULL DEFAULT '0',
  `status` int(1) NOT NULL,
  `id_content` int(11) DEFAULT NULL,
  PRIMARY KEY (`id`),
  UNIQUE KEY `UK_tbl_carer_document` (`id_carer`,`id_document`,`year_obtained`),
  KEY `FK_tbl_carer_document_tbl_document_id` (`id_document`),
  KEY `FK_tbl_carer_document_tbl_file_content_id` (`id_content`)
) ENGINE=InnoDB  DEFAULT CHARSET=utf8 COLLATE=utf8_unicode_ci AVG_ROW_LENGTH=8192 AUTO_INCREMENT=49 ;

--
-- Dumping data for table `tbl_carer_document`
--

INSERT INTO `tbl_carer_document` (`id`, `id_document`, `id_carer`, `year_obtained`, `status`, `id_content`) VALUES
(22, 2, 7, 1990, 0, NULL),
(41, 3, 204, 2011, 0, 7),
(43, 1, 235, 1965, 0, NULL),
(46, 1, 237, 1964, 0, NULL),
(48, 1, 280, 1962, 0, NULL);

-- --------------------------------------------------------

--
-- Table structure for table `tbl_carer_experience`
--

CREATE TABLE IF NOT EXISTS `tbl_carer_experience` (
  `id` int(11) NOT NULL AUTO_INCREMENT,
  `start_date` date DEFAULT NULL,
  `end_date` date DEFAULT NULL,
  `employer` varchar(50) COLLATE utf8_unicode_ci DEFAULT NULL,
  `id_carer` int(11) DEFAULT NULL,
  PRIMARY KEY (`id`),
  KEY `id_carer` (`id_carer`)
) ENGINE=InnoDB DEFAULT CHARSET=utf8 COLLATE=utf8_unicode_ci AUTO_INCREMENT=1 ;

--
-- Dumping data for table `tbl_carer_experience`
--


-- --------------------------------------------------------

--
-- Table structure for table `tbl_carer_financial_transaction`
--

CREATE TABLE IF NOT EXISTS `tbl_carer_financial_transaction` (
  `id` int(11) NOT NULL AUTO_INCREMENT,
  `id_carer` int(11) DEFAULT NULL,
  `date` date DEFAULT NULL,
  `amount` int(11) DEFAULT NULL,
  PRIMARY KEY (`id`),
  KEY `id_carer` (`id_carer`)
) ENGINE=InnoDB DEFAULT CHARSET=utf8 COLLATE=utf8_unicode_ci AUTO_INCREMENT=1 ;

--
-- Dumping data for table `tbl_carer_financial_transaction`
--


-- --------------------------------------------------------

--
-- Table structure for table `tbl_client`
--

CREATE TABLE IF NOT EXISTS `tbl_client` (
  `id` int(11) NOT NULL AUTO_INCREMENT,
  `first_name` varchar(50) COLLATE utf8_unicode_ci NOT NULL,
  `last_name` varchar(50) COLLATE utf8_unicode_ci NOT NULL,
  `email_address` varchar(80) COLLATE utf8_unicode_ci NOT NULL,
  `password` varchar(40) COLLATE utf8_unicode_ci NOT NULL,
  `date_birth` date NOT NULL,
  PRIMARY KEY (`id`)
) ENGINE=InnoDB DEFAULT CHARSET=utf8 COLLATE=utf8_unicode_ci AUTO_INCREMENT=1 ;

--
-- Dumping data for table `tbl_client`
--


-- --------------------------------------------------------

--
-- Table structure for table `tbl_client_address`
--

CREATE TABLE IF NOT EXISTS `tbl_client_address` (
  `id_client` int(11) NOT NULL,
  `id_address` int(11) NOT NULL,
  PRIMARY KEY (`id_client`,`id_address`),
  UNIQUE KEY `id_address` (`id_address`),
  KEY `id_client` (`id_client`)
) ENGINE=InnoDB DEFAULT CHARSET=utf8 COLLATE=utf8_unicode_ci;

--
-- Dumping data for table `tbl_client_address`
--


-- --------------------------------------------------------

--
-- Table structure for table `tbl_client_carer_rating`
--

CREATE TABLE IF NOT EXISTS `tbl_client_carer_rating` (
  `id` int(11) NOT NULL AUTO_INCREMENT,
  `id_carer_availability` int(11) DEFAULT NULL,
  `id_client` int(11) DEFAULT NULL,
  `carer_rating` int(11) DEFAULT NULL,
  `client_rating` int(11) DEFAULT NULL,
  PRIMARY KEY (`id`),
  KEY `id_carer_availability` (`id_carer_availability`),
  KEY `id_client` (`id_client`)
) ENGINE=InnoDB DEFAULT CHARSET=utf8 COLLATE=utf8_unicode_ci AUTO_INCREMENT=1 ;

--
-- Dumping data for table `tbl_client_carer_rating`
--


-- --------------------------------------------------------

--
-- Table structure for table `tbl_client_price`
--

CREATE TABLE IF NOT EXISTS `tbl_client_price` (
  `price_type` varchar(30) COLLATE utf8_unicode_ci NOT NULL,
  `currency` varchar(3) COLLATE utf8_unicode_ci NOT NULL,
  `price` float(2,0) NOT NULL,
  `hours` int(2) NOT NULL,
  PRIMARY KEY (`price_type`,`currency`)
) ENGINE=InnoDB DEFAULT CHARSET=utf8 COLLATE=utf8_unicode_ci AVG_ROW_LENGTH=8192;

--
-- Dumping data for table `tbl_client_price`
--

INSERT INTO `tbl_client_price` (`price_type`, `currency`, `price`, `hours`) VALUES
('live_in_daily', 'GBP', 89, 24);

-- --------------------------------------------------------

--
-- Table structure for table `tbl_condition`
--

CREATE TABLE IF NOT EXISTS `tbl_condition` (
  `id` int(11) NOT NULL AUTO_INCREMENT,
  `name` varchar(30) COLLATE utf8_unicode_ci NOT NULL,
  `type` int(2) NOT NULL,
  `order` int(3) NOT NULL,
  PRIMARY KEY (`id`),
  UNIQUE KEY `UK_tbl_condition` (`name`,`type`,`order`)
) ENGINE=InnoDB  DEFAULT CHARSET=utf8 COLLATE=utf8_unicode_ci AVG_ROW_LENGTH=1489 AUTO_INCREMENT=22 ;

--
-- Dumping data for table `tbl_condition`
--

INSERT INTO `tbl_condition` (`id`, `name`, `type`, `order`) VALUES
(19, 'alzheimer', 2, 1),
(17, 'cant_dressup', 1, 7),
(16, 'cant_wakeup', 1, 6),
(14, 'cant_walk', 1, 4),
(15, 'cant_washup', 1, 5),
(20, 'memory_problems', 2, 2),
(21, 'no_mental_problems', 2, 3),
(18, 'no_physical_problems', 1, 8),
(12, 'paraplegic', 1, 2),
(13, 'parkinson', 1, 3),
(11, 'tetraplegic', 1, 1);

-- --------------------------------------------------------

--
-- Table structure for table `tbl_document`
--

CREATE TABLE IF NOT EXISTS `tbl_document` (
  `id` int(11) NOT NULL AUTO_INCREMENT,
  `name` varchar(30) COLLATE utf8_unicode_ci NOT NULL,
  `type` int(3) NOT NULL,
  `order` int(2) NOT NULL,
  PRIMARY KEY (`id`),
  UNIQUE KEY `UK_tbl_document` (`name`,`order`,`type`)
) ENGINE=InnoDB  DEFAULT CHARSET=utf8 COLLATE=utf8_unicode_ci AVG_ROW_LENGTH=5461 AUTO_INCREMENT=12 ;

--
-- Dumping data for table `tbl_document`
--

INSERT INTO `tbl_document` (`id`, `name`, `type`, `order`) VALUES
(8, 'dementia', 1, 7),
(7, 'emergency_first_aid', 1, 6),
(11, 'food_hygiene', 1, 10),
(5, 'moving_and_handling', 1, 4),
(4, 'nvq_3', 1, 3),
(1, 'nvq1', 1, 1),
(2, 'nvq2', 1, 2),
(10, 'parkinson_s_disease', 1, 9),
(6, 'personal_care_for_the_elderly', 1, 5),
(3, 'photo', 3, 1),
(9, 'stroke_awarness', 1, 8);

-- --------------------------------------------------------

--
-- Table structure for table `tbl_file_content`
--

CREATE TABLE IF NOT EXISTS `tbl_file_content` (
  `id` int(11) NOT NULL AUTO_INCREMENT,
  `name` varchar(70) COLLATE utf8_unicode_ci NOT NULL,
  `type` varchar(50) COLLATE utf8_unicode_ci NOT NULL,
  `size` int(11) NOT NULL,
  `content` mediumblob NOT NULL,
  PRIMARY KEY (`id`)
) ENGINE=InnoDB  DEFAULT CHARSET=utf8 COLLATE=utf8_unicode_ci AVG_ROW_LENGTH=8192 AUTO_INCREMENT=8 ;

--
-- Dumping data for table `tbl_file_content`
--

INSERT INTO `tbl_file_content` (`id`, `name`, `type`, `size`, `content`) VALUES
(6, 'a.png', 'application/octet-stream', 74125, ''),
(7, 'a.png', 'application/octet-stream', 74125, '');

-- --------------------------------------------------------

--
-- Table structure for table `tbl_live_in_client_fin_trans`
--

CREATE TABLE IF NOT EXISTS `tbl_live_in_client_fin_trans` (
  `id` int(11) NOT NULL AUTO_INCREMENT,
  `id_client` int(11) DEFAULT NULL,
  `date` date DEFAULT NULL,
  `amount` int(11) DEFAULT NULL,
  `id_live_in_request` int(11) NOT NULL,
  PRIMARY KEY (`id`),
  UNIQUE KEY `id_live_in_request` (`id_live_in_request`),
  KEY `id_carer` (`id_client`)
) ENGINE=InnoDB DEFAULT CHARSET=utf8 COLLATE=utf8_unicode_ci AUTO_INCREMENT=1 ;

--
-- Dumping data for table `tbl_live_in_client_fin_trans`
--


-- --------------------------------------------------------

--
-- Table structure for table `tbl_live_in_mission`
--

CREATE TABLE IF NOT EXISTS `tbl_live_in_mission` (
  `id` int(11) NOT NULL AUTO_INCREMENT,
  `id_live_in_request` int(11) NOT NULL,
  `start_date` date NOT NULL,
  `end_date` date NOT NULL,
  `mission_status_ref_mission_status` int(11) NOT NULL,
  `id_selected_carer` int(11) DEFAULT NULL,
  PRIMARY KEY (`id`),
  UNIQUE KEY `id_live_in_request` (`id_live_in_request`),
  KEY `id_request` (`id_live_in_request`),
  KEY `mission_status_ref_mission_status` (`mission_status_ref_mission_status`),
  KEY `FK_tbl_live_in_mission` (`id_selected_carer`)
) ENGINE=InnoDB DEFAULT CHARSET=utf8 COLLATE=utf8_unicode_ci AUTO_INCREMENT=1 ;

--
-- Dumping data for table `tbl_live_in_mission`
--


-- --------------------------------------------------------

--
-- Table structure for table `tbl_live_in_mission_carers`
--

CREATE TABLE IF NOT EXISTS `tbl_live_in_mission_carers` (
  `id` int(11) NOT NULL AUTO_INCREMENT,
  `id_live_in_mission` int(11) NOT NULL,
  `id_applying_carer` int(11) NOT NULL,
  `status` enum('none','accepted','cancelled') COLLATE utf8_unicode_ci NOT NULL,
  PRIMARY KEY (`id`),
  UNIQUE KEY `id_live_in_request` (`id_live_in_mission`),
  UNIQUE KEY `id_carer` (`id_applying_carer`),
  KEY `id_request` (`id_live_in_mission`),
  KEY `mission_status_ref_mission_status` (`status`)
) ENGINE=InnoDB DEFAULT CHARSET=utf8 COLLATE=utf8_unicode_ci AUTO_INCREMENT=1 ;

--
-- Dumping data for table `tbl_live_in_mission_carers`
--


-- --------------------------------------------------------

--
-- Table structure for table `tbl_live_in_request`
--

CREATE TABLE IF NOT EXISTS `tbl_live_in_request` (
  `id` int(11) NOT NULL AUTO_INCREMENT,
  `start_date` date NOT NULL,
  `end_date` date NOT NULL,
  `id_client` int(11) NOT NULL,
  `id_service_location` int(11) DEFAULT NULL,
  `start_time` time NOT NULL,
  PRIMARY KEY (`id`),
  KEY `id_client` (`id_client`),
  KEY `id_service_location` (`id_service_location`)
) ENGINE=InnoDB DEFAULT CHARSET=utf8 COLLATE=utf8_unicode_ci AUTO_INCREMENT=1 ;

--
-- Dumping data for table `tbl_live_in_request`
--


-- --------------------------------------------------------

--
-- Table structure for table `tbl_price_type`
--

CREATE TABLE IF NOT EXISTS `tbl_price_type` (
  `type` int(11) NOT NULL AUTO_INCREMENT,
  PRIMARY KEY (`type`)
) ENGINE=InnoDB DEFAULT CHARSET=utf8 COLLATE=utf8_unicode_ci AUTO_INCREMENT=1 ;

--
-- Dumping data for table `tbl_price_type`
--


-- --------------------------------------------------------

--
-- Table structure for table `tbl_ref_mission_status`
--

CREATE TABLE IF NOT EXISTS `tbl_ref_mission_status` (
  `mission_status` int(11) NOT NULL AUTO_INCREMENT,
  `id_text` int(11) DEFAULT NULL,
  PRIMARY KEY (`mission_status`),
  KEY `id_text` (`id_text`)
) ENGINE=InnoDB DEFAULT CHARSET=utf8 COLLATE=utf8_unicode_ci AUTO_INCREMENT=1 ;

--
-- Dumping data for table `tbl_ref_mission_status`
--


-- --------------------------------------------------------

--
-- Table structure for table `tbl_ref_telephone_type`
--

CREATE TABLE IF NOT EXISTS `tbl_ref_telephone_type` (
  `telephone_type` int(11) NOT NULL DEFAULT '0',
  `id_text` int(11) DEFAULT NULL,
  PRIMARY KEY (`telephone_type`),
  KEY `id_text` (`id_text`)
) ENGINE=InnoDB DEFAULT CHARSET=utf8 COLLATE=utf8_unicode_ci;

--
-- Dumping data for table `tbl_ref_telephone_type`
--


-- --------------------------------------------------------

--
-- Table structure for table `tbl_request_payments`
--

CREATE TABLE IF NOT EXISTS `tbl_request_payments` (
  `id` int(11) NOT NULL AUTO_INCREMENT,
  `id_request` int(11) DEFAULT NULL,
  `date` date DEFAULT NULL,
  `amount` int(11) DEFAULT NULL,
  PRIMARY KEY (`id`),
  KEY `id_request` (`id_request`)
) ENGINE=InnoDB DEFAULT CHARSET=utf8 COLLATE=utf8_unicode_ci AUTO_INCREMENT=1 ;

--
-- Dumping data for table `tbl_request_payments`
--


-- --------------------------------------------------------

--
-- Table structure for table `tbl_service_location_address`
--

CREATE TABLE IF NOT EXISTS `tbl_service_location_address` (
  `id` int(11) NOT NULL AUTO_INCREMENT,
  `id_client` int(11) NOT NULL,
  `id_address` int(11) NOT NULL,
  PRIMARY KEY (`id`),
  KEY `FK_tbl_service_location` (`id_client`),
  KEY `FK_tbl_service_location_tbl_address_id` (`id_address`)
) ENGINE=InnoDB DEFAULT CHARSET=utf8 COLLATE=utf8_unicode_ci AUTO_INCREMENT=1 ;

--
-- Dumping data for table `tbl_service_location_address`
--


-- --------------------------------------------------------

--
-- Table structure for table `tbl_service_user`
--

CREATE TABLE IF NOT EXISTS `tbl_service_user` (
  `id` int(11) NOT NULL AUTO_INCREMENT,
  `id_client` int(11) NOT NULL,
  `first_name` varchar(50) COLLATE utf8_unicode_ci NOT NULL,
  `last_name` varchar(50) COLLATE utf8_unicode_ci NOT NULL,
  `date_birth` date NOT NULL,
  `gender` int(11) NOT NULL,
  PRIMARY KEY (`id`),
  KEY `id_clients` (`id_client`)
) ENGINE=InnoDB DEFAULT CHARSET=utf8 COLLATE=utf8_unicode_ci AUTO_INCREMENT=1 ;

--
-- Dumping data for table `tbl_service_user`
--


--
-- Constraints for dumped tables
--

--
-- Constraints for table `tbl_age_group`
--
ALTER TABLE `tbl_age_group`
  ADD CONSTRAINT `FK_tbl_age_group_tbl_carer_id` FOREIGN KEY (`id_carer`) REFERENCES `tbl_carer` (`id`);

--
-- Constraints for table `tbl_carer_address`
--
ALTER TABLE `tbl_carer_address`
  ADD CONSTRAINT `FK_tbl_carer_address_tbl_address_id` FOREIGN KEY (`id_address`) REFERENCES `tbl_address` (`id`),
  ADD CONSTRAINT `FK_tbl_carer_address_tbl_carer_id` FOREIGN KEY (`id_carer`) REFERENCES `tbl_carer` (`id`);

--
-- Constraints for table `tbl_carer_availability`
--
ALTER TABLE `tbl_carer_availability`
  ADD CONSTRAINT `FK_tbl_carer_availability_tbl_carer_id` FOREIGN KEY (`id_carer`) REFERENCES `tbl_carer` (`id`);

--
-- Constraints for table `tbl_carer_condition`
--
ALTER TABLE `tbl_carer_condition`
  ADD CONSTRAINT `FK_tbl_carer_condition_tbl_carer_id` FOREIGN KEY (`id_carer`) REFERENCES `tbl_carer` (`id`),
  ADD CONSTRAINT `FK_tbl_carer_condition_tbl_condition_id` FOREIGN KEY (`id_condition`) REFERENCES `tbl_condition` (`id`);

--
-- Constraints for table `tbl_carer_document`
--
ALTER TABLE `tbl_carer_document`
  ADD CONSTRAINT `FK_tbl_carer_document_tbl_carer_id` FOREIGN KEY (`id_carer`) REFERENCES `tbl_carer` (`id`),
  ADD CONSTRAINT `FK_tbl_carer_document_tbl_document_id` FOREIGN KEY (`id_document`) REFERENCES `tbl_document` (`id`);

--
-- Constraints for table `tbl_client_address`
--
ALTER TABLE `tbl_client_address`
  ADD CONSTRAINT `FK_tbl_client_address_tbl_address_id` FOREIGN KEY (`id_address`) REFERENCES `tbl_address` (`id`),
  ADD CONSTRAINT `FK_tbl_client_address_tbl_client_id` FOREIGN KEY (`id_client`) REFERENCES `tbl_client` (`id`);

--
-- Constraints for table `tbl_live_in_mission`
--
ALTER TABLE `tbl_live_in_mission`
  ADD CONSTRAINT `FK_tbl_live_in_mission` FOREIGN KEY (`id_selected_carer`) REFERENCES `tbl_carer` (`id`),
  ADD CONSTRAINT `FK_tbl_live_in_mission_tbl_live_in_request_id` FOREIGN KEY (`id_live_in_request`) REFERENCES `tbl_live_in_request` (`id`);

--
-- Constraints for table `tbl_live_in_mission_carers`
--
ALTER TABLE `tbl_live_in_mission_carers`
  ADD CONSTRAINT `FK_tbl_live_in_mission_carers` FOREIGN KEY (`id_applying_carer`) REFERENCES `tbl_carer` (`id`),
  ADD CONSTRAINT `FK_tbl_live_in_mission_carers_tbl_live_in_mission_id` FOREIGN KEY (`id_live_in_mission`) REFERENCES `tbl_live_in_mission` (`id`);

--
-- Constraints for table `tbl_live_in_request`
--
ALTER TABLE `tbl_live_in_request`
  ADD CONSTRAINT `FK_tbl_live_in_request_tbl_client_id` FOREIGN KEY (`id_client`) REFERENCES `tbl_client` (`id`),
  ADD CONSTRAINT `FK_tbl_live_in_request_tbl_service_location_id` FOREIGN KEY (`id_service_location`) REFERENCES `tbl_service_location_address` (`id`);

--
-- Constraints for table `tbl_service_location_address`
--
ALTER TABLE `tbl_service_location_address`
  ADD CONSTRAINT `FK_tbl_service_location_tbl_address_id` FOREIGN KEY (`id_address`) REFERENCES `tbl_address` (`id`),
  ADD CONSTRAINT `FK_tbl_service_location_tbl_client_id` FOREIGN KEY (`id_client`) REFERENCES `tbl_client` (`id`);

--
-- Constraints for table `tbl_service_user`
--
ALTER TABLE `tbl_service_user`
  ADD CONSTRAINT `FK_tbl_service_user_tbl_client_id` FOREIGN KEY (`id_client`) REFERENCES `tbl_client` (`id`);
