-- phpMyAdmin SQL Dump
-- version 3.3.9
-- http://www.phpmyadmin.net
--
-- Host: localhost
-- Generation Time: Dec 06, 2012 at 06:13 PM
-- Server version: 5.5.8
-- PHP Version: 5.3.5

SET SQL_MODE="NO_AUTO_VALUE_ON_ZERO";


/*!40101 SET @OLD_CHARACTER_SET_CLIENT=@@CHARACTER_SET_CLIENT */;
/*!40101 SET @OLD_CHARACTER_SET_RESULTS=@@CHARACTER_SET_RESULTS */;
/*!40101 SET @OLD_COLLATION_CONNECTION=@@COLLATION_CONNECTION */;
/*!40101 SET NAMES utf8 */;

--
-- Database: `directhomecare`
--

-- --------------------------------------------------------

--
-- Table structure for table `tbl_action_history`
--

CREATE TABLE IF NOT EXISTS `tbl_action_history` (
  `id_carer` int(11) NOT NULL,
  `action` int(2) NOT NULL,
  `id_mission` int(11) NOT NULL,
  `created` datetime NOT NULL,
  `modified` datetime NOT NULL,
  `triggered_by` int(2) NOT NULL,
  PRIMARY KEY (`id_carer`,`action`,`id_mission`,`created`),
  KEY `FK_tbl_action_history_tbl_mission_id` (`id_mission`)
) ENGINE=InnoDB DEFAULT CHARSET=utf8 COLLATE=utf8_unicode_ci AVG_ROW_LENGTH=5461;

--
-- Dumping data for table `tbl_action_history`
--

REPLACE INTO `tbl_action_history` (`id_carer`, `action`, `id_mission`, `created`, `modified`, `triggered_by`) VALUES
(501, 1, 7, '2012-12-06 15:18:04', '0000-00-00 00:00:00', 1),
(501, 1, 7, '2012-12-06 15:18:26', '0000-00-00 00:00:00', 1),
(501, 1, 7, '2012-12-06 15:18:48', '0000-00-00 00:00:00', 1),
(501, 1, 7, '2012-12-06 15:19:50', '0000-00-00 00:00:00', 1),
(501, 1, 7, '2012-12-06 15:21:32', '0000-00-00 00:00:00', 1),
(501, 1, 7, '2012-12-06 15:23:30', '0000-00-00 00:00:00', 1),
(501, 1, 7, '2012-12-06 15:30:29', '0000-00-00 00:00:00', 1),
(501, 1, 7, '2012-12-06 15:30:38', '0000-00-00 00:00:00', 1),
(501, 1, 7, '2012-12-06 15:34:11', '0000-00-00 00:00:00', 1),
(501, 1, 7, '2012-12-06 17:05:33', '0000-00-00 00:00:00', 1),
(501, 1, 8, '2012-12-06 15:34:12', '0000-00-00 00:00:00', 1),
(501, 1, 9, '2012-12-06 17:05:34', '0000-00-00 00:00:00', 1),
(501, 2, 7, '2012-12-06 15:30:26', '0000-00-00 00:00:00', 1),
(501, 2, 7, '2012-12-06 15:30:32', '0000-00-00 00:00:00', 1),
(501, 2, 7, '2012-12-06 15:34:03', '0000-00-00 00:00:00', 1),
(501, 2, 7, '2012-12-06 15:39:16', '0000-00-00 00:00:00', 1),
(501, 3, 9, '2012-12-06 17:51:29', '0000-00-00 00:00:00', 2),
(501, 4, 8, '2012-12-06 16:37:32', '0000-00-00 00:00:00', 1),
(501, 5, 7, '2012-12-06 18:05:32', '0000-00-00 00:00:00', 1);

-- --------------------------------------------------------

--
-- Table structure for table `tbl_address`
--

CREATE TABLE IF NOT EXISTS `tbl_address` (
  `id` int(11) NOT NULL AUTO_INCREMENT,
  `address_line_1` varchar(50) COLLATE utf8_unicode_ci NOT NULL,
  `address_line_2` varchar(50) COLLATE utf8_unicode_ci DEFAULT NULL,
  `city` varchar(50) COLLATE utf8_unicode_ci NOT NULL,
  `county` varchar(50) COLLATE utf8_unicode_ci NOT NULL,
  `post_code` varchar(10) COLLATE utf8_unicode_ci NOT NULL,
  `country` varchar(50) COLLATE utf8_unicode_ci NOT NULL,
  `landline` varchar(20) COLLATE utf8_unicode_ci DEFAULT NULL,
  `longitude` double DEFAULT NULL,
  `latitude` double DEFAULT NULL,
  PRIMARY KEY (`id`)
) ENGINE=InnoDB  DEFAULT CHARSET=utf8 COLLATE=utf8_unicode_ci AVG_ROW_LENGTH=152 AUTO_INCREMENT=881 ;

--
-- Dumping data for table `tbl_address`
--

REPLACE INTO `tbl_address` (`id`, `address_line_1`, `address_line_2`, `city`, `county`, `post_code`, `country`, `landline`, `longitude`, `latitude`) VALUES
(274, 'Flat 8', 'Cambridge Gardens', 'London', '', 'W10 5UB', 'GB', NULL, NULL, NULL),
(275, 'Flat 8', 'Cambridge Gardens', 'London', '', 'W10 5UB', 'GB', NULL, NULL, NULL),
(276, 'Flat 8', 'Cambridge Gardens', 'London', '', 'W10 5UB', 'GB', NULL, NULL, NULL),
(277, 'Flat 8', 'Cambridge Gardens', 'London', '', 'W10 5UB', 'GB', NULL, NULL, NULL),
(278, 'Flat 8', 'Cambridge Gardens', 'London', '', 'W10 5UB', 'GB', NULL, NULL, NULL),
(279, 'Flat 8', 'Cambridge Gardens', 'London', '', 'W10 5UB', 'GB', NULL, NULL, NULL),
(280, 'Flat 8', 'Cambridge Gardens', 'London', '', 'W10 5UB', 'GB', NULL, NULL, NULL),
(281, 'Flat 8', 'Cambridge Gardens', 'London', '', 'W10 5UB', 'GB', NULL, NULL, NULL),
(282, 'Flat 8', 'Cambridge Gardens', 'London', '', 'W10 5UB', 'GB', NULL, NULL, NULL),
(283, 'Flat 8', 'Cambridge Gardens', 'London', '', 'W10 5UB', 'GB', NULL, NULL, NULL),
(284, 'Flat 8', 'Cambridge Gardens', 'London', '', 'W10 5UB', 'GB', NULL, NULL, NULL),
(285, 'Flat 8', 'Cambridge Gardens', 'London', '', 'W10 5UB', 'GB', NULL, NULL, NULL),
(286, 'Flat 8', 'Cambridge Gardens', 'London', '', 'W10 5UB', 'GB', NULL, NULL, NULL),
(287, 'Flat 8', 'Cambridge Gardens 2', 'London', '', 'W10 5UB', 'GB', NULL, NULL, NULL),
(288, 'Flat 8', 'Cambridge Gardens', 'London', '', 'W10 5UB', 'GB', NULL, NULL, NULL),
(289, 'Flat 81', 'Cambridge Gardens', 'London', '', 'W10 5UB', 'GB', NULL, NULL, NULL),
(290, 'Flat 8', 'Cambridge Gardens', 'London', '', 'W10 5UB', 'GB', NULL, NULL, NULL),
(291, 'Flat 8', 'Cambridge Gardens 2', 'London', '', 'W10 5UB', 'GB', NULL, NULL, NULL),
(292, 'Flat 81', 'Cambridge Gardens', 'London', '', 'W10 5UB', 'GB', NULL, NULL, NULL),
(293, 'Flat 8', 'Cambridge Gardens', 'London', '', 'W10 5UB', 'GB', NULL, NULL, NULL),
(294, 'Flat 8', 'Cambridge Gardens', 'London', '', 'W10 5UB', 'GB', NULL, NULL, NULL),
(295, 'Flat 8', 'Cambridge Gardens', 'London', '', 'W10 5UB', 'GB', NULL, NULL, NULL),
(296, 'Flat 8', 'Cambridge Gardens', 'London', '', 'W10 5UB', 'GB', NULL, NULL, NULL),
(297, 'Flat 8', 'Cambridge Gardens', 'London', '', 'W10 5UB', 'GB', NULL, NULL, NULL),
(298, 'Flat 8', 'Cambridge Gardens', 'London', '', 'W10 5UB', 'GB', NULL, NULL, NULL),
(299, 'Flat 8', 'Cambridge Gardens', 'London', '', 'W10 5UB', 'GB', NULL, NULL, NULL),
(300, 'Flat 8', 'Cambridge Gardens', 'London', '', 'W10 5UB', 'GB', NULL, NULL, NULL),
(301, 'Flat 8', 'Cambridge Gardens', 'London', '', 'W10 5UB', 'GB', NULL, NULL, NULL),
(302, 'Flat 8', 'Cambridge Gardens', 'London', '', 'W10 5UB', 'GB', NULL, NULL, NULL),
(303, 'Flat 8', 'Cambridge Gardens', 'London', '', 'W10 5UB', 'GB', NULL, NULL, NULL),
(304, 'Flat 8', 'Cambridge Gardens', 'London', '', 'W10 5UB', 'GB', NULL, NULL, NULL),
(305, 'Flat 8', 'Cambridge Gardens', 'London', '', 'W10 5UB', 'GB', NULL, NULL, NULL),
(306, 'Flat 8', 'Cambridge Gardens', 'London', '', 'W10 5UB', 'GB', NULL, NULL, NULL),
(307, 'Flat 8', 'Cambridge Gardens', 'London', '', 'W10 5UB', 'GB', NULL, NULL, NULL),
(308, 'Flat 8', 'Cambridge Gardens', 'London', '', 'W10 5UB', 'GB', NULL, NULL, NULL),
(309, 'Flat 8', 'Cambridge Gardens', 'London', '', 'W10 5UB', 'GB', NULL, NULL, NULL),
(310, 'Flat 8', 'Cambridge Gardens', 'London', '', 'W10 5UB', 'GB', NULL, NULL, NULL),
(311, 'sds', 'sd', 'sd', '', 'sd', 'GB', NULL, NULL, NULL),
(312, 'test', 'test', 'tes', '', 'te', 'GB', NULL, NULL, NULL),
(313, 'test', 'test', 'tes', '', 'te', 'GB', NULL, NULL, NULL),
(314, 'dsf', 'dsf', 'sdf', '', 'sfd', 'GB', NULL, NULL, NULL),
(315, 'dsf', 'dsf', 'sdf', '', 'sfd', 'GB', NULL, NULL, NULL),
(316, 'test', 'test', 'test', '', 'test', 'GB', NULL, NULL, NULL),
(317, 'test', 'test', 'test', '', 'test', 'GB', NULL, NULL, NULL),
(318, 'Flat 8', '25 Oxford Street', 'London', '', 'W1B 5AG', 'GB', NULL, NULL, NULL),
(319, 'Flat 8', '25 Oxford Street', 'London', '', 'W1B 5AG', 'GB', NULL, NULL, NULL),
(320, 'Flat 8', '25 Oxford Street', 'London', '', 'W1B 5AG', 'GB', NULL, NULL, NULL),
(321, 'Flat 8', '25 Oxford Street', 'London', '', 'W1B 5AG', 'GB', NULL, NULL, NULL),
(322, 'Flat 8', '25 Oxford Street', 'London', '', 'W1B 5AG', 'GB', NULL, NULL, NULL),
(323, 'Flat 8', '25 Oxford Street', 'London', '', 'W1B 5AG', 'GB', NULL, NULL, NULL),
(324, 'Flat 8', '25 Oxford Street', 'London', '', 'W1B 5AG', 'GB', NULL, NULL, NULL),
(325, 'Flat 8', '25 Oxford Street', 'London', '', 'W1B 5AG', 'GB', NULL, NULL, NULL),
(326, 'Flat 8', 'Cambridge Gardens', 'London', '', 'W10 5UB', 'GB', NULL, NULL, NULL),
(327, 'Flat 8', '25 Oxford Street', 'London', '', 'W1B 5AG', 'GB', NULL, NULL, NULL),
(328, 'Flat 8', '25 Oxford Street', 'London', '', 'W1B 5AG', 'GB', NULL, NULL, NULL),
(329, 'Flat 8', '25 Oxford Street', 'London', '', 'W1B 5AG', 'GB', NULL, NULL, NULL),
(330, 'Flat 8', '25 Oxford Street', 'London', '', 'W1B 5AG', 'GB', NULL, NULL, NULL),
(331, 'Flat 8', '25 Oxford Street', 'London', '', 'W1B 5AG', 'GB', NULL, NULL, NULL),
(332, 'Flat 8', '25 Oxford Street', 'London', '', 'W1B 5AG', 'GB', NULL, NULL, NULL),
(333, 'Flat 8', '25 Oxford Street', 'London', '', 'W1B 5AG', 'GB', NULL, NULL, NULL),
(334, 'Flat 8', '25 Oxford Street', 'London', '', 'W1B 5AG', 'GB', NULL, NULL, NULL),
(335, 'Flat 8', '25 Oxford Street', 'London', '', 'W1B 5AG', 'GB', NULL, NULL, NULL),
(336, 'Flat 8', '25 Oxford Street', 'London', '', 'W1B 5AG', 'GB', NULL, NULL, NULL),
(337, 'Flat 8', '25 Oxford Street', 'London', '', 'W1B 5AG', 'GB', NULL, NULL, NULL),
(338, 'Flat 8', '25 Oxford Street', 'London', '', 'W1B 5AG', 'GB', NULL, NULL, NULL),
(339, 'Flat 8', '25 Oxford Street', 'London', '', 'W1B 5AG', 'GB', NULL, NULL, NULL),
(340, 'Flat 8', '25 Oxford Street', 'London', '', 'W1B 5AG', 'GB', NULL, NULL, NULL),
(341, 'Flat 8', '25 Oxford Street', 'London', '', 'W1B 5AG', 'GB', NULL, NULL, NULL),
(342, 'Flat 8', '25 Oxford Street', 'London', '', 'W1B 5AG', 'GB', NULL, NULL, NULL),
(343, 'Flat 8', '25 Oxford Street', 'London', '', 'W1B 5AG', 'GB', NULL, NULL, NULL),
(344, 'Flat 8', '25 Oxford Street', 'London', '', 'W1B 5AG', 'GB', NULL, NULL, NULL),
(345, 'Flat 8', '25 Oxford Street', 'London', '', 'W1B 5AG', 'GB', NULL, NULL, NULL),
(346, 'Flat 8', '25 Oxford Street', 'London', '', 'W1B 5AG', 'GB', NULL, NULL, NULL),
(347, 'Flat 8', '25 Oxford Street', 'London', '', 'W1B 5AG', 'GB', NULL, NULL, NULL),
(348, 'Flat 8', '25 Oxford Street', 'London', '', 'W1B 5AG', 'GB', NULL, NULL, NULL),
(349, 'Flat 8', '25 Oxford Street', 'London', '', 'W1B 5AG', 'GB', NULL, NULL, NULL),
(350, 'Flat 8', '25 Oxford Street', 'London', '', 'W1B 5AG', 'GB', NULL, NULL, NULL),
(351, 'Flat 8', 'Cambridge Gardens', 'London', '', 'W10 5UB', 'GB', NULL, NULL, NULL),
(352, 'Flat 8', '25 Oxford Street', 'London', '', 'W1B 5AG', 'GB', NULL, NULL, NULL),
(353, 'Flat 8', '25 Oxford Street', 'London', '', 'W1B 5AG', 'GB', NULL, NULL, NULL),
(354, 'Flat 8', '25 Oxford Street', 'London', '', 'W1B 5AG', 'GB', NULL, NULL, NULL),
(355, 'Flat 8', '25 Oxford Street', 'London', '', 'W1B 5AG', 'GB', NULL, NULL, NULL),
(356, 'Flat 8', '25 Oxford Street', 'London', '', 'W1B 5AG', 'GB', NULL, NULL, NULL),
(357, 'Flat 8', 'Cambridge Gardens', 'London', '', 'W10 5UB', 'GB', NULL, NULL, NULL),
(358, 'Flat 8', '25 Oxford Street', 'London', '', 'W1B 5AG', 'GB', NULL, NULL, NULL),
(359, 'Flat 8', '25 Oxford Street', 'London', '', 'W1B 5AG', 'GB', NULL, NULL, NULL),
(360, 'Flat 8', 'Cambridge Gardens', 'London', '', 'W10 5UB', 'GB', NULL, NULL, NULL),
(361, 'Flat 8', 'Cambridge Gardens', 'London', '', 'W10 5UB', 'GB', NULL, NULL, NULL),
(362, 'Flat 8', '25 Oxford Street', 'London', '', 'W1B 5AG', 'GB', NULL, NULL, NULL),
(363, 'Flat 8', '25 Oxford Street', 'London', '', 'W1B 5AG', 'GB', NULL, NULL, NULL),
(364, 'Flat 8', '25 Oxford Street', 'London', '', 'W1B 5AG', 'GB', NULL, NULL, NULL),
(365, 'Flat 8', '25 Oxford Street', 'London', '', 'W1B 5AG', 'GB', NULL, NULL, NULL),
(366, 'Flat 8', '25 Oxford Street', 'London', '', 'W1B 5AG', 'GB', NULL, NULL, NULL),
(367, 'Flat 8', '25 Oxford Street', 'London', '', 'W1B 5AG', 'GB', NULL, NULL, NULL),
(368, 'Flat 8', '25 Oxford Street', 'London', '', 'W1B 5AG', 'GB', NULL, NULL, NULL),
(369, 'Flat 8', '25 Oxford Street', 'London', '', 'W1B 5AG', 'GB', NULL, NULL, NULL),
(370, 'Flat 8', '25 Oxford Street', 'London', '', 'W1B 5AG', 'GB', NULL, NULL, NULL),
(371, 'Flat 8', '25 Oxford Street', 'London', '', 'W1B 5AG', 'GB', NULL, NULL, NULL),
(372, 'Flat 8', '25 Oxford Street', 'London', '', 'W1B 5AG', 'GB', NULL, NULL, NULL),
(373, 'Flat 8', '25 Oxford Street', 'London', '', 'W1B 5AG', 'GB', NULL, NULL, NULL),
(374, 'Flat 8', '25 Oxford Street', 'London', '', 'W1B 5AG', 'GB', NULL, NULL, NULL),
(375, 'Flat 8', '25 Oxford Street', 'London', '', 'W1B 5AG', 'GB', NULL, NULL, NULL),
(376, 'Flat 8', '25 Oxford Street', 'London', '', 'W1B 5AG', 'GB', NULL, NULL, NULL),
(377, 'Flat 8', '25 Oxford Street', 'London', '', 'W1B 5AG', 'GB', NULL, NULL, NULL),
(378, 'Flat 8', '25 Oxford Street', 'London', '', 'W1B 5AG', 'GB', NULL, NULL, NULL),
(379, 'Flat 8', '25 Oxford Street', 'London', '', 'W1B 5AG', 'GB', NULL, NULL, NULL),
(380, 'Flat 8', '25 Oxford Street', 'London', '', 'W1B 5AG', 'GB', NULL, NULL, NULL),
(381, 'Flat 8', '25 Oxford Street', 'London', '', 'W1B 5AG', 'GB', NULL, NULL, NULL),
(382, 'Flat 8', '25 Oxford Street', 'London', '', 'W1B 5AG', 'GB', NULL, NULL, NULL),
(383, 'Flat 8', '25 Oxford Street', 'London', '', 'W1B 5AG', 'GB', NULL, NULL, NULL),
(384, 'Flat 8', '25 Oxford Street', 'London', '', 'W1B 5AG', 'GB', NULL, NULL, NULL),
(385, 'Flat 8', '25 Oxford Street', 'London', '', 'W1B 5AG', 'GB', NULL, NULL, NULL),
(386, 'Flat 8', '25 Oxford Street', 'London', '', 'W1B 5AG', 'GB', NULL, NULL, NULL),
(387, 'Flat 8', '25 Oxford Street', 'London', '', 'W1B 5AG', 'GB', NULL, NULL, NULL),
(388, 'Flat 8', '25 Oxford Street', 'London', '', 'W1B 5AG', 'GB', NULL, NULL, NULL),
(389, 'Flat 8', '25 Oxford Street', 'London', '', 'W1B 5AG', 'GB', NULL, NULL, NULL),
(390, 'Flat 8', '25 Oxford Street', 'London', '', 'W1B 5AG', 'GB', NULL, NULL, NULL),
(391, 'Flat 8', '25 Oxford Street', 'London', '', 'W1B 5AG', 'GB', NULL, NULL, NULL),
(392, 'Flat 8', '25 Oxford Street', 'London', '', 'W1B 5AG', 'GB', NULL, NULL, NULL),
(393, 'Flat 8', '25 Oxford Street', 'London', '', 'W1B 5AG', 'GB', NULL, NULL, NULL),
(394, 'Flat 8', '25 Oxford Street', 'London', '', 'W1B 5AG', 'GB', NULL, NULL, NULL),
(395, 'Flat 8', '25 Oxford Street', 'London', '', 'W1B 5AG', 'GB', NULL, NULL, NULL),
(396, 'Flat 8', '25 Oxford Street', 'London', '', 'W1B 5AG', 'GB', NULL, NULL, NULL),
(397, 'Flat 8', '25 Oxford Street', 'London', '', 'W1B 5AG', 'GB', NULL, NULL, NULL),
(398, 'Flat 8', '25 Oxford Street', 'London', '', 'W1B 5AG', 'GB', NULL, NULL, NULL),
(399, 'Flat 8', '25 Oxford Street', 'London', '', 'W1B 5AG', 'GB', NULL, NULL, NULL),
(400, 'Flat 8', '25 Oxford Street', 'London', '', 'W1B 5AG', 'GB', NULL, NULL, NULL),
(401, 'Flat 8', '25 Oxford Street', 'London', '', 'W1B 5AG', 'GB', NULL, NULL, NULL),
(402, 'Flat 8', '25 Oxford Street', 'London', '', 'W1B 5AG', 'GB', NULL, NULL, NULL),
(403, 'Flat 8', '25 Oxford Street', 'London', '', 'W1B 5AG', 'GB', NULL, NULL, NULL),
(404, 'Flat 8', '25 Oxford Street', 'London', '', 'W1B 5AG', 'GB', NULL, NULL, NULL),
(405, 'Flat 8', '25 Oxford Street', 'London', '', 'W1B 5AG', 'GB', NULL, NULL, NULL),
(406, 'Flat 8', '25 Oxford Street', 'London', '', 'W1B 5AG', 'GB', NULL, NULL, NULL),
(407, 'Flat 8', '25 Oxford Street', 'London', '', 'W1B 5AG', 'GB', NULL, NULL, NULL),
(408, 'Flat 8', '25 Oxford Street', 'London', '', 'W1B 5AG', 'GB', NULL, NULL, NULL),
(409, 'Flat 8', '25 Oxford Street', 'London', '', 'W1B 5AG', 'GB', NULL, NULL, NULL),
(410, 'Flat 8', '25 Oxford Street', 'London', '', 'W1B 5AG', 'GB', NULL, NULL, NULL),
(411, 'Flat 8', '25 Oxford Street', 'London', '', 'W1B 5AG', 'GB', NULL, NULL, NULL),
(418, 'Flat 9', '25 Oxford Street', 'London', '', 'W1B 5AG', 'GB', NULL, NULL, NULL),
(419, 'Flat 8', 'Cambridge Gardens', 'London', '', 'W10 5UB', 'GB', NULL, NULL, NULL),
(420, 'Flat 8', '25 Oxford Street', 'London', '', 'W1B 5AG', 'GB', NULL, NULL, NULL),
(421, 'Flat 8', '25 Oxford Street', 'London', '', 'W1B 5AG', 'GB', NULL, NULL, NULL),
(422, 'Flat 8', 'Cambridge Gardens', 'London', '', 'W10 5UB', 'GB', NULL, NULL, NULL),
(423, 'Flat 8', '25 Oxford Street', 'London', '', 'W1B 5AG', 'GB', NULL, NULL, NULL),
(424, 'Flat 8', '25 Oxford Street', 'London', '', 'W1B 5AG', 'GB', NULL, NULL, NULL),
(425, 'Flat 8', 'Cambridge Gardens', 'London', '', 'W10 5UB', 'GB', NULL, NULL, NULL),
(426, 'Flat 8', 'Cambridge Gardens', 'London', '', 'W10 5UB', 'GB', NULL, NULL, NULL),
(427, 'Flat 8', 'Cambridge Gardens', 'London', '', 'W10 5UB', 'GB', NULL, NULL, NULL),
(428, 'Flat 8', 'Cambridge Gardens', 'London', '', 'W10 5UB', 'GB', NULL, NULL, NULL),
(429, 'Flat 8', 'Cambridge Gardens', 'London', '', 'W10 5UB', 'GB', NULL, NULL, NULL),
(430, 'Flat 8', 'Cambridge Gardens', 'London', '', 'W10 5UB', 'GB', NULL, NULL, NULL),
(431, 'Flat 8', 'Cambridge Gardens', 'London', '', 'W10 5UB', 'GB', NULL, NULL, NULL),
(432, 'Flat 8', 'Cambridge Gardens', 'London', '', 'W10 5UB', 'GB', NULL, NULL, NULL),
(433, 'Flat 8', 'Cambridge Gardens', 'London', '', 'W10 5UB', 'GB', NULL, NULL, NULL),
(434, 'Flat 8', '25 Oxford Street', 'London', '', 'W1B 5AG', 'GB', NULL, NULL, NULL),
(435, 'Flat 8', 'Cambridge Gardens', 'London', '', 'W10 5UB', 'GB', NULL, NULL, NULL),
(436, 'Flat 8', 'Cambridge Gardens', 'London', '', 'W10 5UB', 'GB', NULL, NULL, NULL),
(437, 'Flat 8', 'Cambridge Gardens', 'London', '', 'W10 5UB', 'GB', NULL, NULL, NULL),
(438, 'Flat 8', 'Cambridge Gardens', 'London', '', 'W10 5UB', 'GB', NULL, NULL, NULL),
(439, 'Flat 8', 'Cambridge Gardens', 'London', '', 'W10 5UB', 'GB', NULL, NULL, NULL),
(440, 'Flat 8', 'Cambridge Gardens', 'London', '', 'W10 5UB', 'GB', NULL, NULL, NULL),
(441, 'Flat 8', 'Cambridge Gardens', 'London', '', 'W10 5UB', 'GB', NULL, NULL, NULL),
(442, 'Flat 8', 'Cambridge Gardens', 'London', '', 'W10 5UB', 'GB', NULL, NULL, NULL),
(443, 'Flat 8', 'Cambridge Gardens', 'London', '', 'W10 5UB', 'GB', NULL, NULL, NULL),
(444, 'esdasd', '', 'sadad', '', 'asdad', 'GB', NULL, NULL, NULL),
(445, 'Flat 8', 'Cambridge Gardens', 'London', '', 'W10 5UB', 'GB', NULL, NULL, NULL),
(446, 'Flat 8', 'Cambridge Gardens', 'London', '', 'W10 5UB', 'GB', NULL, NULL, NULL),
(447, 'Flat 8', 'Cambridge Gardens', 'London', '', 'W10 5UB', 'GB', NULL, NULL, NULL),
(448, 'Flat 8', 'Cambridge Gardens', 'London', '', 'W10 5UB', 'GB', NULL, NULL, NULL),
(449, 'dsf', '', 'sad', '', 'asd', 'GB', NULL, NULL, NULL),
(450, 'Flat 8', 'Cambridge Gardens', 'London', '', 'W10 5UB', 'GB', NULL, NULL, NULL),
(451, 'Flat 8', 'Cambridge Gardens', 'London', '', 'W10 5UB', 'GB', NULL, NULL, NULL),
(452, 'Flat 8', 'Cambridge Gardens', 'London', '', 'W10 5UB', 'GB', NULL, NULL, NULL),
(453, 'Flat 8', 'Cambridge Gardens', 'London', '', 'W10 5UB', 'GB', NULL, NULL, NULL),
(454, 'Flat 8', 'Cambridge Gardens', 'London', '', 'W10 5UB', 'GB', NULL, NULL, NULL),
(455, 'Flat 8', 'Cambridge Gardens', 'London', '', 'W10 5UB', 'GB', NULL, NULL, NULL),
(456, 'Flat 8', 'Cambridge Gardens', 'London', '', 'W10 5UB', 'GB', NULL, NULL, NULL),
(457, 'Flat 8', 'Cambridge Gardens', 'London', '', 'W10 5U8', 'GB', NULL, NULL, NULL),
(458, 'Flat 8', 'Cambridge Gardens', 'London', '', 'W10 5UB', 'GB', NULL, NULL, NULL),
(459, 'Flat 8', 'Cambridge Gardens', 'London', '', 'W10 5UB', 'GB', NULL, NULL, NULL),
(460, 'Flat 8', 'Cambridge Gardens', 'London', '', 'W10 5UB', 'GB', NULL, NULL, NULL),
(461, 'Flat 8', 'Cambridge Gardens', 'London', '', 'W10 5UB', 'GB', NULL, NULL, NULL),
(462, 'Flat 8', 'Cambridge Gardens', 'London', '', 'W10 5UB', 'GB', NULL, NULL, NULL),
(463, 'Flat 8', 'Cambridge Gardens', 'London', '', 'W10 5UB', 'GB', NULL, NULL, NULL),
(464, 'Flat 8', 'Cambridge Gardens', 'London', '', 'W10 5UB', 'GB', NULL, NULL, NULL),
(465, 'Flat 8', '25 Oxford Street', 'London', '', 'W1B 5AG', 'GB', NULL, NULL, NULL),
(466, 'Flat 8', 'Cambridge Gardens', 'London', '', 'W10 5UB', 'GB', NULL, NULL, NULL),
(467, 'Flat 8', 'Cambridge Gardens', 'London', '', 'W10 5UB', 'GB', NULL, NULL, NULL),
(468, 'Flat 8', 'Cambridge Gardens', 'London', '', 'W10 5UB', 'GB', NULL, NULL, NULL),
(470, 'Flat 8', '25 Oxford Street', 'London', '', 'W1B 5AG', 'GB', NULL, NULL, NULL),
(471, 'Flat 8', '25 Oxford Street', 'London', '', 'W1B 5AG', 'GB', NULL, NULL, NULL),
(472, 'Flat 8', 'Cambridge Gardens', 'London', '', 'W10 5UB', 'GB', NULL, NULL, NULL),
(473, 'Flat 8', 'Cambridge Gardens', 'London', '', 'W10 5UB', 'GB', NULL, NULL, NULL),
(474, 'Flat 8', 'Cambridge Gardens', 'London', '', 'W10 5UB', 'GB', NULL, NULL, NULL),
(475, 'Flat 8', 'Cambridge Gardens', 'London', '', 'W10 5UB', 'GB', NULL, NULL, NULL),
(476, 'Flat 8', 'Cambridge Gardens', 'London', '', 'W10 5UB', 'GB', NULL, NULL, NULL),
(477, 'Flat 8', 'Cambridge Gardens', 'London', '', 'W10 5UB', 'GB', NULL, NULL, NULL),
(478, 'Flat 8', 'Cambridge Gardens', 'London', '', 'W10 5UB', 'GB', NULL, NULL, NULL),
(479, 'Flat 8', 'Cambridge Gardens', 'London', '', 'W10 5UB', 'GB', NULL, NULL, NULL),
(480, 'Flat 8', 'Cambridge Gardens', 'London', '', 'W10 5UB', 'GB', NULL, NULL, NULL),
(481, 'Flat 8', 'Cambridge Gardens', 'London', '', 'W10 5UB', 'GB', NULL, NULL, NULL),
(482, 'Flat 8', 'Cambridge Gardens', 'London', '', 'W10 5UB', 'GB', NULL, NULL, NULL),
(483, 'Flat 8', 'Cambridge Gardens', 'London', '', 'W10 5UB', 'GB', NULL, NULL, NULL),
(484, 'Flat 8', 'Cambridge Gardens', 'London', '', 'W10 5UB', 'GB', NULL, NULL, NULL),
(485, 'Flat 8', 'Cambridge Gardens', 'London', '', 'W10 5UB', 'GB', NULL, NULL, NULL),
(486, 'Flat 8', 'Cambridge Gardens', 'London', '', 'W10 5UB', 'GB', NULL, NULL, NULL),
(487, 'Flat 8', 'Cambridge Gardens', 'London', '', 'W10 5UB', 'GB', NULL, NULL, NULL),
(488, 'Flat 8', 'Cambridge Gardens', 'London', '', 'W10 5UB', 'GB', NULL, NULL, NULL),
(489, 'Flat 8', 'Cambridge Gardens', 'London', '', 'W10 5UB', 'GB', NULL, NULL, NULL),
(490, 'Flat 8', 'Cambridge Gardens', 'London', '', 'W10 5UB', 'GB', NULL, NULL, NULL),
(491, 'Flat 8', 'Cambridge Gardens', 'London', '', 'W10 5UB', 'GB', NULL, NULL, NULL),
(492, 'Flat 8', 'Cambridge Gardens', 'London', '', 'W10 5UB', 'GB', NULL, NULL, NULL),
(493, 'Flat 8', '25 Oxford Street', 'London', '', 'W1B 5AG', 'GB', NULL, NULL, NULL),
(494, 'Flat 8', '25 Oxford Street', 'London', '', 'W1B 5AG', 'GB', NULL, NULL, NULL),
(495, 'Flat 8', '25 Oxford Street', 'London', '', 'W1B 5AG', 'GB', NULL, NULL, NULL),
(496, 'Flat 8', 'Cambridge Gardens', 'London', '', 'W10 5UB', 'GB', NULL, NULL, NULL),
(497, 'Flat 8', 'Cambridge Gardens', 'London', '', 'W10 5UB', 'GB', NULL, NULL, NULL),
(498, 'Flat 8', 'Cambridge Gardens', 'London', '', 'W10 5UB', 'GB', NULL, NULL, NULL),
(499, 'Flat 8', 'Cambridge Gardens', 'London', '', 'W10 5UB', 'GB', NULL, NULL, NULL),
(500, 'Flat 8', 'Cambridge Gardens', 'London', '', 'W10 5UB', 'GB', NULL, NULL, NULL),
(501, 'Flat 8', '25 Oxford Street', 'London', '', 'W1B 5AG', 'GB', NULL, NULL, NULL),
(502, 'Flat 8', 'Cambridge Gardens', 'London', '', 'W10 5UB', 'GB', NULL, NULL, NULL),
(504, 'Flat 8', '25 Oxford Street', 'London', '', 'W1B 5AG', 'GB', NULL, NULL, NULL),
(505, 'Flat 8', '25 Oxford Street', 'London', '', 'W1B 5AG', 'GB', NULL, NULL, NULL),
(506, 'Flat 8', 'Cambridge Gardens', 'London', '', 'W10 5UB', 'GB', NULL, NULL, NULL),
(507, 'Flat 8', '25 Oxford Street', 'London', '', 'W1B 5AG', 'GB', NULL, NULL, NULL),
(508, 'Flat 8', 'Cambridge Gardens', 'London', '', 'W10 5UB', 'GB', NULL, NULL, NULL),
(509, 'Flat 8', 'Cambridge Gardens', 'London', '', 'W10 5UB', 'GB', NULL, NULL, NULL),
(510, 'Flat 8', 'Cambridge Gardens', 'London', '', 'W10 5UB', 'GB', NULL, NULL, NULL),
(511, 'Flat 8', 'Cambridge Gardens', 'London', '', 'W10 5UB', 'GB', NULL, NULL, NULL),
(513, 'Flat 8', '25 Oxford Street', 'London', '', 'W1B 5AG', 'GB', NULL, NULL, NULL),
(514, 'Flat 8', '25 Oxford Street', 'London', '', 'W1B 5AG', 'GB', NULL, NULL, NULL),
(515, 'Flat 8', '25 Oxford Street', 'London', '', 'W1B 5AG', 'GB', NULL, NULL, NULL),
(516, 'Flat 8', '25 Oxford Street', 'London', '', 'W1B 5AG', 'GB', NULL, NULL, NULL),
(517, 'Flat 8', '25 Oxford Street', 'London', '', 'W1B 5AG', 'GB', NULL, NULL, NULL),
(518, 'Flat 8', '25 Oxford Street', 'London', '', 'W1B 5AG', 'GB', NULL, NULL, NULL),
(519, 'Flat 8', 'Cambridge Gardens', 'London', '', 'W10 5UB', 'GB', NULL, NULL, NULL),
(520, 'Flat 8', '25 Oxford Street', 'London', '', 'W1B 5AG', 'GB', NULL, NULL, NULL),
(530, 'Flat 8', '25 Oxford Street', 'London', '', 'W1B 5AG', 'GB', NULL, NULL, NULL),
(536, 'Flat 8', '25 Oxford Street', 'London', '', 'W1B 5AG', 'GB', NULL, NULL, NULL),
(546, 'Flat 823', '25 Oxford Street', 'London', '', 'W1B 5AG', 'GB', NULL, NULL, NULL),
(547, 'Flat 8', '25 Oxford Street', 'London', '', 'W1B 5AG', 'GB', NULL, NULL, NULL),
(548, 'Flat 8', '25 Oxford Street', 'London', '', 'W1B 5AG', 'GB', NULL, NULL, NULL),
(549, 'Flat 8', 'Cambridge Gardens', 'London', '', 'W10 5UB', 'GB', NULL, NULL, NULL),
(550, 'Flat 8', 'Cambridge Gardens', 'London', '', 'W10 5UB', 'GB', NULL, NULL, NULL),
(551, 'Flat 8', '25 Oxford Street', 'London', '', 'W1B 5AG', 'GB', NULL, NULL, NULL),
(553, 'Flat 8', '25 Oxford Street', 'London', '', 'W1B 5AG', 'GB', NULL, NULL, NULL),
(568, 'Flat 8', '25 Oxford Street', 'London', '', 'W1B 5AG', 'GB', NULL, NULL, NULL),
(569, 'Flat 8', '25 Oxford Street', 'London', '', 'W1B 5AG', 'GB', NULL, NULL, NULL),
(570, 'Flat 8', '25 Oxford Street', 'London', '', 'W1B 5AG', 'GB', NULL, NULL, NULL),
(571, 'Flat 8', '25 Oxford Street', 'London', '', 'W1B 5AG', 'GB', NULL, NULL, NULL),
(572, 'Flat 8', '25 Oxford Street', 'London', '', 'W1B 5AG', 'GB', NULL, NULL, NULL),
(573, 'Flat 8', '25 Oxford Street', 'London', '', 'W1B 5AG', 'GB', NULL, NULL, NULL),
(574, 'Flat 8', '25 Oxford Street', 'London', '', 'W1B 5AG', 'GB', NULL, NULL, NULL),
(575, 'Flat 8', '25 Oxford Street', 'London', '', 'W1B 5AG', 'GB', NULL, NULL, NULL),
(576, 'Flat 8', '25 Oxford Street', 'London', '', 'W1B 5AG', 'GB', NULL, NULL, NULL),
(577, 'Flat 8', '25 Oxford Street', 'London', '', 'W1B 5AG', 'GB', NULL, NULL, NULL),
(579, 'Flat 8', '25 Oxford Street', 'London', '', 'W1B 5AG', 'GB', NULL, NULL, NULL),
(588, 'Flat 8', '25 Oxford Street', 'London', '', 'W1B 5AG', 'GB', NULL, NULL, NULL),
(590, 'Flat 8', '25 Oxford Street', 'London', '', 'W1B 5AG', 'GB', NULL, NULL, NULL),
(592, 'czczc', '', 'ssad', '', 'sadsa', 'GB', NULL, NULL, NULL),
(594, 'sdssf', '', 'sadsadsa', '', 'sadsa', 'GB', NULL, NULL, NULL),
(595, 'Flat 8', 'Cambridge Gardens', 'London', '', 'W10 5UB', 'GB', NULL, NULL, NULL),
(599, 'Flat 8', 'Cambridge Gardens', 'London', '', 'W10 5UB', 'GB', NULL, NULL, NULL),
(600, 'Flat 8', '25 Oxford Street', 'London', '', 'W1B 5AG', 'GB', NULL, NULL, NULL),
(601, 'Flat 8', 'Cambridge Gardens', 'London', '', 'W10 5UB', 'GB', NULL, NULL, NULL),
(602, 'Flat 8', '25 Oxford Street', 'London', '', 'W1B 5AG', 'GB', NULL, NULL, NULL),
(603, 'Flat 8', 'Cambridge Gardens', 'London', '', 'W10 5UB', 'GB', NULL, NULL, NULL),
(604, 'Flat 8', '25 Oxford Street', 'London', '', 'W1B 5AG', 'GB', NULL, NULL, NULL),
(605, 'Flat 8', 'Cambridge Gardens', 'London', '', 'W10 5UB', 'GB', NULL, NULL, NULL),
(606, 'Flat 8', 'Cambridge Gardens', 'London', '', 'W10 5UB', 'GB', NULL, NULL, NULL),
(607, 'Flat 8', 'Cambridge Gardens', 'London', '', 'W10 5UB', 'GB', NULL, NULL, NULL),
(608, 'Flat 8', 'Cambridge Gardens', 'London', '', 'W10 5UB', 'GB', NULL, NULL, NULL),
(609, 'Flat 8', 'Cambridge Gardens', 'London', '', 'W10 5UB', 'GB', NULL, NULL, NULL),
(610, 'Flat 8', 'Cambridge Gardens', 'London', '', 'W10 5UB', 'GB', NULL, NULL, NULL),
(611, 'Flat 8', 'Cambridge Gardens', 'London', '', 'W10 5UB', 'GB', NULL, NULL, NULL),
(612, 'Flat 8', 'Cambridge Gardens', 'London', '', 'W10 5UB', 'GB', NULL, NULL, NULL),
(613, 'Flat 8', 'Cambridge Gardens', 'London', '', 'W10 5UB', 'GB', NULL, NULL, NULL),
(614, 'Flat 8', 'Cambridge Gardens', 'London', '', 'W10 5UB', 'GB', NULL, NULL, NULL),
(615, 'Flat 8', 'Cambridge Gardens', 'London', '', 'W10 5UB', 'GB', NULL, NULL, NULL),
(616, 'Flat 8', 'Cambridge Gardens', 'London', '', 'W10 5UB', 'GB', NULL, NULL, NULL),
(617, 'Flat 8', 'Cambridge Gardens', 'London', '', 'W10 5UB', 'GB', NULL, NULL, NULL),
(618, 'Flat 8', 'Cambridge Gardens', 'London', '', 'W10 5UB', 'GB', NULL, NULL, NULL),
(619, 'Flat 8', 'Cambridge Gardens', 'London', '', 'W10 5UB', 'GB', NULL, NULL, NULL),
(620, 'Flat 8', 'Cambridge Gardens', 'London', '', 'W10 5UB', 'GB', NULL, NULL, NULL),
(621, 'Flat 8', 'Cambridge Gardens', 'London', '', 'W10 5UB', 'GB', NULL, NULL, NULL),
(623, 'Flat 8', '25 Oxford Street', 'London', '', 'W1B 5AG', 'GB', NULL, NULL, NULL),
(624, 'Flat 8', '25 Oxford Street', 'London', '', 'W1B 5AG', 'GB', NULL, NULL, NULL),
(625, 'Flat 8', '25 Oxford Street', 'London', '', 'W1B 5AG', 'GB', NULL, NULL, NULL),
(626, 'Flat 8', 'Cambridge Gardens', 'London', '', 'W10 5UB', 'GB', NULL, NULL, NULL),
(627, 'Flat 8', '25 Oxford Street', 'London', '', 'W1B 5AG', 'GB', NULL, NULL, NULL),
(629, 'Flat 8', '25 Oxford Street', 'London', '', 'W1B 5AG', 'GB', NULL, NULL, NULL),
(630, 'Flat 8', '25 Oxford Street', 'London', '', 'W1B 5AG', 'GB', NULL, NULL, NULL),
(631, 'Flat 8', '25 Oxford Street', 'London', '', 'W1B 5AG', 'GB', NULL, NULL, NULL),
(632, 'Flat 8', '25 Oxford Street', 'London', '', 'W1B 5AG', 'GB', NULL, NULL, NULL),
(633, 'Flat 8', '25 Oxford Street', 'London', '', 'W1B 5AG', 'GB', NULL, NULL, NULL),
(634, 'Flat 8', '25 Oxford Street', 'London', '', 'W1B 5AG', 'GB', NULL, NULL, NULL),
(636, 'Flat 9', '25 Oxford Street', 'London', '', 'W1B 5AG', 'GB', NULL, NULL, NULL),
(639, 'Flat 8', 'Cambridge Gardens', 'London', '', 'W10 5UB', 'GB', NULL, NULL, NULL),
(642, 'Flat 8', '25 Oxford Street', 'London', '', 'W1B 5AG', 'GB', NULL, NULL, NULL),
(643, 'Flat 8', 'Cambridge Gardens', 'London', '', 'W10 5UB', 'GB', NULL, NULL, NULL),
(648, 'flat8', 'ad', 'London', '', 'W1b 5AG', 'GB', NULL, NULL, NULL),
(649, 'Flat 8', 'Cambridge Gardens', 'London', '', 'W10 5UB', 'GB', NULL, NULL, NULL),
(650, 'Flat 8', 'Cambridge Gardens', 'London', '', 'W10 5UB', 'GB', NULL, NULL, NULL),
(651, 'Flat 8', '25 Oxford Street', 'London', '', 'W1B 5AG', 'GB', NULL, NULL, NULL),
(652, 'dfdf', 'dfdf', 'dfd', '', 'dfd', 'GB', NULL, NULL, NULL),
(653, 'Flat 8', '25 Oxford Street', 'London', '', 'W1B 5AG', 'GB', NULL, NULL, NULL),
(654, 'Flat 8', 'Cambridge Gardens', 'London', '', 'W10 5UB', 'GB', NULL, NULL, NULL),
(655, 'Flat 8', 'Cambridge Gardens', 'London', '', 'W10 5UB', 'GB', NULL, NULL, NULL),
(656, 'Flat 8', '25 Oxford Street', 'London', '', 'W1B 5AG', 'GB', NULL, NULL, NULL),
(658, 'Flat 8', '25 Oxford Street', 'London', '', 'W1B 5AG', 'GB', NULL, NULL, NULL),
(659, 'Flat 8', '25 Oxford Street', 'London', '', 'W1B 5AG', 'GB', NULL, NULL, NULL),
(660, 'Flat 8', 'Cambridge Gardens', 'London', '', 'W10 5UB', 'GB', NULL, NULL, NULL),
(661, 'Flat 8', 'Cambridge Gardens', 'London', '', 'W10 5UB', 'GB', NULL, NULL, NULL),
(662, 'Flat 8', 'Cambridge Gardens', 'London', '', 'W10 5UB', 'GB', NULL, NULL, NULL),
(663, 'Flat 8', 'Cambridge Gardens', 'London', '', 'W10 5UB', 'GB', NULL, NULL, NULL),
(664, 'Flat 8', 'Cambridge Gardens', 'London', '', 'W10 5UB', 'GB', NULL, NULL, NULL),
(665, 'Flat 8', 'Cambridge Gardens', 'London', '', 'W10 5UB', 'GB', NULL, NULL, NULL),
(666, 'Flat 8', 'Cambridge Gardens', 'London', '', 'W10 5UB', 'GB', NULL, NULL, NULL),
(667, 'Flat 8', 'Cambridge Gardens', 'London', '', 'W10 5UB', 'GB', NULL, NULL, NULL),
(668, 'Flat 8', 'Cambridge Gardens', 'London', '', 'W10 5UB', 'GB', NULL, NULL, NULL),
(669, 'Flat 8', 'Cambridge Gardens', 'London', '', 'W10 5UB', 'GB', NULL, NULL, NULL),
(670, 'Flat 8', '25 Oxford Street', 'London', '', 'W1B 5AG', 'GB', NULL, NULL, NULL),
(671, 'Flat 8', '25 Oxford Street', 'London', '', 'W1B 5AG', 'GB', NULL, NULL, NULL),
(675, 'Flat 8', '25 Oxford Street', 'London', '', 'W1B 5AG', 'GB', NULL, NULL, NULL),
(676, 'Flat 8', '25 Oxford Street', 'London', '', 'W1B 5AG', 'GB', NULL, NULL, NULL),
(680, 'Flat 8', '25 Oxford Street', 'London', '', 'W1B 5AG', 'GB', NULL, NULL, NULL),
(682, 'Flat 8', '25 Oxford Street', 'London', '', 'W1B 5AG', 'GB', NULL, NULL, NULL),
(684, 'Flat 8', '25 Oxford Street', 'London', '', 'W1B 5AG', 'GB', NULL, NULL, NULL),
(685, 'Flat 8', '25 Oxford Street', 'London', '', 'W1B 5AG', 'GB', NULL, NULL, NULL),
(686, 'Flat 8', '25 Oxford Street', 'London', '', 'W1B 5AG', 'GB', NULL, NULL, NULL),
(688, 'Flat 8', '25 Oxford Street', 'London', '', 'W1B 5AG', 'GB', NULL, NULL, NULL),
(690, 'Flat 8', '25 Oxford Street', 'London', '', 'W1B 5AG', 'GB', NULL, NULL, NULL),
(691, 'Flat 8', '25 Oxford Street', 'London', '', 'W1B 5AG', 'GB', NULL, NULL, NULL),
(692, 'Flat 8', '25 Oxford Street', 'London', '', 'W1B 5AG', 'GB', NULL, NULL, NULL),
(694, 'Flat 8', 'Cambridge Gardens', 'London', '', 'W10 5UB', 'GB', NULL, NULL, NULL),
(695, 'Flat 8', '25 Oxford Street', 'London', '', 'W1B 5AG', 'GB', NULL, NULL, NULL),
(696, 'Flat 8', '25 Oxford Street', 'London', '', 'W1B 5AG', 'GB', NULL, NULL, NULL),
(697, 'Flat 8', '25 Oxford Street', 'London', '', 'W1B 5AG', 'GB', NULL, NULL, NULL),
(698, 'Flat 8', 'Cambridge Gardens', 'London', '', 'W10 5UB', 'GB', NULL, NULL, NULL),
(699, 'Flat 8', 'Cambridge Gardens', 'London', '', 'W10 5UB', 'GB', NULL, NULL, NULL),
(700, 'Flat 8', '25 Oxford Street', 'London', '', 'W1B 5AG', 'GB', NULL, NULL, NULL),
(701, 'Flat 8', '25 Oxford Street', 'London', '', 'W1B 5AG', 'GB', NULL, NULL, NULL),
(702, 'Flat 8', '25 Oxford Street', 'London', '', 'W1B 5AG', 'GB', NULL, NULL, NULL),
(703, 'Flat 8', '25 Oxford Street', 'London', '', 'W1B 5AG', 'GB', NULL, NULL, NULL),
(704, 'Flat 8', '25 Oxford Street', 'London', '', 'W1B 5AG', 'GB', NULL, NULL, NULL),
(705, 'Flat 8', '25 Oxford Street', 'London', '', 'W1B 5AG', 'GB', NULL, NULL, NULL),
(706, 'Flat 8', '25 Oxford Street', 'London', '', 'W1B 5AG', 'GB', NULL, NULL, NULL),
(707, 'Flat 8', '25 Oxford Street', 'London', '', 'W1B 5AG', 'GB', NULL, NULL, NULL),
(708, 'Flat 8', '25 Oxford Street', 'London', '', 'W1B 5AG', 'GB', NULL, NULL, NULL),
(709, 'Flat 8', '25 Oxford Street', 'London', '', 'W1B 5AG', 'GB', NULL, NULL, NULL),
(710, 'Flat 8', 'Cambridge Gardens', 'London', '', 'W10 5UB', 'GB', NULL, NULL, NULL),
(711, 'Flat 8', '25 Oxford Street', 'London', '', 'W1B 5AG', 'GB', NULL, NULL, NULL),
(712, 'Flat 8', 'Cambridge Gardens', 'London', '', 'W10 5UB', 'GB', NULL, NULL, NULL),
(713, 'Flat 8', '25 Oxford Street', 'London', '', 'W1B 5AG', 'GB', NULL, NULL, NULL),
(714, 'Flat 8', 'Cambridge Gardens', 'London', '', 'W10 5UB', 'GB', NULL, NULL, NULL),
(715, 'Flat 8', '25 Oxford Street', 'London', '', 'W1B 5AG', 'GB', NULL, NULL, NULL),
(716, 'Flat 8', '25 Oxford Street', 'London', '', 'W1B 5AG', 'GB', NULL, NULL, NULL),
(717, 'Flat 8', '25 Oxford Street', 'London', '', 'W1B 5AG', 'GB', NULL, NULL, NULL),
(718, 'Flat 8', '25 Oxford Street', 'London', '', 'W1B 5AG', 'GB', NULL, NULL, NULL),
(719, 'Flat 8', 'Cambridge Gardens', 'London', '', 'W10 5UB', 'GB', NULL, NULL, NULL),
(720, 'Flat 8', 'Cambridge Gardens', 'London', '', 'W10 5UB', 'GB', NULL, NULL, NULL),
(721, 'Flat 8', 'Cambridge Gardens', 'London', '', 'W10 5UB', 'GB', NULL, NULL, NULL),
(722, 'Flat 8', '25 Oxford Street', 'London', '', 'W1B 5AG', 'GB', NULL, NULL, NULL),
(723, 'Flat 8', '25 Oxford Street', 'London', '', 'W1B 5AG', 'GB', NULL, NULL, NULL),
(724, 'Flat 8', 'Cambridge Gardens', 'London', '', 'W10 5UB', 'GB', NULL, NULL, NULL),
(725, 'Flat 8', 'Cambridge Gardens', 'London', '', 'W10 5UB', 'GB', NULL, NULL, NULL),
(726, 'Flat 8', 'Cambridge Gardens', 'London', '', 'W10 5UB', 'GB', NULL, NULL, NULL),
(727, 'Flat 8', 'Cambridge Gardens', 'London', '', 'W10 5UB', 'GB', NULL, NULL, NULL),
(728, 'Flat 8', 'Cambridge Gardens', 'London', '', 'W10 5UB', 'GB', NULL, NULL, NULL),
(729, 'Flat 8', 'Cambridge Gardens', 'London', '', 'W10 5UB', 'GB', NULL, NULL, NULL),
(730, 'Flat 8', 'Cambridge Gardens', 'London', '', 'W10 5UB', 'GB', NULL, NULL, NULL),
(731, 'Flat 8', 'Cambridge Gardens', 'London', '', 'W10 5UB', 'GB', NULL, NULL, NULL),
(732, 'Flat 8', 'Cambridge Gardens', 'London', '', 'W10 5UB', 'GB', NULL, NULL, NULL),
(733, 'Flat 8', 'Cambridge Gardens', 'London', '', 'W10 5UB', 'GB', NULL, NULL, NULL),
(734, 'Flat 8', 'Cambridge Gardens', 'London', '', 'W10 5UB', 'GB', NULL, NULL, NULL),
(735, 'Flat 8', 'Cambridge Gardens', 'London', '', 'W10 5UB', 'GB', NULL, NULL, NULL),
(736, 'Flat 8', 'Cambridge Gardens', 'London', '', 'W10 5UB', 'GB', NULL, NULL, NULL),
(737, 'Flat 8', 'Cambridge Gardens', 'London', '', 'W10 5UB', 'GB', NULL, NULL, NULL),
(738, 'Flat 8', 'Cambridge Gardens', 'London', '', 'W10 5UB', 'GB', NULL, NULL, NULL),
(739, 'Flat 8', 'Cambridge Gardens', 'London', '', 'W10 5UB', 'GB', NULL, NULL, NULL),
(740, 'Flat 8', '25 Oxford Street', 'London', '', 'W1B 5AG', 'GB', NULL, NULL, NULL),
(741, 'Flat 8', 'Cambridge Gardens', 'London', '', 'W10 5UB', 'GB', NULL, NULL, NULL),
(742, 'Flat 8', 'Cambridge Gardens', 'London', '', 'W10 5UB', 'GB', NULL, NULL, NULL),
(743, 'Flat 8', 'Cambridge Gardens', 'London', '', 'W10 5UB', 'GB', NULL, NULL, NULL),
(744, 'Flat 8', 'Cambridge Gardens', 'London', '', 'W10 5UB', 'GB', NULL, NULL, NULL),
(745, 'Flat 8', '25 Oxford Street', 'London', '', 'W1B 5AG', 'GB', NULL, NULL, NULL),
(746, 'asdasd', '', 'asdasd', '', 'sadsadsad', 'GB', NULL, NULL, NULL),
(747, 'Flat 8', '25 Oxford Street', 'London', '', 'W1B 5AG', 'GB', NULL, NULL, NULL),
(748, 'etret', '', 'ert', '', 'ert', 'GB', NULL, NULL, NULL),
(754, 'Flat 8', '25 Oxford Street', 'London', '', 'W1B 5AG', 'GB', NULL, NULL, NULL),
(755, 'Flat 8', 'Cambridge Gardens', 'London', '', 'W10 5UB', 'GB', NULL, NULL, NULL),
(757, 'Flat 8', '25 Oxford Street', 'London', '', 'W1B 5AG', 'GB', NULL, NULL, NULL),
(759, 'Flat 8', '25 Oxford Street', 'London', '', 'W1B 5AG', 'GB', NULL, NULL, NULL),
(760, 'Flat 8', 'Cambridge Gardens', 'London', '', 'W10 5UB', 'GB', NULL, NULL, NULL),
(761, 'Flat 8', 'Cambridge Gardens', 'London', '', 'W10 5UB', 'GB', NULL, NULL, NULL),
(762, 'Flat 8', 'Cambridge Gardens', 'London', '', 'W10 5UB', 'GB', NULL, NULL, NULL),
(763, 'Flat 8', 'Cambridge Gardens', 'London', '', 'W10 5UB', 'GB', NULL, NULL, NULL),
(764, 'Flat 8', '25 Oxford Street', 'London', '', 'W1B 5AG', 'GB', NULL, NULL, NULL),
(765, 'Flat 8', '25 Oxford Street', 'London', '', 'W1B 5AG', 'GB', NULL, NULL, NULL),
(766, 'Flat 8', 'Cambridge Gardens', 'London', '', 'W10 5UB', 'GB', NULL, NULL, NULL),
(768, 'Flat 8', '25 Oxford Street', 'London', '', 'W1B 5AG', 'GB', NULL, NULL, NULL),
(769, 'Flat 8', 'Cambridge Gardens', 'London', '', 'W10 5UB', 'GB', NULL, NULL, NULL),
(770, 'Flat 8', '25 Oxford Street', 'London', '', 'W1B 5AG', 'GB', NULL, NULL, NULL),
(771, 'Test', 'Test2', 'Test', '', 'W10 5AA', 'GB', NULL, NULL, NULL),
(772, 'Rere', 'safdsad', 'asda', '', 'asd', 'GB', NULL, NULL, NULL),
(773, 'Flat 8', '25 Oxford Street', 'London', '', 'W1B 5AG', 'GB', NULL, NULL, NULL),
(774, 'Flat 8', 'Cambridge Gardens', 'London', '', 'W10 5UB', 'GB', NULL, NULL, NULL),
(775, 'Flat 8', '25 Oxford Street', 'London', '', 'W1B 5AG', 'GB', NULL, NULL, NULL),
(776, 'xzcxz', 'xzcxz', 'xzcxz', '', 'as', 'GB', NULL, NULL, NULL),
(777, 'Flat calaille', 'Cambridge Gardens', 'London', '', 'W10 5UB', 'GB', NULL, NULL, NULL),
(780, 'Flat 8', '25 Oxford Street', 'London', '', 'W1B 5AG', 'GB', NULL, NULL, NULL),
(788, 'Flat 8', '25 Oxford Street', 'London', '', 'W1B 5AG', 'GB', NULL, NULL, NULL),
(790, 'Flat 8', '25 Oxford Street', 'London', '', 'W1B 5AG', 'GB', NULL, NULL, NULL),
(794, 'Flat 8', '25 Oxford Street', 'London', '', 'W1B 5AG', 'GB', NULL, NULL, NULL),
(797, 'Flat 8', '25 Oxford Street', 'London', '', 'W1B 5AG', 'GB', NULL, NULL, NULL),
(798, 'Flat 8', '25 Oxford Street', 'London', '', 'W1B 5AG', 'GB', NULL, NULL, NULL),
(799, 'Flat 8', 'Cambridge Gardens', 'London', '', 'W10 5UB', 'GB', NULL, NULL, NULL),
(800, 'Flat 8', '25 Oxford Street', 'London', '', 'W1B 5AG', 'GB', NULL, NULL, NULL),
(801, 'fsf', 'dsf', 'sdfds', '', 'sdfdsf', 'GB', NULL, NULL, NULL),
(804, 'Flat 8', '25 Oxford Street', 'London', '', 'W1B 5AG', 'GB', NULL, NULL, NULL),
(805, 'Flat 8', 'Cambridge Gardens', 'London', '', 'W10 5UB', 'GB', NULL, NULL, NULL),
(806, 'Flat 8', 'Cambridge Gardens', 'London', '', 'W10 5UB', 'GB', NULL, NULL, NULL),
(807, 'Flat 8', 'Cambridge Gardens', 'London', '', 'W10 5UB', 'GB', NULL, NULL, NULL),
(808, 'Flat 8', 'Cambridge Gardens', 'London', '', 'W10 5UB', 'GB', NULL, NULL, NULL),
(809, 'Flat 8', 'Cambridge Gardens', 'London', '', 'W10 5UB', 'GB', NULL, NULL, NULL),
(810, 'Flat 8', 'Cambridge Gardens', 'London', '', 'W10 5UB', 'GB', NULL, NULL, NULL),
(813, 'Flat 8', '25 Oxford Street', 'London', '', 'W1B 5AG', 'GB', NULL, NULL, NULL),
(814, 'Flat 8', '25 Oxford Street', 'London', '', 'W1B 5AG', 'GB', NULL, NULL, NULL),
(815, 'Flat 8 TEST', '25 Oxford Street', 'London', '', 'W1B 5AG', 'GB', NULL, NULL, NULL),
(816, 'Flat 9', '25 Oxford Street', 'London', '', 'W1B 5AG', 'GB', NULL, NULL, NULL),
(817, 'djdsz', 'asa', 'sada', '', 'sada', 'GB', NULL, NULL, NULL),
(818, 'Flat 8', '25 Oxford Street', 'London', '', 'W1B 5AG', 'GB', NULL, NULL, NULL),
(819, 'Flat 8', 'Cambridge Gardens', 'London', '', 'W10 5UB', 'GB', NULL, NULL, NULL),
(820, 'Flat 8', 'Cambridge Gardens', 'London', '', 'W10 5UB', 'GB', NULL, NULL, NULL),
(821, 'Flat 8', 'Cambridge Gardens', 'London', '', 'W10 5UB', 'GB', NULL, NULL, NULL),
(822, 'Flat 8', '25 Oxford Street', 'London', '', 'W1B 5AG', 'GB', NULL, NULL, NULL),
(823, 'Flat 8', '25 Oxford Street', 'London', '', 'W1B 5AG', 'GB', NULL, NULL, NULL),
(824, 'Flat 8', 'Cambridge Gardens', 'London', '', 'W10 5UB', 'GB', NULL, NULL, NULL),
(825, 'Flat 8', '25 Oxford Street', 'London', '', 'W1B 5AG', 'GB', NULL, NULL, NULL),
(826, 'Flat 8', 'Cambridge Gardens', 'London', '', 'W10 5UB', 'GB', NULL, NULL, NULL),
(828, 'Flat 8', '25 Oxford Street', 'London', '', 'W1B 5AG', 'GB', NULL, NULL, NULL),
(829, 'Flat 8', 'Cambridge Gardens', 'London', '', 'W10 5UB', 'GB', NULL, NULL, NULL),
(830, 'Flat 8', '25 Oxford Street', 'London', '', 'W1B 5AG', 'GB', NULL, NULL, NULL),
(831, 'Flat 8', '25 Oxford Street', 'London', '', 'W1B 5AG', 'GB', NULL, NULL, NULL),
(832, 'Flat 8', '25 Oxford Street', 'London', '', 'W1B 5AG', 'GB', NULL, NULL, NULL),
(836, 'Flat 8', '25 Oxford Street', 'London', '', 'W1B 5AG', 'GB', NULL, NULL, NULL),
(837, 'Flat 8', 'Cambridge Gardens', 'London', '', 'W10 5UB', 'GB', NULL, NULL, NULL),
(841, 'Flat 8', '25 Oxford Street', 'London', '', 'W1B 5AG', 'GB', NULL, NULL, NULL),
(842, 'Flat 8', '25 Oxford Street', 'London', '', 'W1B 5AG', 'GB', NULL, NULL, NULL),
(843, 'Flat 8', '25 Oxford Street', 'London', '', 'W1B 5AG', 'GB', NULL, NULL, NULL),
(844, 'Flat 8', '25 Oxford Street', 'London', '', 'W1B 5AG', 'GB', NULL, NULL, NULL),
(845, 'Flat 8', 'Cambridge Gardens', 'London', '', 'W10 5UB', 'GB', NULL, NULL, NULL),
(846, 'Flat 8', '25 Oxford Street', 'London', '', 'W1B 5AG', 'GB', NULL, NULL, NULL),
(847, 'sdf', 'sdf', 'sdf', '', 'sdf', 'GB', NULL, NULL, NULL),
(848, 'Flat 82', '25 Oxford Street', 'London', '', 'W1B 5AG', 'GB', NULL, NULL, NULL),
(849, 'asd', '', 'asd', '', 'SW6 4TJ', 'GB', NULL, NULL, NULL),
(850, 'Flat 8', 'Cambridge Gardens', 'London', '', 'W10 5UB', 'GB', NULL, NULL, NULL),
(851, 'Flat 8', '25 Oxford Street', 'London', '', 'W1B 5AG', 'GB', NULL, NULL, NULL),
(852, 'Flat 8', '25 Oxford Street', 'London', '', 'W1J 7PP', 'GB', NULL, NULL, NULL),
(853, 'Flat3', '5 Regent street', 'London', '', 'W1G 9RX', 'GB', NULL, -0.1481445, 51.5173262),
(854, 'Flat 5', '3 Bardolph road', 'London', '', 'N20 8EH', 'GB', NULL, -0.1873712, 51.6284911),
(855, 'Flat 1', '5 Salisbury road', 'London', '', 'N81 1WA', 'GB', NULL, -0.0667474, 51.389552),
(856, 'Flat 3', '5 Regent street', 'London', '', 'N81 1WA', 'GB', NULL, -0.0667474, 51.389552),
(857, 'Flat 2', '12 Victoria Street', 'London', '', 'SW6 4EA', 'GB', NULL, NULL, NULL),
(858, 'Flat 3', '5 Salisbury road', 'London', '', 'SW1E 5BA', 'GB', NULL, NULL, NULL),
(859, 'Flat 8', 'Cambridge Gardens', 'London', '', 'W10 5UB', 'GB', NULL, NULL, NULL),
(860, 'Flat 6', '12 Oxford Street', 'London', '', 'W12 8BH', 'GB', NULL, NULL, NULL),
(862, 'Flat 4', '3 Bardolph road', 'London', '', 'W1B 5AG', 'GB', NULL, NULL, NULL),
(863, 'Flat 8', 'Cambridge Gardens', 'London', '', 'W10 5UB', 'GB', NULL, NULL, NULL),
(864, 'Flat 8', 'Cambridge Gardens', 'London', '', 'W10 5UB', 'GB', NULL, NULL, NULL),
(865, 'Flat 4', '3 Bardolph road', 'London', '', 'W1G 9RX', 'GB', NULL, NULL, NULL),
(866, '8 rue de la chandeliere', '', 'Saint Etienne', '', '420000', 'GB', NULL, NULL, NULL),
(867, '12 rue du tocard', '', 'Paris', '', '75000', 'GB', NULL, NULL, NULL),
(868, '12 rue tinquiete', '', 'Nice', '', '06000', 'GB', NULL, NULL, NULL),
(869, '12', '', 'Nice', '', '06000', 'GB', NULL, NULL, NULL),
(870, '6 rue anver', '', 'Nice', '', '06000', 'GB', NULL, NULL, NULL),
(872, 'Flat 2', '12 Portobello road', 'London', '', 'W10 5AB', 'GB', NULL, NULL, NULL),
(873, 'dfdsfds', '', 'adasd', '', 'asdsasd', 'GB', NULL, NULL, NULL),
(874, 'Flat 8', 'Cambridge Gardens', 'London', '', 'W10 5UB', 'GB', NULL, NULL, NULL),
(875, 'Flat 3', '12 Portobello road', 'London', '', 'EC4M 7DQ', 'GB', NULL, NULL, NULL),
(876, 'Flat 5', '12 Portobello road', 'London', '', ' E1 2RB', 'GB', NULL, NULL, NULL),
(877, 'Flat 8', 'Cambridge Gardens', 'London', '', 'W10 5UB', 'GB', NULL, NULL, NULL),
(878, 'Flat 8', 'Cambridge Gardens', 'London', '', 'W10 5U', 'GB', NULL, 0.9203072, 52.2364448),
(879, 'Flat 8', 'Cambridge Gardens', 'London', '', 'W10 5UB', 'GB', NULL, NULL, NULL),
(880, 'Flat 3', '18 Cambridge Gardens', 'London', '', 'W1U 3DN', 'GB', NULL, NULL, NULL);

-- --------------------------------------------------------

--
-- Table structure for table `tbl_age_group`
--

CREATE TABLE IF NOT EXISTS `tbl_age_group` (
  `id` int(11) NOT NULL AUTO_INCREMENT,
  `id_carer` int(11) NOT NULL,
  `age_group` int(2) NOT NULL,
  PRIMARY KEY (`id`),
  UNIQUE KEY `FK_tbl_age_group_tbl_carer_id` (`id_carer`,`age_group`)
) ENGINE=InnoDB  DEFAULT CHARSET=utf8 COLLATE=utf8_unicode_ci AUTO_INCREMENT=72 ;

--
-- Dumping data for table `tbl_age_group`
--

REPLACE INTO `tbl_age_group` (`id`, `id_carer`, `age_group`) VALUES
(1, 253, 3),
(2, 273, 0),
(3, 273, 3),
(4, 280, 0),
(5, 280, 1),
(6, 280, 2),
(7, 337, 0),
(8, 337, 1),
(11, 457, 1),
(13, 458, 1),
(20, 459, 0),
(21, 460, 2),
(22, 461, 0),
(23, 462, 0),
(24, 463, 0),
(25, 464, 0),
(26, 465, 2),
(27, 467, 0),
(28, 468, 0),
(29, 469, 0),
(30, 470, 0),
(31, 471, 0),
(34, 472, 2),
(35, 473, 1),
(36, 474, 0),
(37, 475, 3),
(38, 476, 0),
(39, 478, 0),
(40, 479, 1),
(41, 480, 0),
(42, 481, 0),
(43, 483, 0),
(44, 484, 0),
(45, 486, 2),
(46, 487, 2),
(47, 488, 2),
(48, 489, 2),
(49, 490, 2),
(50, 491, 2),
(51, 492, 2),
(52, 493, 2),
(53, 494, 0),
(54, 494, 1),
(55, 494, 2),
(56, 494, 3),
(57, 495, 2),
(58, 496, 0),
(59, 496, 1),
(60, 496, 2),
(61, 496, 3),
(62, 497, 0),
(63, 497, 1),
(64, 497, 2),
(65, 497, 3),
(67, 498, 0),
(68, 498, 1),
(66, 498, 2),
(69, 499, 2),
(70, 500, 2),
(71, 501, 2);

-- --------------------------------------------------------

--
-- Table structure for table `tbl_carer`
--

CREATE TABLE IF NOT EXISTS `tbl_carer` (
  `id` int(11) NOT NULL AUTO_INCREMENT,
  `first_name` varchar(50) COLLATE utf8_unicode_ci NOT NULL,
  `last_name` varchar(50) COLLATE utf8_unicode_ci NOT NULL,
  `email_address` varchar(60) COLLATE utf8_unicode_ci NOT NULL,
  `password` varchar(128) COLLATE utf8_unicode_ci NOT NULL,
  `date_birth` date NOT NULL,
  `gender` int(1) NOT NULL DEFAULT '0',
  `hourly_work` int(1) NOT NULL DEFAULT '0',
  `nationality` varchar(50) COLLATE utf8_unicode_ci NOT NULL,
  `country_birth` varchar(50) COLLATE utf8_unicode_ci NOT NULL,
  `mobile_phone` varchar(15) COLLATE utf8_unicode_ci NOT NULL,
  `live_in` int(1) NOT NULL DEFAULT '0',
  `live_in_work_radius` int(1) NOT NULL DEFAULT '0',
  `hourly_work_radius` int(1) NOT NULL DEFAULT '0',
  `work_with_male` int(1) NOT NULL DEFAULT '0',
  `work_with_female` int(1) NOT NULL DEFAULT '0',
  `driving_licence` int(1) DEFAULT '0',
  `car_owner` int(1) DEFAULT '0',
  `motivation_text` mediumtext COLLATE utf8_unicode_ci,
  `personal_text` mediumtext COLLATE utf8_unicode_ci,
  `dh_rating` int(5) DEFAULT NULL,
  `balance` int(11) DEFAULT NULL,
  `sort_code` varchar(10) COLLATE utf8_unicode_ci DEFAULT NULL,
  `account_number` varchar(20) COLLATE utf8_unicode_ci DEFAULT NULL,
  `last_login_date` date DEFAULT NULL,
  `wizard_completed` tinyint(1) NOT NULL DEFAULT '0',
  `terms_conditions` tinyint(1) NOT NULL DEFAULT '0',
  `motivation_text_status` tinyint(1) NOT NULL DEFAULT '0',
  `personal_text_status` tinyint(1) NOT NULL DEFAULT '0',
  `created` datetime NOT NULL,
  `modified` datetime NOT NULL,
  PRIMARY KEY (`id`)
) ENGINE=InnoDB  DEFAULT CHARSET=utf8 COLLATE=utf8_unicode_ci AVG_ROW_LENGTH=435 AUTO_INCREMENT=502 ;

--
-- Dumping data for table `tbl_carer`
--

REPLACE INTO `tbl_carer` (`id`, `first_name`, `last_name`, `email_address`, `password`, `date_birth`, `gender`, `hourly_work`, `nationality`, `country_birth`, `mobile_phone`, `live_in`, `live_in_work_radius`, `hourly_work_radius`, `work_with_male`, `work_with_female`, `driving_licence`, `car_owner`, `motivation_text`, `personal_text`, `dh_rating`, `balance`, `sort_code`, `account_number`, `last_login_date`, `wizard_completed`, `terms_conditions`, `motivation_text_status`, `personal_text_status`, `created`, `modified`) VALUES
(7, 'Renaud', 'Theuillon', 'rtheuillon@hotmail.com', 'test', '1981-11-21', 0, 0, '', '', '', 0, 0, 0, 0, 0, 0, 0, NULL, NULL, NULL, NULL, NULL, NULL, NULL, 0, 0, 0, 0, '0000-00-00 00:00:00', '0000-00-00 00:00:00'),
(8, 'Renaud', 'Theuillon', 'rtheuillon@hotmail.com', 'test', '1981-11-21', 0, 0, '', '', '', 0, 0, 0, 0, 0, 0, 0, NULL, NULL, NULL, NULL, NULL, NULL, NULL, 0, 0, 0, 0, '0000-00-00 00:00:00', '0000-00-00 00:00:00'),
(9, 'Renaud', 'Theuillon', 'rtheuillon@hotmail.com', 'test', '1981-11-21', 0, 0, '', '', '', 0, 0, 0, 0, 0, 0, 0, NULL, NULL, NULL, NULL, NULL, NULL, NULL, 0, 0, 0, 0, '0000-00-00 00:00:00', '0000-00-00 00:00:00'),
(10, 'Renaud', 'Theuillon', 'rtheuillon@hotmail.com', 'test', '1981-11-21', 0, 0, '', '', '', 0, 0, 0, 0, 0, 0, 0, NULL, NULL, NULL, NULL, NULL, NULL, NULL, 0, 0, 0, 0, '0000-00-00 00:00:00', '0000-00-00 00:00:00'),
(11, 'Renaud', 'Theuillon', 'rtheuillon@hotmail.com', 'test', '1981-11-21', 0, 0, '', '', '', 0, 0, 0, 0, 0, 0, 0, NULL, NULL, NULL, NULL, NULL, NULL, NULL, 0, 0, 0, 0, '0000-00-00 00:00:00', '0000-00-00 00:00:00'),
(12, 'Renaud', 'Theuillon', 'rtheuillon@hotmail.com', 'test', '1981-11-21', 0, 0, '', '', '', 0, 0, 0, 0, 0, 0, 0, NULL, NULL, NULL, NULL, NULL, NULL, NULL, 0, 0, 0, 0, '0000-00-00 00:00:00', '0000-00-00 00:00:00'),
(13, 'Renaud', 'Theuillon', 'rtheuillon@hotmail.com', 'test', '1981-11-21', 0, 0, '', '', '', 0, 0, 0, 0, 0, 0, 0, NULL, NULL, NULL, NULL, NULL, NULL, NULL, 0, 0, 0, 0, '0000-00-00 00:00:00', '0000-00-00 00:00:00'),
(14, 'Renaud', 'Theuillon', 'rtheuillon@hotmail.com', 'test', '1981-11-21', 0, 0, '', '', '', 0, 0, 0, 0, 0, 0, 0, NULL, NULL, NULL, NULL, NULL, NULL, NULL, 0, 0, 0, 0, '0000-00-00 00:00:00', '0000-00-00 00:00:00'),
(15, 'Renaud', 'Theuillon', 'rtheuillon@hotmail.com', 'test', '1981-11-21', 0, 0, '', '', '', 0, 0, 0, 0, 0, 0, 0, NULL, NULL, NULL, NULL, NULL, NULL, NULL, 0, 0, 0, 0, '0000-00-00 00:00:00', '0000-00-00 00:00:00'),
(16, 'Renaud', 'Theuillon', 'rtheuillon@hotmail.com', 'test', '1981-11-21', 0, 0, '', '', '', 0, 0, 0, 0, 0, 0, 0, NULL, NULL, NULL, NULL, NULL, NULL, NULL, 0, 0, 0, 0, '0000-00-00 00:00:00', '0000-00-00 00:00:00'),
(17, 'Renaud', 'Theuillon', 'rtheuillon@hotmail.com', 'test', '1981-11-21', 0, 0, '', '', '', 0, 0, 0, 0, 0, 0, 0, NULL, NULL, NULL, NULL, NULL, NULL, NULL, 0, 0, 0, 0, '0000-00-00 00:00:00', '0000-00-00 00:00:00'),
(18, 'Renaud', 'Theuillon', 'rtheuillon@hotmail.com', 'test', '1981-11-21', 0, 0, '', '', '', 0, 0, 0, 0, 0, 0, 0, NULL, NULL, NULL, NULL, NULL, NULL, NULL, 0, 0, 0, 0, '0000-00-00 00:00:00', '0000-00-00 00:00:00'),
(19, 'Renaud', 'Theuillon', 'rtheuillon@hotmail.com', 'test', '1981-11-21', 0, 0, '', '', '', 0, 0, 0, 0, 0, 0, 0, NULL, NULL, NULL, NULL, NULL, NULL, NULL, 0, 0, 0, 0, '0000-00-00 00:00:00', '0000-00-00 00:00:00'),
(20, 'Renaud', 'Theuillon', 'rtheuillon@hotmail.com', 'test', '1981-11-21', 0, 0, '', '', '', 0, 0, 0, 0, 0, 0, 0, NULL, NULL, NULL, NULL, NULL, NULL, NULL, 0, 0, 0, 0, '0000-00-00 00:00:00', '0000-00-00 00:00:00'),
(21, 'Renaud', 'Theuillon', 'rtheuillon@hotmail.com', 'test', '1981-11-21', 0, 0, '', '', '', 0, 0, 0, 0, 0, 0, 0, NULL, NULL, NULL, NULL, NULL, NULL, NULL, 0, 0, 0, 0, '0000-00-00 00:00:00', '0000-00-00 00:00:00'),
(22, 'Renaud', 'Theuillon', 'rtheuillon@hotmail.com', 'test', '1981-11-21', 0, 0, '', '', '', 0, 0, 0, 0, 0, 0, 0, NULL, NULL, NULL, NULL, NULL, NULL, NULL, 0, 0, 0, 0, '0000-00-00 00:00:00', '0000-00-00 00:00:00'),
(23, 'Renaud', 'Theuillon', 'rtheuillon@hotmail.com', 'test', '1981-11-21', 0, 0, '', '', '', 0, 0, 0, 0, 0, 0, 0, NULL, NULL, NULL, NULL, NULL, NULL, NULL, 0, 0, 0, 0, '0000-00-00 00:00:00', '0000-00-00 00:00:00'),
(24, 'Renaud', 'Theuillon', 'rtheuillon@hotmail.com', 'test', '1981-11-21', 0, 0, '', '', '', 0, 0, 0, 0, 0, 0, 0, NULL, NULL, NULL, NULL, NULL, NULL, NULL, 0, 0, 0, 0, '0000-00-00 00:00:00', '0000-00-00 00:00:00'),
(25, 'Renaud', 'Theuillon', 'rtheuillon@hotmail.com', 'test', '1981-11-21', 0, 0, '', '', '', 0, 0, 0, 0, 0, 0, 0, NULL, NULL, NULL, NULL, NULL, NULL, NULL, 0, 0, 0, 0, '0000-00-00 00:00:00', '0000-00-00 00:00:00'),
(26, 'Renaud', 'Theuillon', 'rtheuillon@hotmail.com', 'test', '1981-11-21', 0, 0, '', '', '', 0, 0, 0, 0, 0, 0, 0, NULL, NULL, NULL, NULL, NULL, NULL, NULL, 0, 0, 0, 0, '0000-00-00 00:00:00', '0000-00-00 00:00:00'),
(27, 'Renaud', 'Theuillon', 'rtheuillon@hotmail.com', 'test', '1981-11-21', 0, 0, '', '', '', 0, 0, 0, 0, 0, 0, 0, NULL, NULL, NULL, NULL, NULL, NULL, NULL, 0, 0, 0, 0, '0000-00-00 00:00:00', '0000-00-00 00:00:00'),
(28, 'Renaud', 'Theuillon', 'rtheuillon@hotmail.com', 'test', '1981-11-21', 0, 0, '', '', '', 0, 0, 0, 0, 0, 0, 0, NULL, NULL, NULL, NULL, NULL, NULL, NULL, 0, 0, 0, 0, '0000-00-00 00:00:00', '0000-00-00 00:00:00'),
(29, 'Renaud', 'Theuillon', 'rtheuillon@hotmail.com', 'test', '1981-11-21', 0, 0, '', '', '', 0, 0, 0, 0, 0, 0, 0, NULL, NULL, NULL, NULL, NULL, NULL, NULL, 0, 0, 0, 0, '0000-00-00 00:00:00', '0000-00-00 00:00:00'),
(30, 'Renaud', 'Theuillon', 'rtheuillon@hotmail.com', 'test', '1981-11-21', 0, 0, '', '', '', 0, 0, 0, 0, 0, 0, 0, NULL, NULL, NULL, NULL, NULL, NULL, NULL, 0, 0, 0, 0, '0000-00-00 00:00:00', '0000-00-00 00:00:00'),
(31, 'Renaud', 'Theuillon', 'rtheuillon@hotmail.com', 'test', '1981-11-21', 0, 0, '', '', '', 0, 0, 0, 0, 0, 0, 0, NULL, NULL, NULL, NULL, NULL, NULL, NULL, 0, 0, 0, 0, '0000-00-00 00:00:00', '0000-00-00 00:00:00'),
(32, 'Renaud', 'Theuillon', 'rtheuillon@hotmail.com', 'test', '1981-11-21', 0, 0, '', '', '', 0, 0, 0, 0, 0, 0, 0, NULL, NULL, NULL, NULL, NULL, NULL, NULL, 0, 0, 0, 0, '0000-00-00 00:00:00', '0000-00-00 00:00:00'),
(33, 'Renaud', 'Theuillon', 'rtheuillon@hotmail.com', 'test', '1981-11-21', 0, 0, '', '', '', 0, 0, 0, 0, 0, 0, 0, NULL, NULL, NULL, NULL, NULL, NULL, NULL, 0, 0, 0, 0, '0000-00-00 00:00:00', '0000-00-00 00:00:00'),
(34, 'Renaud', 'Theuillon', 'rtheuillon@hotmail.com', 'test', '1981-11-21', 0, 0, '', '', '', 0, 0, 0, 0, 0, 0, 0, NULL, NULL, NULL, NULL, NULL, NULL, NULL, 0, 0, 0, 0, '0000-00-00 00:00:00', '0000-00-00 00:00:00'),
(35, 'Renaud', 'Theuillon', 'rtheuillon@hotmail.com', 'test', '1980-11-21', 0, 0, '', '', '', 0, 0, 0, 0, 0, 0, 0, NULL, NULL, NULL, NULL, NULL, NULL, NULL, 0, 0, 0, 0, '0000-00-00 00:00:00', '0000-00-00 00:00:00'),
(36, 'Renaud', 'Theuillon', 'rtheuillon@hotmail.com', 'test', '1981-11-21', 0, 0, '', '', '', 0, 0, 0, 0, 0, 0, 0, NULL, NULL, NULL, NULL, NULL, NULL, NULL, 0, 0, 0, 0, '0000-00-00 00:00:00', '0000-00-00 00:00:00'),
(37, 'Renaud', 'Theuillon', 'rtheuillon@hotmail.com', 'test', '1981-11-21', 0, 0, '', '', '', 0, 0, 0, 0, 0, 0, 0, NULL, NULL, NULL, NULL, NULL, NULL, NULL, 0, 0, 0, 0, '0000-00-00 00:00:00', '0000-00-00 00:00:00'),
(38, 'Renaud', 'Theuillon', 'rtheuillon@hotmail.com', 'test', '1981-11-21', 0, 0, '', '', '', 0, 0, 0, 0, 0, 0, 0, NULL, NULL, NULL, NULL, NULL, NULL, NULL, 0, 0, 0, 0, '0000-00-00 00:00:00', '0000-00-00 00:00:00'),
(39, 'Renaud', 'Theuillon', 'rtheuillon@hotmail.com', 'test', '1981-11-21', 0, 0, '', '', '', 0, 0, 0, 0, 0, 0, 0, NULL, NULL, NULL, NULL, NULL, NULL, NULL, 0, 0, 0, 0, '0000-00-00 00:00:00', '0000-00-00 00:00:00'),
(40, 'Renaud', 'Theuillon', 'rtheuillon@hotmail.com', 'test', '1981-10-31', 0, 0, '', '', '', 0, 0, 0, 0, 0, 0, 0, NULL, NULL, NULL, NULL, NULL, NULL, NULL, 0, 0, 0, 0, '0000-00-00 00:00:00', '0000-00-00 00:00:00'),
(41, 'Renaud', 'Theuillon', 'rtheuillon@hotmail.com', 'test', '1981-10-18', 0, 0, '', '', '', 0, 0, 0, 0, 0, 0, 0, NULL, NULL, NULL, NULL, NULL, NULL, NULL, 0, 0, 0, 0, '0000-00-00 00:00:00', '0000-00-00 00:00:00'),
(42, 'Renaud', 'Theuillon', 'rtheuillon@hotmail.com', 'test', '1990-02-18', 0, 0, '', '', '', 0, 0, 0, 0, 0, 0, 0, NULL, NULL, NULL, NULL, NULL, NULL, NULL, 0, 0, 0, 0, '0000-00-00 00:00:00', '0000-00-00 00:00:00'),
(43, 'Renaud', 'Theuillon', 'rtheuillon@hdeom', 'test', '1981-11-21', 0, 0, '', '', '', 0, 0, 0, 0, 0, 0, 0, NULL, NULL, NULL, NULL, NULL, NULL, NULL, 0, 0, 0, 0, '0000-00-00 00:00:00', '0000-00-00 00:00:00'),
(44, 'Renaud', 'Theuillon', 'rtheuillon@hotmail.com', 'test', '1981-11-21', 0, 0, '', '', '', 0, 0, 0, 0, 0, 0, 0, NULL, NULL, NULL, NULL, NULL, NULL, NULL, 0, 0, 0, 0, '0000-00-00 00:00:00', '0000-00-00 00:00:00'),
(45, 'Renaud', 'Theuillon', 'rtheuillon@hotmail.com', 'test', '1981-11-21', 0, 0, '', '', '', 0, 0, 0, 0, 0, 0, 0, NULL, NULL, NULL, NULL, NULL, NULL, NULL, 0, 0, 0, 0, '0000-00-00 00:00:00', '0000-00-00 00:00:00'),
(46, 'Renaud', 'Theuillon', 'rtheuillon@hotmail.com', 'test', '1981-11-21', 0, 0, '', '', '', 0, 0, 0, 0, 0, 0, 0, NULL, NULL, NULL, NULL, NULL, NULL, NULL, 0, 0, 0, 0, '0000-00-00 00:00:00', '0000-00-00 00:00:00'),
(47, 'Renaud', '', 'rtheuillon@hotmail.com', 'test', '1981-11-21', 0, 0, '', '', '', 0, 0, 0, 0, 0, 0, 0, NULL, NULL, NULL, NULL, NULL, NULL, NULL, 0, 0, 0, 0, '0000-00-00 00:00:00', '0000-00-00 00:00:00'),
(48, 'Renaud', 'Theuillon', 'rtheuillon@hotmail.com', 'test', '1981-11-21', 0, 0, '', '', '', 0, 0, 0, 0, 0, 0, 0, NULL, NULL, NULL, NULL, NULL, NULL, NULL, 0, 0, 0, 0, '0000-00-00 00:00:00', '0000-00-00 00:00:00'),
(49, 'Renaud', 'Theuillon', 'rtheuillon@hotmail.com', 'test', '1981-11-21', 0, 0, '', '', '', 0, 0, 0, 0, 0, 0, 0, NULL, NULL, NULL, NULL, NULL, NULL, NULL, 0, 0, 0, 0, '0000-00-00 00:00:00', '0000-00-00 00:00:00'),
(50, 'Renaud', 'Theuillon', 'rtheuillon@hotmail.com', 'test', '1981-11-21', 0, 0, '', '', '', 0, 0, 0, 0, 0, 0, 0, NULL, NULL, NULL, NULL, NULL, NULL, NULL, 0, 0, 0, 0, '0000-00-00 00:00:00', '0000-00-00 00:00:00'),
(51, 'Renaud', 'Theuillon', 'rtheuillon@hotmail.com', 'test', '1981-11-21', 0, 0, '', '', '', 0, 0, 0, 0, 0, 0, 0, NULL, NULL, NULL, NULL, NULL, NULL, NULL, 0, 0, 0, 0, '0000-00-00 00:00:00', '0000-00-00 00:00:00'),
(52, 'Renaud', 'Theuillon', 'rtheuillon@hotmail.com', 'test', '1981-11-21', 0, 0, '', '', '', 0, 0, 0, 0, 0, 0, 0, NULL, NULL, NULL, NULL, NULL, NULL, NULL, 0, 0, 0, 0, '0000-00-00 00:00:00', '0000-00-00 00:00:00'),
(53, 'Renaud', 'Theuillon', 'rtheuillon@hotmail.com', 'test', '1981-11-21', 0, 0, '', '', '', 0, 0, 0, 0, 0, 0, 0, NULL, NULL, NULL, NULL, NULL, NULL, NULL, 0, 0, 0, 0, '0000-00-00 00:00:00', '0000-00-00 00:00:00'),
(54, 'Renaud', 'Theuillon', 'rtheuillon@hotmail.com', 'test', '1990-02-03', 0, 0, '', '', '', 1, 0, 0, 0, 0, 0, 0, NULL, NULL, NULL, NULL, NULL, NULL, NULL, 0, 0, 0, 0, '0000-00-00 00:00:00', '0000-00-00 00:00:00'),
(55, 'Renaud', 'Theuillon', 'rtheuillon@hotmail.com', 'test', '1981-11-21', 0, 0, '', '', '', 0, 0, 0, 0, 0, 0, 0, NULL, NULL, NULL, NULL, NULL, NULL, NULL, 0, 0, 0, 0, '0000-00-00 00:00:00', '0000-00-00 00:00:00'),
(56, 'Renaud', 'Theuillon', 'rtheuillon@hotmail.com', 'test', '1981-11-21', 0, 0, '', '', '', 0, 0, 0, 0, 0, 0, 0, NULL, NULL, NULL, NULL, NULL, NULL, NULL, 0, 0, 0, 0, '0000-00-00 00:00:00', '0000-00-00 00:00:00'),
(57, 'Renaud', 'Theuillon', 'rtheuillon@hotmail.com', 'test', '1981-11-21', 0, 0, '', '', '', 0, 0, 0, 0, 0, 0, 0, NULL, NULL, NULL, NULL, NULL, NULL, NULL, 0, 0, 0, 0, '0000-00-00 00:00:00', '0000-00-00 00:00:00'),
(58, 'Renaud', 'Theuillon', 'rtheuillon@hotmail.com', 'test', '1981-11-21', 0, 0, '', '', '', 0, 0, 0, 0, 0, 0, 0, NULL, NULL, NULL, NULL, NULL, NULL, NULL, 0, 0, 0, 0, '0000-00-00 00:00:00', '0000-00-00 00:00:00'),
(59, 'Renaud', 'Theuillon', 'rtheuillon@hotmail.com', '5cc3a48b54e8371c99e8bfe513e45987d21f478022c002b54df6fe4723f2e3b9af7e777972a74fef7ee2153d8db68e7bcccc7f8b4971930cde878331a52d517b', '1981-11-21', 0, 0, '', '', '', 0, 0, 0, 0, 0, 0, 0, NULL, NULL, NULL, NULL, NULL, NULL, NULL, 0, 0, 0, 0, '0000-00-00 00:00:00', '0000-00-00 00:00:00'),
(60, 'Renaud', 'Theuillon', 'rt@hotmail.com', 'd8972927a485c8a316270563f3d9d3193876b98644d7be54872a6907db51ede80cbd531440303eaf01ba643498a8a3cebb1fc4f4dc21cebeb1f6361894f495a5', '1981-11-21', 0, 0, '', '', '', 0, 0, 0, 0, 0, 0, 0, NULL, NULL, NULL, NULL, NULL, NULL, NULL, 0, 0, 0, 0, '0000-00-00 00:00:00', '0000-00-00 00:00:00'),
(61, 'Renaud', 'Theuillon', 'rt2@hotmail.com', '568138f1d6bcf014aa80c748506bb1d98bebfe56255453c7043c6d328e42b187debd0e09d5862072c0737d85417b40d739b19340b69f9e191d688c6f66dbe989', '1981-11-21', 0, 0, '', '', '', 0, 0, 0, 0, 0, 0, 0, NULL, NULL, NULL, NULL, NULL, NULL, NULL, 0, 0, 0, 0, '0000-00-00 00:00:00', '0000-00-00 00:00:00'),
(62, 'Renaud', 'Theuillon', 'rtheuillon@hotmail.com', 'a3a3c2c4fb7da9206cb767d2818f8a81ccb30ae827024b4df24c746643861e566a367f31a5e9d089514e5f5b0069a27602278c8a899f107e0a80ab1e44887dd6', '1981-11-21', 0, 0, '', '', '', 0, 0, 0, 0, 0, 0, 0, NULL, NULL, NULL, NULL, NULL, NULL, NULL, 0, 0, 0, 0, '0000-00-00 00:00:00', '0000-00-00 00:00:00'),
(63, 'Renaud', 'Theuillon', 'rtheuillon@hotmail.com', 'bb7eb7e8334cba9eda28fd8633f221475ff6bea268ceb3162f7a44c20f36c11beb122ce114afb0c171a99918b5ed183f0e3255602519cab2830303843f962662', '1981-11-21', 0, 0, '', '', '', 0, 0, 0, 0, 0, 0, 0, NULL, NULL, NULL, NULL, NULL, NULL, NULL, 0, 0, 0, 0, '0000-00-00 00:00:00', '0000-00-00 00:00:00'),
(64, 'Renaud', 'Theuillon', 'rtheuillon@hotmail.com', 'a9a1e7a21f48db1b7aec87c70d96f1a4f24c25a9bf2e58ef756102d458234f4d9c0feafa0212fac0f04b80b3a555ed47888e3ffe6224ca233bccfb6cf7c7ee63', '1981-11-21', 0, 0, '', '', '', 0, 0, 0, 0, 0, 0, 0, NULL, NULL, NULL, NULL, NULL, NULL, NULL, 0, 0, 0, 0, '0000-00-00 00:00:00', '0000-00-00 00:00:00'),
(65, 'Renaud', 'Theuillon', 'rtheuillon@hotmail.com', '778b9a37b5bee97d14377fa80468507360bfb7327689cf0a8fcddba7e51cdf8193915489b43f3d24840d40de9f262001bfd2c3b0ec167d0665f32599ff83ee43', '1992-02-01', 0, 0, '', '', '', 0, 0, 0, 0, 0, 0, 0, NULL, NULL, NULL, NULL, NULL, NULL, NULL, 0, 0, 0, 0, '0000-00-00 00:00:00', '0000-00-00 00:00:00'),
(66, 'Renaud', 'Theuillon', 'rtheuillon@hotmail.com', 'test', '1981-11-21', 0, 0, '', '', '', 0, 0, 0, 0, 0, 0, 0, NULL, NULL, NULL, NULL, NULL, NULL, NULL, 0, 0, 0, 0, '0000-00-00 00:00:00', '0000-00-00 00:00:00'),
(67, 'Renaud', 'Theuillon', 'rtheuillon@hotmail.com', '78694eeb5a57eead2b89eb92d767fb09a70215df920df68af46af94d65dd44c1477d4817682871359682772310260c0fba194d0d1ec7a34afef3f989519fb0a0', '1981-11-22', 0, 0, '', '', '', 0, 0, 0, 0, 0, 0, 0, NULL, NULL, NULL, NULL, NULL, NULL, NULL, 0, 0, 0, 0, '0000-00-00 00:00:00', '0000-00-00 00:00:00'),
(68, 'Renaud', 'Theuillon', 'rtheuillon@hotmail.com', 'test', '1981-11-21', 0, 0, '', '', '', 0, 0, 0, 0, 0, 0, 0, NULL, NULL, NULL, NULL, NULL, NULL, NULL, 0, 0, 0, 0, '0000-00-00 00:00:00', '0000-00-00 00:00:00'),
(69, 'Renaud', 'Theuillon', 'rtheuillon@hotmail.com', 'test', '1981-11-21', 0, 0, '', '', '', 0, 0, 0, 0, 0, 0, 0, NULL, NULL, NULL, NULL, NULL, NULL, NULL, 0, 0, 0, 0, '0000-00-00 00:00:00', '0000-00-00 00:00:00'),
(70, 'Renaud', 'Theuillon', 'rtheuillon@hotmail.com', '********', '1981-11-21', 0, 0, '', '', '', 0, 0, 0, 0, 0, 0, 0, NULL, NULL, NULL, NULL, NULL, NULL, NULL, 0, 0, 0, 0, '0000-00-00 00:00:00', '0000-00-00 00:00:00'),
(71, 'Renaud', 'Theuillon', 'rtheuillon@hotmail.com', '********', '1981-11-21', 0, 0, '', '', '', 0, 0, 0, 0, 0, 0, 0, NULL, NULL, NULL, NULL, NULL, NULL, NULL, 0, 0, 0, 0, '0000-00-00 00:00:00', '0000-00-00 00:00:00'),
(72, 'Renaud', 'Theuillon', 'rtheuillon@hotmail.com', '********', '1981-11-21', 0, 0, '', '', '', 0, 0, 0, 0, 0, 0, 0, NULL, NULL, NULL, NULL, NULL, NULL, NULL, 0, 0, 0, 0, '0000-00-00 00:00:00', '0000-00-00 00:00:00'),
(73, 'Renaud', 'Theuillon', 'rtheuillon@hotmail.com', '3ebef96384e5d5a9be4051a5cfb546f6da730cd926390a8ca41d888a533386edceca2dcabd4b3302135a304bc9e7a73dc3825d740e1d669c8dbe6821dbdf2e55', '1981-11-21', 0, 0, '', '', '', 0, 0, 0, 0, 0, 0, 0, NULL, NULL, NULL, NULL, NULL, NULL, NULL, 0, 0, 0, 0, '0000-00-00 00:00:00', '0000-00-00 00:00:00'),
(74, 'Renaud', 'Theuillon', 'rtheuillon@hotmail.com', '3fd2b973c25aaa3378f7f86b5aafd19d2aac267c0c480e2f4e4cec97764a370b2c9e67c71e1a7431baa48486c40f0fd9d397d80cd6a1b1354d4769f17eceb287', '1981-11-21', 0, 0, '', '', '', 0, 0, 0, 0, 0, 0, 0, NULL, NULL, NULL, NULL, NULL, NULL, NULL, 0, 0, 0, 0, '0000-00-00 00:00:00', '0000-00-00 00:00:00'),
(75, 'Renaud', 'Theuillon', 'rtheuillon@hotmail.com', 'f605cff1a95cef3ffbcc9665367503bc7d363f1612166df5f518752d7cde6de70176dd34e6f9c9d01970f5760186103cab27fc8d4bf1569e7cae50dbfa5d2f6f', '1981-11-21', 0, 0, '', '', '', 0, 0, 0, 0, 0, 0, 0, NULL, NULL, NULL, NULL, NULL, NULL, NULL, 0, 0, 0, 0, '0000-00-00 00:00:00', '0000-00-00 00:00:00'),
(76, 'Renaud2', 'Theuillon', 'rtheuillon@hotmail.com', 'ad1b2e50969a496470c67e634aa75560c4e26210e6992baeec6e36fd81164f3ef9a3d3f9d22d99260a288c01fa042a6cd3b60df362eed584f6221557409bf872', '1981-11-21', 0, 0, '', '', '', 0, 0, 0, 0, 0, 0, 0, NULL, NULL, NULL, NULL, NULL, NULL, NULL, 0, 0, 0, 0, '0000-00-00 00:00:00', '0000-00-00 00:00:00'),
(77, 'Renaud3', 'Theuillon', 'rtheuillon@hotmail.com', '5cc39c06295c7e43cb707985d3f1bd729f8c6f849f4d01b649c56fb197230b7016677a1730f9da062e9a38c77b85ca6b5e0ec208a843ba099a6cb369bb91c1d3', '1981-11-21', 0, 0, '', '', '', 0, 0, 0, 0, 0, 0, 0, NULL, NULL, NULL, NULL, NULL, NULL, NULL, 0, 0, 0, 0, '0000-00-00 00:00:00', '0000-00-00 00:00:00'),
(78, 'Renaud', 'Theuillon', '', 'password', '1991-02-02', 0, 0, '', '', '', 0, 0, 0, 0, 0, 0, 0, NULL, NULL, NULL, NULL, NULL, NULL, NULL, 0, 0, 0, 0, '0000-00-00 00:00:00', '0000-00-00 00:00:00'),
(79, 'Re', 'Theuillon', 'rtheuillon@hotmail.com', '********', '1981-11-21', 0, 0, '', '', '', 0, 0, 0, 0, 0, 0, 0, NULL, NULL, NULL, NULL, NULL, NULL, NULL, 0, 0, 0, 0, '0000-00-00 00:00:00', '0000-00-00 00:00:00'),
(80, 'Renaud', 'Theuillon', 'rtheuillon@hotmail.com', '1fad62a0aed05e179adb261f48da0f1009dfe100899911528f4d21ce3a1f3b321e71579e1e4fdbf7105132560a29cf0c33bc7dc247abb39976374bb558c1c26d', '1981-11-21', 0, 0, '', '', '', 0, 0, 0, 0, 0, 0, 0, NULL, NULL, NULL, NULL, NULL, NULL, NULL, 0, 0, 0, 0, '0000-00-00 00:00:00', '0000-00-00 00:00:00'),
(81, 'Re', 'Theuillon', 'rtheuillon@hotmail.com', 'b5041995d00990fcfd501f5c998807988e884840b30c08ca096fdb11ec7ec6eb62a114bae953ea76b644864db1af0b793ba45c26ed539b97a525fdd36d84d88e', '1981-11-21', 0, 0, '', '', '', 0, 0, 0, 0, 0, 0, 0, NULL, NULL, NULL, NULL, NULL, NULL, NULL, 0, 0, 0, 0, '0000-00-00 00:00:00', '0000-00-00 00:00:00'),
(82, 'Renaud2', 'Theuillon', 'rtheuillon@hotmail.com', '********', '1981-02-27', 0, 0, '', '', '', 0, 0, 0, 0, 0, 0, 0, NULL, NULL, NULL, NULL, NULL, NULL, NULL, 0, 0, 0, 0, '0000-00-00 00:00:00', '0000-00-00 00:00:00'),
(83, 'Renaud2', 'Theuillon', 'rtheuillon@hotmail.com', 'a9ba5797cf507e1a80ea1e8ee073fe48521d07d1d02c45f010bb4d33a934dd0d485ff1fa82d39a18fbf94277c97cf665ecafc7bef4ba67460e79413ac6932449', '1981-02-27', 0, 0, '', '', '', 0, 0, 0, 0, 0, 0, 0, NULL, NULL, NULL, NULL, NULL, NULL, NULL, 0, 0, 0, 0, '0000-00-00 00:00:00', '0000-00-00 00:00:00'),
(84, 'Renaud2', 'Theuillon', 'rtheuillon@hotmail.com', 'a32312702e8fc8f705e7d7a42a622e5b1144a6d558a4b37c3662b4d441c03c722ba2cae5fe28f181230d457f91ef6bf4664371f6bbae7cbe006e8e2ae65a8697', '1981-02-27', 0, 0, '', '', '', 0, 0, 0, 0, 0, 0, 0, NULL, NULL, NULL, NULL, NULL, NULL, NULL, 0, 0, 0, 0, '0000-00-00 00:00:00', '0000-00-00 00:00:00'),
(85, 'Renaud', 'Theuillon', 'rtheuillon@hotmail.com', '5762ca20a850154613304dec56e3a8444e35182866b8c38241c4a9476fcb74f6bf5bef2273fb37b9a1d36ffbb307ba3ab8feeb676dc8c3b040041febd46ac17f', '1981-02-27', 0, 0, '', '', '', 0, 0, 0, 0, 0, 0, 0, NULL, NULL, NULL, NULL, NULL, NULL, NULL, 0, 0, 0, 0, '0000-00-00 00:00:00', '0000-00-00 00:00:00'),
(86, 'Renaud', 'Theuillon', 'rtheuillon@hotmail.com', 'e235ae6d7c17f9f2611e1094eab954b70351302931fd7c33425baed6a63f72b3c681db8afb1dbd7e03cadad950847cec31a53d66de148ce303f308973fc54e81', '1981-02-27', 0, 0, '', '', '', 0, 0, 0, 0, 0, 0, 0, NULL, NULL, NULL, NULL, NULL, NULL, NULL, 0, 0, 0, 0, '0000-00-00 00:00:00', '0000-00-00 00:00:00'),
(87, 'Renaud', 'Theuillon', 'rtheuillon@hotmail.com', 'e12d151b9b78e2e211a850b5b8e0bf362abe30eb0090967452577c740e8e75820c57a2c473aea2b3c266fa762087122d87b2baf530832024b107ff52d04721c2', '1981-02-27', 0, 0, '', '', '', 0, 0, 0, 0, 0, 0, 0, NULL, NULL, NULL, NULL, NULL, NULL, NULL, 0, 0, 0, 0, '0000-00-00 00:00:00', '0000-00-00 00:00:00'),
(88, 'Renaud', 'Theuillon', 'rtheuillon@hotmail.com', 'ec9b857e91d306e8533b3208cd02ec676affe0ad46dc6daf10d42e4b94c022a1b888119dc9bcba628e23ecc6d48552a9be8702af748ee2ee8d1c278dc2ac05d9', '1981-02-27', 0, 0, '', '', '', 0, 0, 0, 0, 0, 0, 0, NULL, NULL, NULL, NULL, NULL, NULL, NULL, 0, 0, 0, 0, '0000-00-00 00:00:00', '0000-00-00 00:00:00'),
(89, 'Renaud', 'Theuillon', 'rtheuillon@hotmail.com', 'd01ee49facff36007a3bf530dcb825551c91309d9ff905ac561a756a47f29d0133900882452a3307a1d7fc56f86d4da0ff72cfcd5708b7b798585efe161a1e45', '1981-02-27', 0, 0, '', '', '', 0, 0, 0, 0, 0, 0, 0, NULL, NULL, NULL, NULL, NULL, NULL, NULL, 0, 0, 0, 0, '0000-00-00 00:00:00', '0000-00-00 00:00:00'),
(90, 'Renaud', 'Theuillon', 'rtheuillon@hotmail.com', 'd442f1b922b4e7cb9d1922d99ca04f3da586ef4d3d5f0445522ba16f841099251e86ea8144415bfc4e955b39a1d5c77fe8329f58b1b84da4e1e1ef5d4291fb26', '1981-02-27', 0, 0, '', '', '', 0, 0, 0, 0, 0, 0, 0, NULL, NULL, NULL, NULL, NULL, NULL, NULL, 0, 0, 0, 0, '0000-00-00 00:00:00', '0000-00-00 00:00:00'),
(91, 'Renaud', 'Theuillon', 'rtheuillon@hotmail.com', '256021d2c88a88201c83d29a261c8c2bfd6f4e1b8ad9c6339ccfa0191589e2565643015f5fdd42e3f038adba44caa4822fee16702c3d108861f6a309457384e7', '1981-02-27', 0, 0, '', '', '', 0, 0, 0, 0, 0, 0, 0, NULL, NULL, NULL, NULL, NULL, NULL, NULL, 0, 0, 0, 0, '0000-00-00 00:00:00', '0000-00-00 00:00:00'),
(92, 'Renaud', 'Theuillon', 'rtheuillon@hotmail.com', '7002766039656da22cd7eda4689a77c765682634e830c33a8a5f1987fad8262146c45205e4df5f883ed94d4738270fa6bcffca6501dc75d7b20033259d12bdc0', '1981-02-27', 0, 0, '', '', '', 0, 0, 0, 0, 0, 0, 0, NULL, NULL, NULL, NULL, NULL, NULL, NULL, 0, 0, 0, 0, '0000-00-00 00:00:00', '0000-00-00 00:00:00'),
(93, 'Renaud', 'Theuillon', 'rtheuillon@hotmail.com', '9a58c2c11f10e0672b04c34579befdb7787bb03ffa1b31ed37d8b51c300c941314ab096c596faad6da597a95eae154bc2dba8e122200c0a4676e4405327cad53', '1981-02-27', 0, 0, '', '', '', 0, 0, 0, 0, 0, 0, 0, NULL, NULL, NULL, NULL, NULL, NULL, NULL, 0, 0, 0, 0, '0000-00-00 00:00:00', '0000-00-00 00:00:00'),
(94, 'Renaud', 'Theuillon', 'rtheuillon@hotmail.com', '4e002c99093dd5b6062b35afc031ad42fc24f6c3cba66f54c5051fb80ae0416e0427909f43dbcd93bf5b76601d2bf5dadd86eec20ffb6ba9cef6bd3271a0d3db', '1981-02-27', 0, 0, '', '', '', 0, 0, 0, 0, 0, 0, 0, NULL, NULL, NULL, NULL, NULL, NULL, NULL, 0, 0, 0, 0, '0000-00-00 00:00:00', '0000-00-00 00:00:00'),
(95, 'Renaud', 'Theuillon', 'rtheuillon@hotmail.com', '75077639f5a0e0463912dbf98cc6d834e2b5b010cd049c04aed9da5200dcc97775a9b7be413732dfdda4cc5813cc71c8e4dd2f311bb7a153bec2bb7bbf00de6c', '1981-02-27', 0, 0, '', '', '', 0, 0, 0, 0, 0, 0, 0, NULL, NULL, NULL, NULL, NULL, NULL, NULL, 0, 0, 0, 0, '0000-00-00 00:00:00', '0000-00-00 00:00:00'),
(96, 'Renaud', 'Theuillon', 'rtheuillon@hotmail.com', 'b756bd57620014ee02b738280d28ec84358aade5ffde1bb20f3237cf5567cdd720407f534aabd11a57d92cd827a0235bc6d7a1b645aa1c13a9e1dff0f270f100', '1981-02-27', 0, 0, '', '', '', 0, 0, 0, 0, 0, 0, 0, NULL, NULL, NULL, NULL, NULL, NULL, NULL, 0, 0, 0, 0, '0000-00-00 00:00:00', '0000-00-00 00:00:00'),
(97, 'Renaud', 'Theuillon', 'rtheuillon@hotmail.com', 'bdb1c8c2ac3228d9599c05d74f026fa194dbfffb50c3f13754600ff353f1281f3e8cfb42a4005d38465b2c83c6a9040ff073db9f73076f93e7646bb42e104b2d', '1981-02-27', 0, 0, '', '', '', 0, 0, 0, 0, 0, 0, 0, NULL, NULL, NULL, NULL, NULL, NULL, NULL, 0, 0, 0, 0, '0000-00-00 00:00:00', '0000-00-00 00:00:00'),
(98, 'Renaud', 'Theuillon', 'rtheuillon@hotmail.com', 'dce497dd7be3bea2aa85be37821fd4a37c8cd9930bf6b0701d6b8f5e774c2db5b2ce9200de04fd290d8f76b79e98f683c9f78628056b9c68b84af2c61fb4b3cf', '1984-01-02', 0, 0, '', '', '', 1, 0, 0, 0, 0, 0, 0, NULL, NULL, NULL, NULL, NULL, NULL, NULL, 0, 0, 0, 0, '0000-00-00 00:00:00', '0000-00-00 00:00:00'),
(99, 'Renaud', 'Theuillon', 'rtheuillon@hotmail.com', '8e23ae973aaff9a26b82589c35431d30e9e0b28bf6e41def01835566aabd04cb52d55740cdc4809906f3efebc9aef5cf98e73c4b9df4ef4a435f81d79a240495', '1981-02-27', 0, 0, '', '', '', 0, 0, 0, 0, 0, 0, 0, NULL, NULL, NULL, NULL, NULL, NULL, NULL, 0, 0, 0, 0, '0000-00-00 00:00:00', '0000-00-00 00:00:00'),
(100, 'Renaud', 'Theuillon', 'rtheuillon@hotmail.com', '7b2649c220ae9e0c5e6e27af1453ef7cbe294a1e2645a281ae1f0153280ab2964fe4a44ff1e1728aba80e0d3c7ec173ced0bb3039ec05f73d01bd390fc58b64f', '1981-02-27', 0, 0, '', '', '', 0, 0, 0, 0, 0, 0, 0, NULL, NULL, NULL, NULL, NULL, NULL, NULL, 0, 0, 0, 0, '0000-00-00 00:00:00', '0000-00-00 00:00:00'),
(101, 'Renaud', 'Theuillon', 'rtheuillon@hotmail.com', '17992ef617afd74dd75e60a29fc95d60a5af73b1b8f3d87b1e66a012ca8cc20556b44fae8c2b8ba92a26c4547339b97a2cd0e48a27eef983f60b840671de5eb0', '1981-02-27', 0, 0, '', '', '', 0, 0, 0, 0, 0, 0, 0, NULL, NULL, NULL, NULL, NULL, NULL, NULL, 0, 0, 0, 0, '0000-00-00 00:00:00', '0000-00-00 00:00:00'),
(102, 'Renaud', 'Theuillon', 'rtheuillon@hotmail.com', '71920f5ebe36d623583bd5f071cf4aeaeb37b8c758fd7ad4a3ee4ebeefcadf7b76f2139606c66fc3c14145b2e8afe99b0edad36a432a68ef9aebeab38873f16b', '1981-02-27', 0, 0, '', '', '', 0, 0, 0, 0, 0, 0, 0, NULL, NULL, NULL, NULL, NULL, NULL, NULL, 0, 0, 0, 0, '0000-00-00 00:00:00', '0000-00-00 00:00:00'),
(103, 'Renaud', 'Theuillon', 'rtheuillon@hotmail.com', 'e4f92dd64cf51540962e95a72b07c9a09e1c3ed0d27ad2fc0f3442a43445af292b5ec3165b5a2d35a6ee0c03a73682ddb9d3e90453825291aa30022c5fb004f9', '1981-02-27', 0, 0, '', '', '', 0, 0, 0, 0, 0, 0, 0, NULL, NULL, NULL, NULL, NULL, NULL, NULL, 0, 0, 0, 0, '0000-00-00 00:00:00', '0000-00-00 00:00:00'),
(104, 'Renaud', 'Theuillon', 'rtheuillon@hotmail.com', 'b32713598636e3684e7ae1378e1d3b0f00544fb3c86b3375bf53c5cc435161c0d026d59d734cfae51c26cdaae6e379226ec16df2ab1cc281e8139fe5c1692876', '1981-02-27', 0, 0, '', '', '', 0, 0, 0, 0, 0, 0, 0, NULL, NULL, NULL, NULL, NULL, NULL, NULL, 0, 0, 0, 0, '0000-00-00 00:00:00', '0000-00-00 00:00:00'),
(105, 'Renaud', 'Theuillon', 'rtheuillon@hotmail.com', '670890b79775487e5b380f903b8c189bc4d624c579cb0c7b64d9c6d15b88b5ffbba3aef44cde55d8318c273ef2b68662b4d1b840036b94e3b0417278df46143c', '1981-02-27', 0, 0, '', '', '', 1, 0, 0, 0, 0, 0, 0, NULL, NULL, NULL, NULL, NULL, NULL, NULL, 0, 0, 0, 0, '0000-00-00 00:00:00', '0000-00-00 00:00:00'),
(106, 'Renaud', 'Theuillon', 'rtheuillon@hotmail.com', 'b45e4aeab483bc88d117f1c580ef89af62b155500459a69e264d46e101751e5d07f6e967235b3c18625376f6de12f859e707b31dee4491df9f43b1f08043fdee', '1981-02-27', 0, 0, '', '', '', 1, 3, 12, 0, 0, 0, 0, NULL, NULL, NULL, NULL, NULL, NULL, NULL, 0, 0, 0, 0, '0000-00-00 00:00:00', '0000-00-00 00:00:00'),
(107, 'Renaud', 'Theuillon', 'rtheuillon@hotmail.com', 'a858064a2d8fe060c0f3857dde12047b0d93624df62bc06da02ddcad823670d79f5de4fe677f24199e64ec4d531b241cc7950f695ea4a8921eb79f5a3184470b', '1981-02-27', 0, 0, '', '', '', 0, 2, 2, 0, 0, 0, 0, NULL, NULL, NULL, NULL, NULL, NULL, NULL, 0, 0, 0, 0, '0000-00-00 00:00:00', '0000-00-00 00:00:00'),
(108, 'Renaud', 'Theuillon', 'rtheuillon@hotmail.com', '8f233060e44421a040fddb3a77675e45080165148620e2bcb8930f1e5fef76d5b701271eee9cdf2da3101e0802e2c82aac23cdaf1985ddc21463e230b0910629', '1981-02-27', 0, 0, '', '', '', 0, 3, 2, 0, 0, 0, 0, NULL, NULL, NULL, NULL, NULL, NULL, NULL, 0, 0, 0, 0, '0000-00-00 00:00:00', '0000-00-00 00:00:00'),
(109, 'Renaud', 'Theuillon', 'rtheuillon@hotmail.com', '92a94cd8b854bb9046ef12b35f913000e8458a462d6f1d6d03cc37ed1117faf06e1b100dc16cae4ee447b95836013a22e7eb60ca33c10df25f25491e56396fa4', '1981-02-27', 0, 0, '', '', '', 0, 0, 0, 0, 0, 0, 0, NULL, NULL, NULL, NULL, NULL, NULL, NULL, 0, 0, 0, 0, '0000-00-00 00:00:00', '0000-00-00 00:00:00'),
(110, 'Renaud', 'Theuillon', 'rtheuillon@hotmail.com', 'c67acbad045ece72510fb40643b7baba7ecd1f7fd40dbedd98ae3159bf4c0ec86c403d8052260d81ed78380e7d8f9d1f13d34e6694ca83f13e88d26324858ea4', '1981-02-27', 0, 0, '', '', '', 0, 0, 0, 0, 0, 0, 0, NULL, NULL, NULL, NULL, NULL, NULL, NULL, 0, 0, 0, 0, '0000-00-00 00:00:00', '0000-00-00 00:00:00'),
(111, 'Renaud', 'Theuillon', 'rtheuillon@hotmail.com', '9157e084247bea0481e652053fec4c55a95025838a99d521c13ed572bc2b262b1c09f97b5c120ef0cf072992530c1f47884d5cf78fae23765622b4e67358cbc7', '1981-02-27', 0, 0, '', '', '', 0, 0, 0, 0, 0, 0, 0, NULL, NULL, NULL, NULL, NULL, NULL, NULL, 0, 0, 0, 0, '0000-00-00 00:00:00', '0000-00-00 00:00:00'),
(112, 'Renaud', 'Theuillon', 'rtheuillon@hotmail.com', '30df8b13188b6f4b4816519b44b2702976eda2c247f0f2fc2cefb3ce7c3f42f710bf3266c0480958751dd5794219da037cd8e869f6cf4030a5a225f77b2121c9', '1981-02-27', 0, 0, '', '', '', 0, 0, 0, 0, 0, 0, 0, NULL, NULL, NULL, NULL, NULL, NULL, NULL, 0, 0, 0, 0, '0000-00-00 00:00:00', '0000-00-00 00:00:00'),
(113, 'Renaud', 'Theuillon', 'rtheuillon@hotmail.com', '585e65764b78f6735a2ead65288293766a87f5992c4d0499e3aee5a6a29ecc30f860abf0dcd38a39d408974e061d3f6658f1fd793cc3bb629a458fabb0989cd5', '1981-02-27', 0, 0, '', '', '', 0, 0, 0, 0, 0, 0, 0, NULL, NULL, NULL, NULL, NULL, NULL, NULL, 0, 0, 0, 0, '0000-00-00 00:00:00', '0000-00-00 00:00:00'),
(114, 'Renaud', 'Theuillon', 'rtheuillon@hotmail.com', 'feb45e86623fc185eeefff81201946993b438c33596338cca9f5d15361640d572f44ad612d6df6be14292b888cca1f3a3c634dd17336e5c1a74f944d5bf808a4', '1981-02-27', 0, 0, '', '', '', 0, 0, 0, 0, 0, 0, 0, NULL, NULL, NULL, NULL, NULL, NULL, NULL, 0, 0, 0, 0, '0000-00-00 00:00:00', '0000-00-00 00:00:00'),
(115, 'Renaud', 'Theuillon', 'rtheuillon@hotmail.com', 'b3c74fb2eb4abb827dc0ce0def0b393c169c8d5c2476c8822236d8eca3954dcbbd2e8b11707e16811fceb79730d492e5a0edbd1058aa16d62964df847bc99804', '1981-02-27', 0, 0, '', '', '', 0, 0, 0, 0, 0, 0, 0, NULL, NULL, NULL, NULL, NULL, NULL, NULL, 0, 0, 0, 0, '0000-00-00 00:00:00', '0000-00-00 00:00:00'),
(116, 'Renaud', 'Theuillon', 'rtheuillon@hotmail.com', 'cce2597506aa0c10eb39f8c6afc4977f159725b42ef77f16ba49130954699aacbea4e8251ee66b25df1c0d0ef026fa80787feeea5f567123f650bf5635359b64', '1981-02-27', 0, 0, '', '', '', 0, 0, 0, 0, 0, 0, 0, NULL, NULL, NULL, NULL, NULL, NULL, NULL, 0, 0, 0, 0, '0000-00-00 00:00:00', '0000-00-00 00:00:00'),
(117, 'Renaud', 'Theuillon', 'rtheuillon@hotmail.com', '3eabd4ccdd34f07e7bdceebebe458b151a365a0137fb0e222b333902a1efb0902e9299be577a55fca5bd48f230a2ebb00cee5bfff4f5f54c9466efb38220e146', '1981-02-27', 0, 0, '', '', '', 0, 0, 0, 0, 0, 0, 0, NULL, NULL, NULL, NULL, NULL, NULL, NULL, 0, 0, 0, 0, '0000-00-00 00:00:00', '0000-00-00 00:00:00'),
(118, 'Renaud', 'Theuillon', 'rtheuillon@hotmail.com', '50c16968c375e38e45ff7da11254cdc3f7295ad49e3adfcd91a13698d1ed827d73da337b54c248ef794bc38ae7bbef7fee7361c44a1017c811515fe1d6d2a5f7', '1981-02-27', 0, 0, '', '', '', 0, 0, 0, 0, 0, 0, 0, NULL, NULL, NULL, NULL, NULL, NULL, NULL, 0, 0, 0, 0, '0000-00-00 00:00:00', '0000-00-00 00:00:00'),
(119, 'Renaud', 'Theuillon', 'rtheuillon@hotmail.com', '726007482a8f0457f31c0aae052c3867b56fef0867659474386a0a1873530f48d78e38cd8b869d988cf52eea25610542743a149293cc6f1cde6d76b3725f81e0', '1981-02-27', 0, 0, '', '', '', 0, 0, 0, 0, 0, 0, 0, NULL, NULL, NULL, NULL, NULL, NULL, NULL, 0, 0, 0, 0, '0000-00-00 00:00:00', '0000-00-00 00:00:00'),
(120, 'Renaud', 'Theuillon', 'rtheuillon@hotmail.com', '03bc1922a5fd5e043f2e4462d786af8710b73c6f20ed505fd512ca2a3ed8a1f98d2b00fc9e89c01404c1de844c64a2f8e7d1b68ef05b2025686d9c51607913dc', '1981-02-27', 0, 0, '', '', '', 0, 0, 0, 0, 0, 0, 0, NULL, NULL, NULL, NULL, NULL, NULL, NULL, 0, 0, 0, 0, '0000-00-00 00:00:00', '0000-00-00 00:00:00'),
(121, 'Renaud', 'Theuillon', 'rtheuillon@hotmail.com', '1b597754c7cf1065cb0658a420d34e9592655fd41e52a21fc6e9c95c8c55c2bfd29bcd6d86865c96eebc34834aca8500152e3b77fa3fcdecb41c5c67652a7541', '1981-02-27', 0, 0, '', '', '', 0, 0, 0, 0, 0, 0, 0, NULL, NULL, NULL, NULL, NULL, NULL, NULL, 0, 0, 0, 0, '0000-00-00 00:00:00', '0000-00-00 00:00:00'),
(122, 'Renaud', 'Theuillon', 'rtheuillon@hotmail.com', '7536ee548daca2c35959ae22d24c9726489f0ba5cc1f8b4008eaffbed6029e71b1ae9eb5a2c347294e81a0c73c0dd01cd53de01107508c7b495d545b9ec7414e', '1981-02-27', 0, 0, '', '', '', 0, 0, 0, 0, 0, 0, 0, NULL, NULL, NULL, NULL, NULL, NULL, NULL, 0, 0, 0, 0, '0000-00-00 00:00:00', '0000-00-00 00:00:00'),
(123, 'Renaud', 'Theuillon', 'rtheuillon@hotmail.com', 'f1b69af5f95c889a1ceed38a084e296146f46c52552011da7316ec9cad9f1c0b32610ffb289832ecbe2e54cc8e657ed9da713a34be3e85bbbda8a757925b977a', '1981-02-27', 0, 0, '', '', '', 0, 0, 0, 0, 0, 0, 0, NULL, NULL, NULL, NULL, NULL, NULL, NULL, 0, 0, 0, 0, '0000-00-00 00:00:00', '0000-00-00 00:00:00'),
(124, 'Renaud', 'Theuillon', 'rtheuillon@hotmail.com', 'eb0e2f1e5888d113b9f586e988a7f99a34ca9afc45e68d86f6366cc84fd17b8af7a4fe9bd71e8a313a316d79fc6777e057ae73caf65c95f83e7aa1aa90bee265', '1981-02-27', 0, 0, '', '', '', 0, 0, 0, 0, 0, 0, 0, NULL, NULL, NULL, NULL, NULL, NULL, NULL, 0, 0, 0, 0, '0000-00-00 00:00:00', '0000-00-00 00:00:00'),
(125, 'Renaud2', 'Theuillon', 'rtheuillon@hotmail.com', '12e3cd03ed95d99a35817c6172af2a35c5a37cf1218cdb3ca0098c3a42ea36e2409694b22db746c86d4ace4bcd31faebf33f9c05e345127a26c06d51928712c1', '1981-02-27', 0, 0, '', '', '', 0, 0, 0, 0, 0, 0, 0, NULL, NULL, NULL, NULL, NULL, NULL, NULL, 0, 0, 0, 0, '0000-00-00 00:00:00', '0000-00-00 00:00:00'),
(126, 'Renaud', 'Theuillon', 'rtheuillon@hotmail.com', '44066b5677ad9d015a8cb31c733737eb2db80607b7e1eb83565b1dd7ef610ba21c8772196d5669eee3e76a039c557add0b9ac64fd11a8c93ccf7646c3d9fcf68', '1981-02-27', 0, 0, '', '', '', 0, 0, 0, 0, 0, 0, 0, NULL, NULL, NULL, NULL, NULL, NULL, NULL, 0, 0, 0, 0, '0000-00-00 00:00:00', '0000-00-00 00:00:00'),
(127, 'Renaud', 'Theuillon', 'rtheuillon@hotmail.com', 'cd0da4c1aa3f95c01a5b626e6c3f00b5ebe58c9e108f80eac06b8f5f0eabd7d06e47ce7e04d1eb6eee1dd08ae1560940f87625589e49c04426c8305f6427e481', '1981-02-27', 0, 0, '', '', '', 0, 0, 0, 0, 0, 0, 0, NULL, NULL, NULL, NULL, NULL, NULL, NULL, 0, 0, 0, 0, '0000-00-00 00:00:00', '0000-00-00 00:00:00'),
(128, 'Renaud', 'Theuillon', 'rtheuillon@hotmail.com', '3221885758c19857e1e59b991277382b6821938b55de869cdc316fae836fc3091de57a52f5d5a1bc3395f9e91e0d227051b9132805495d491503b372530a0e69', '1981-02-27', 0, 0, '', '', '', 0, 0, 0, 0, 0, 0, 0, NULL, NULL, NULL, NULL, NULL, NULL, NULL, 0, 0, 0, 0, '0000-00-00 00:00:00', '0000-00-00 00:00:00'),
(129, 'Renaud', 'Theuillon', 'rtheuillon@hotmail.com', '76b71f9a8e497d73727397669b55e04a0a0bf4405bff2ba824b29a2bd682c090cdaeb780174662cb90fc55a903602a99ac106911b8a3d976d7eeaec2d70ef17a', '1981-02-27', 0, 0, '', '', '', 0, 0, 0, 0, 0, 0, 0, NULL, NULL, NULL, NULL, NULL, NULL, NULL, 0, 0, 0, 0, '0000-00-00 00:00:00', '0000-00-00 00:00:00'),
(130, 'Renaud', 'Theuillon', 'rtheuillon@hotmail.com', '8122c119bce329a917697b17ad1dbf9178405ced4bbb6891c0c2bca6041c6e324a851d50b6d74aef6ddcc7ab4e7be25353f46e633a4163b351d437babcf1a917', '1981-02-27', 0, 0, '', '', '', 0, 0, 0, 0, 0, 0, 0, NULL, NULL, NULL, NULL, NULL, NULL, NULL, 0, 0, 0, 0, '0000-00-00 00:00:00', '0000-00-00 00:00:00'),
(131, 'Renaud', 'Theuillon', 'rtheuillon@hotmail.com', '58e68fef989a01469d9ef0a9e6a292c6cc00950fe3c09f38293a6615312e040ffdd3a472e73526d6681747fe2f50b0a5d6bac36734baa2cdb90be8578aafa553', '1981-02-27', 0, 0, '', '', '', 0, 0, 0, 0, 0, 0, 0, NULL, NULL, NULL, NULL, NULL, NULL, NULL, 0, 0, 0, 0, '0000-00-00 00:00:00', '0000-00-00 00:00:00'),
(132, 'Renaud', 'Theuillon', 'rtheuillon@hotmail.com', '259b638909532364454ef114efbb19b5e8328decd1ace304bc33aa6c23356d831e4e648beb2f5e50dae7d5d937bbc6702f412253674708b3de0a3b70782830cd', '1981-02-27', 0, 0, '', '', '', 0, 0, 0, 0, 0, 0, 0, NULL, NULL, NULL, NULL, NULL, NULL, NULL, 0, 0, 0, 0, '0000-00-00 00:00:00', '0000-00-00 00:00:00'),
(133, 'Renaud', 'Theuillon', 'rtheuillon@hotmail.com', 'b2606e105bd2259201c11982ebe79c56b1b68d4b921b3e7c163a15d443ee7b67a8844f6a051768fa1e122ece928f366bbf30c5d51e6b1bb319a5376cb9118d33', '1981-02-27', 0, 0, '', '', '', 0, 0, 0, 0, 0, 0, 0, NULL, NULL, NULL, NULL, NULL, NULL, NULL, 0, 0, 0, 0, '0000-00-00 00:00:00', '0000-00-00 00:00:00'),
(134, 'Renaud', 'Theuillon', 'rtheuillon@hotmail.com', '5833714d54d1d0087c30d9c14254d0a49c4775ff8403631df49e8aa17c08f0a7d18cec2a5f51aed19a53b7a3ddcf7c957c777bad7dfef50c0ecad0eb9d14dbb7', '1981-02-27', 0, 0, '', '', '', 0, 0, 0, 0, 0, 0, 0, NULL, NULL, NULL, NULL, NULL, NULL, NULL, 0, 0, 0, 0, '0000-00-00 00:00:00', '0000-00-00 00:00:00'),
(135, 'Renaud', 'Theuillon', 'rtheuillon@hotmail.com', '09ae469cc014b2d07c03d9687aafcfd34bcbf5ad569cf2a7b12c831718490667ab72994eefcb5af573c3b25bde616147136a7b9fdbc3c9a8b8484d3596b5b580', '1981-02-27', 0, 0, '', '', '', 0, 0, 0, 0, 0, 0, 0, NULL, NULL, NULL, NULL, NULL, NULL, NULL, 0, 0, 0, 0, '0000-00-00 00:00:00', '0000-00-00 00:00:00'),
(136, 'Renaud', 'Theuillon', 'rtheuillon@hotmail.com', 'b418889507bb8d8f5fb010d19e2bcc873503bcebe5c5ba8668c088f0c0cc90ac96a34513d3f24c60b35197c89f0b9a446928ac8d399f957363c30f081662500a', '1981-02-27', 0, 0, '', '', '', 0, 0, 0, 0, 0, 0, 0, NULL, NULL, NULL, NULL, NULL, NULL, NULL, 0, 0, 0, 0, '0000-00-00 00:00:00', '0000-00-00 00:00:00'),
(137, 'Renaud', 'Theuillon', 'rtheuillon@hotmail.com', 'ec3309c87d1b2371470906e48f46c29a88ddd7389ea6e98b4c266e0ca0f2a35cf4da24f4b561daa248ec6df69015bfb9a9dcfe67bc1470df24a13cee1a157fb1', '1981-02-27', 0, 0, '', '', '', 1, 0, 0, 0, 0, 0, 0, NULL, NULL, NULL, NULL, NULL, NULL, NULL, 0, 0, 0, 0, '0000-00-00 00:00:00', '0000-00-00 00:00:00'),
(138, 'Renaud', 'Theuillon', 'rtheuillon@hotmail.com', 'a53280e0bbcbc09b30b7d6219d90d044436152afd05c402c1b4bef697b00b0a68ceca5a39ad2a7866ebbefc5ff8e32c5d25c22cf7e072eb07461a8f1445ddc22', '1981-02-27', 0, 0, '', '', '', 0, 0, 0, 0, 0, 0, 0, NULL, NULL, NULL, NULL, NULL, NULL, NULL, 0, 0, 0, 0, '0000-00-00 00:00:00', '0000-00-00 00:00:00'),
(139, 'Renaud', 'Theuillon', 'rtheuillon@hotmail.com', 'd53df0ca7bad05b3d1ad3647745395558ba238814b48ca8af4d770a20fffc710b1de9ca86ee4367b16b331c3d7cb556e5c3291bb8127813a53d5a80850830189', '1981-02-27', 0, 0, '', '', '', 0, 0, 0, 0, 0, 0, 0, NULL, NULL, NULL, NULL, NULL, NULL, NULL, 0, 0, 0, 0, '0000-00-00 00:00:00', '0000-00-00 00:00:00'),
(140, 'Renaud', 'Theuillon', 'rtheuillon@hotmail.com', '4bb51bb3c05c5316cda7b549b21ee484ea69329ebae711deb81db9488499619ac1e5e486a39470a366e80fc55c8abbf1df6f227f8ab5577b14dd89b53a17d909', '1981-02-27', 0, 0, '', '', '', 0, 0, 0, 0, 0, 0, 0, NULL, NULL, NULL, NULL, NULL, NULL, NULL, 0, 0, 0, 0, '0000-00-00 00:00:00', '0000-00-00 00:00:00'),
(142, 'Renaud', 'Theuillon', 'rtheuillon@hotmail.com', '5d84e3d938f61e4cf639d4015c65309d6c083d2d85c516fec1817d1b6688ef3c2332b94875161883a0690a04ad90e12b5a3f2d1a25d9aa447b1b70ad77bd78b1', '1981-02-27', 0, 0, '', '', '', 0, 0, 0, 0, 0, 0, 0, NULL, NULL, NULL, NULL, NULL, NULL, NULL, 0, 0, 0, 0, '0000-00-00 00:00:00', '0000-00-00 00:00:00'),
(143, 'Renaud', 'Theuillon', 'rtheuillon@hotmail.com', 'c987adf2cce9022a7967042b6be9d704a0f4e1a38a652d7776c2146aa35f36f4d300ba2c436ce4e7f3fc54451c15ad88c0fd2858cdb82dd6d35656cfed3be5f3', '1981-02-27', 0, 0, '', '', '', 0, 0, 0, 0, 0, 0, 0, NULL, NULL, NULL, NULL, NULL, NULL, NULL, 0, 0, 0, 0, '0000-00-00 00:00:00', '0000-00-00 00:00:00'),
(144, 'Renaud', 'Theuillon', 'rtheuillon@hotmail.com', '129875c6c3d5a1826c5508a75f9d9b8e80155123910ed22a22a941b8449b091365cc8a86ffefd04c8dd1f0a846e19c6d73721c3ed5315862b43072c09252c594', '1981-02-27', 0, 0, '', '', '', 0, 0, 0, 0, 0, 0, 0, NULL, NULL, NULL, NULL, NULL, NULL, NULL, 0, 0, 0, 0, '0000-00-00 00:00:00', '0000-00-00 00:00:00'),
(145, 'Renaud', 'Theuillon', 'rtheuillon@hotmail.com', '44838b4e6be716fc35334510321ea06724b61660cbb5a5a63ab863c139549de47e291140df1dbed7305f2e10f1600521fce94c8eee6da160da87ace4273f9885', '1981-02-27', 0, 0, '', '', '', 1, 0, 0, 0, 0, 0, 0, NULL, 'test', NULL, NULL, NULL, NULL, NULL, 0, 0, 0, 0, '0000-00-00 00:00:00', '0000-00-00 00:00:00'),
(146, 'Renaud', 'Theuillon', 'rtheuillon@hotmail.com', '129be580ab55012c4bcc6c73d2b26064cab4e6cff9682552ced27e7aaffc3028a36d3acda5adb8a2979c83309370a24dc5d089c928c9951eb38af360457948dd', '1981-02-27', 0, 0, '', '', '', 0, 0, 0, 0, 0, 0, 0, NULL, NULL, NULL, NULL, NULL, NULL, NULL, 0, 0, 0, 0, '0000-00-00 00:00:00', '0000-00-00 00:00:00'),
(147, 'Renaud', 'Theuillon', 'rtheuillon@hotmail.com', 'f0338405873fb546bc0f9370a519a66d8d633446f5f88777ee1227f97bb817ab414787aaa7869e6007824b6b00ddce5574ebe8b3e26ff2dbe2e526f7dd15f825', '1987-02-04', 0, 0, '', '', '', 0, 0, 2, 0, 0, 0, 0, NULL, 'je kiffe les vieux', NULL, NULL, NULL, NULL, NULL, 0, 0, 0, 0, '0000-00-00 00:00:00', '0000-00-00 00:00:00'),
(148, 'Renaud', 'Theuillon', 'rtheuillon@hotmail.com', 'b16566ccc3ec8f1ec7bda71776fa5962fe0125a093c0268f89692052d4f2b848be96ff2de5f941a871b59386bfccfc173cd85e3804558a3ef2ce5d13ad0b64bd', '1981-02-07', 0, 0, '', '', '', 1, 30, 0, 0, 0, 0, 0, NULL, '', NULL, NULL, NULL, NULL, NULL, 0, 0, 0, 0, '0000-00-00 00:00:00', '0000-00-00 00:00:00'),
(149, 'Renaud', 'Theuillon', 'rtheuillon@hotmail.com', '20127ac1b26691311c695ac0aec60b018586ea93c2408ddb468dbbe488fe518af4d1e8aeb940fe08301480182ab8f53ca2c34854b7f0ebcc1900d68a56045d68', '1981-02-27', 0, 0, '', '', '', 1, 3, 2, 0, 0, 1, 1, NULL, 'test', NULL, NULL, NULL, NULL, NULL, 0, 0, 0, 0, '0000-00-00 00:00:00', '0000-00-00 00:00:00'),
(150, 'Renaud', 'Theuillon', 'rtheuillon@hotmail.com', '125d067522326fc25b08dc0619acc8478a8e5cb2fd4d30face9ee9c2e422282f344ff3ccd1bb597e11dd8b550c3c437e70c5939db9508ce83e9147d76309b08b', '1981-02-27', 0, 0, '', '', '', 0, 0, 0, 0, 0, 0, 0, NULL, NULL, NULL, NULL, NULL, NULL, NULL, 0, 0, 0, 0, '0000-00-00 00:00:00', '0000-00-00 00:00:00'),
(151, 'Renaud', 'Theuillon', 'rtheuillon@hotmail.com', '2e61248ddf00f96e05c3d50277af38369ef6af970105ff5f1d709ccd6e91aff438665d2dad346a0591f181cde5d326957e0eed358bf183b9eef49449fcee22d1', '1981-02-27', 0, 0, '', '', '', 0, 0, 0, 0, 0, 0, 0, NULL, '', NULL, NULL, NULL, NULL, NULL, 0, 0, 0, 0, '0000-00-00 00:00:00', '0000-00-00 00:00:00'),
(152, 'Renaud', 'Theuillon', 'rtheuillon@hotmail.com', '17e6eec49c5b07615c91059118d19bd0cf195c36ea284578004981ff6766859567a6bb5918c0f3e70674dbdf9821792fa80ac5177c539b9b074e94f2caea6ff2', '1981-02-27', 0, 0, '', '', '', 0, 0, 0, 0, 0, 0, 0, NULL, NULL, NULL, NULL, NULL, NULL, NULL, 0, 0, 0, 0, '0000-00-00 00:00:00', '0000-00-00 00:00:00'),
(153, 'Renaud', 'Theuillon', 'rtheuillon@hotmail.com', '0a8377dbf761d0afd8ae0c884bf1686eb17331aeb598430d7499555d35c723fee04ae3811361bfcd1dd14fe205961340e4eaf96b4d5c8686df4d910384bf8805', '1981-02-27', 0, 0, '', '', '', 0, 0, 0, 0, 0, 0, 0, NULL, NULL, NULL, NULL, NULL, NULL, NULL, 0, 0, 0, 0, '0000-00-00 00:00:00', '0000-00-00 00:00:00'),
(154, 'Renaud', 'Theuillon', 'rtheuillon@hotmail.com', 'bc726ba0ca69111b06aa2ecfd86535b66179eacaa94383a2f257a059c4f18182147100292a9fc9915b7210e2e347fb5c1c76b903a40ef2c7b19afa957747d958', '1981-02-27', 0, 0, '', '', '', 0, 0, 0, 0, 0, 0, 0, NULL, '', NULL, NULL, NULL, NULL, NULL, 0, 0, 0, 0, '0000-00-00 00:00:00', '0000-00-00 00:00:00'),
(155, 'Renaud', 'Theuillon', 'rtheuillon@hotmail.com', 'f320d09cd808f987f7789c4690d924e1d5895157405691ef79f6ad315f72c3bcc6f20bdd3ce562408aa9d86db1d2a2f1bd8cb89db13e4f30f6edc23cc710661f', '1981-02-27', 0, 0, '', '', '', 0, 0, 0, 0, 0, 0, 0, NULL, '', NULL, NULL, NULL, NULL, NULL, 0, 0, 0, 0, '0000-00-00 00:00:00', '0000-00-00 00:00:00'),
(156, 'Renaud', 'Theuillon', 'rtheuillon@hotmail.com', 'bbf5681424eba873643fdfab60c7086ddd2f3590d8225230eda433febc6f56fed647138357dd19e0edc83a058425f5f331419e21ce65c0bc1e67a533add665a9', '1981-02-27', 0, 0, '', '', '', 0, 0, 0, 0, 0, 0, 0, NULL, '', NULL, NULL, NULL, NULL, NULL, 0, 0, 0, 0, '0000-00-00 00:00:00', '0000-00-00 00:00:00'),
(157, 'Renaud', 'Theuillon', 'rtheuillon@hotmail.com', '1330b9076092954403dde168f6989adbc52368aff8477468b66a92dcf98ce1a12df2258a6d24f0113f3db9f2db479164798273330f9ac4700b86c7283d953723', '1981-02-27', 0, 0, '', '', '', 0, 0, 0, 0, 0, 0, 0, NULL, NULL, NULL, NULL, NULL, NULL, NULL, 0, 0, 0, 0, '0000-00-00 00:00:00', '0000-00-00 00:00:00'),
(158, 'Renaud', 'Theuillon', 'rtheuillon@hotmail.com', 'cfc4e74da3f4df3014ce7d0e97c5ca9900424435aaf1108dc59143f02ff7f0ee5b1c8045f4d3f233f99152dd1f1851bd3c4b4ea8b613f517e87c96a79d824dd0', '1981-02-27', 0, 0, '', '', '', 0, 0, 0, 0, 0, 0, 0, NULL, '', NULL, NULL, NULL, NULL, NULL, 0, 0, 0, 0, '0000-00-00 00:00:00', '0000-00-00 00:00:00'),
(159, 'Renaud', 'Theuillon', 'rtheuillon@hotmail.com', 'fbafd8152010029279cb12739147d49f0cf393d23ec4571b4f2d19b5238c6c5d68bebcc7e17d80ef56333fe5d5186dd33ce117249d1a2125bf777715199dac90', '1981-02-27', 0, 0, '', '', '', 0, 0, 0, 0, 0, 0, 0, NULL, NULL, NULL, NULL, NULL, NULL, NULL, 0, 0, 0, 0, '0000-00-00 00:00:00', '0000-00-00 00:00:00'),
(160, 'Renaud', 'Theuillon', 'rtheuillon@hotmail.com', '8d323cf83385f539ea827b25f0a6569fc568dfd9c3a6733bb0ed1f98d8cf9c20f82cdd3d835153a49fe556ae1132d6e1eafaaf846aa25a03c74ebc71edc54961', '1981-02-27', 0, 0, '', '', '', 0, 0, 0, 0, 0, 0, 0, NULL, NULL, NULL, NULL, NULL, NULL, NULL, 0, 0, 0, 0, '0000-00-00 00:00:00', '0000-00-00 00:00:00'),
(161, 'Renaud', 'Theuillon', 'rtheuillon@hotmail.com', '842053819ccef35e23a01f9d75c0053adca01fd80f3c66d0cf23261e714632ebbc149d0546e7fe6b15b336a99ea6805a280e04aba5c950d78dc183a5159673f1', '1981-02-27', 0, 0, '', '', '', 1, 0, 0, 0, 0, 0, 0, NULL, 'kjjjj', NULL, NULL, NULL, NULL, NULL, 0, 0, 0, 0, '0000-00-00 00:00:00', '0000-00-00 00:00:00'),
(162, 'Renaud', 'Theuillon', 'rtheuillon@hotmail.com', 'd49a5253dd553a818e86cdb0b097b69a660dc66a7a640f145ef46ddb05ccebec6c91dd3bff3dd438587f22817faf3e0429b927c6b6864076d5293b4f7cb750f3', '1981-02-27', 0, 0, '', '', '', 0, 0, 0, 0, 0, 0, 0, NULL, NULL, NULL, NULL, NULL, NULL, NULL, 0, 0, 0, 0, '0000-00-00 00:00:00', '0000-00-00 00:00:00'),
(163, 'Renaud', 'Theuillon', 'rtheuillon@hotmail.com', '1aa0133eb67c7d12f7bbdbef4b899627277d95c30426cca43ed955e79516e347010652bfc87156fcb893cd34f9fd877c003e4bfab5c8fc111dde017857389315', '1981-02-27', 0, 0, '', '', '', 0, 0, 0, 0, 0, 0, 0, NULL, NULL, NULL, NULL, NULL, NULL, NULL, 0, 0, 0, 0, '0000-00-00 00:00:00', '0000-00-00 00:00:00'),
(164, 'Renaud', 'Theuillon', 'rtheuillon@hotmail.com', '88066f195776d3edf39643db978be2cd100505786d25d11876f20dfdc7d7b9792e153c5906889c6e2b5c00ace59d802e778e45fa442c4cdb07be23763e8e5948', '1981-02-27', 0, 0, '', '', '', 0, 0, 0, 0, 0, 0, 0, NULL, NULL, NULL, NULL, NULL, NULL, NULL, 0, 0, 0, 0, '0000-00-00 00:00:00', '0000-00-00 00:00:00'),
(165, 'Renaud', 'Theuillon', 'rtheuillon@hotmail.com', 'f28e7d430b76d51bfab23fa1cebefb4372864600d89dc0a0cb9ecc6dd7b51bcbb205bb12463ce57325a383ae3c7fad4ec007bb1c432d433f708690aaba11bafa', '1981-02-27', 0, 0, '', '', '', 0, 0, 0, 0, 0, 0, 0, NULL, NULL, NULL, NULL, NULL, NULL, NULL, 0, 0, 0, 0, '0000-00-00 00:00:00', '0000-00-00 00:00:00'),
(166, 'Renaud', 'Theuillon', 'rtheuillon@hotmail.com', 'ee5abdee853898f34f5ad8ea33e65d99b0adfda6a8f02877881d84a2879ee0da00f35c56092ab9ad5ef9c569fb50908bf42ca295fa547ec0f07daadfeae02497', '1981-02-27', 0, 0, '', '', '', 0, 0, 0, 0, 0, 0, 0, NULL, NULL, NULL, NULL, NULL, NULL, NULL, 0, 0, 0, 0, '0000-00-00 00:00:00', '0000-00-00 00:00:00'),
(167, 'Renaud', 'Theuillon', 'rtheuillon@hotmail.com', '869927229ec2a1561cb010491fdf6220893d05ab80ac336532fe45e6727e76e0ab06483ea44a833c7a2778f3c9038648e0e28465c1cf00ec7b8e433bfd8a3231', '1981-02-27', 0, 0, '', '', '', 0, 0, 0, 0, 0, 0, 0, NULL, NULL, NULL, NULL, NULL, NULL, NULL, 0, 0, 0, 0, '0000-00-00 00:00:00', '0000-00-00 00:00:00'),
(168, 'Renaud', 'Theuillon', 'rtheuillon@hotmail.com', '265336c7353c454dca5c398a6f8f0ba7a7b86343f668e2dddbc73b18798d8cb5e7cbef1e44c1193b0a7f0dd45ce85919f7f373c42fc167cb89aa704acb277026', '1981-02-27', 0, 0, '', '', '', 0, 0, 0, 0, 0, 0, 0, NULL, NULL, NULL, NULL, NULL, NULL, NULL, 0, 0, 0, 0, '0000-00-00 00:00:00', '0000-00-00 00:00:00'),
(169, 'Renaud', 'Theuillon', 'rtheuillon@hotmail.com', 'dd257c6680ef73e89920c591793914c77882f75e2496ded66ac7a43cfaf55c493d38d68cd8ba3d8d69daba11b3c14e58be24d47121a6f0dfd58be1725c1d8c92', '1981-02-27', 0, 0, '', '', '', 0, 0, 0, 0, 0, 0, 0, NULL, NULL, NULL, NULL, NULL, NULL, NULL, 0, 0, 0, 0, '0000-00-00 00:00:00', '0000-00-00 00:00:00'),
(170, 'Renaud', 'Theuillon', 'rtheuillon@hotmail.com', '89efaaaf9412c46f436f9004292563e94205d71d3b7818a3f302b3825888fee8e548ed30842cb5c5f5b486d3eec595a3010fb38575be36ddf7f61c083c124ec8', '1981-02-27', 0, 0, '', '', '', 0, 0, 0, 0, 0, 0, 0, NULL, NULL, NULL, NULL, NULL, NULL, NULL, 0, 0, 0, 0, '0000-00-00 00:00:00', '0000-00-00 00:00:00'),
(171, 'Renaud', 'Theuillon', 'rtheuillon@hotmail.com', '3bed5ed23b5b4a5b655c180dbfc45f60eb67e0222458468972d953f8b719706c26d28b76fc56f32de7c703c021fc6fded5a6b249a236ed5ee6eb145f54bfec1b', '1981-02-27', 0, 0, '', '', '', 0, 0, 0, 0, 0, 0, 0, NULL, NULL, NULL, NULL, NULL, NULL, NULL, 0, 0, 0, 0, '0000-00-00 00:00:00', '0000-00-00 00:00:00'),
(172, 'Renaud', 'Theuillon', 'rtheuillon@hotmail.com', '79e71e69f8541e2e63269b27e2a7ca8516ee02b44f30f46275ed90197dfa4d3b112b98bff6ab359a33e93ec653d28e2c4328e834c6401ca47923812b3fd6298e', '1981-02-27', 0, 0, '', '', '', 0, 0, 0, 0, 0, 0, 0, NULL, NULL, NULL, NULL, NULL, NULL, NULL, 0, 0, 0, 0, '0000-00-00 00:00:00', '0000-00-00 00:00:00'),
(173, 'Renaud', 'Theuillon', 'rtheuillon@hotmail.com', '3e5af082564cf83eb26151fd2d6c7b39e40b04b990456c1ff8376cce120ba0d174beff4c1702f9b99b95fd5042ae13c3952af1ee88416bc1fea74565332fa4fc', '1981-02-27', 0, 0, '', '', '', 0, 0, 0, 0, 0, 0, 0, NULL, NULL, NULL, NULL, NULL, NULL, NULL, 0, 0, 0, 0, '0000-00-00 00:00:00', '0000-00-00 00:00:00'),
(174, 'Renaud', 'Theuillon', 'rtheuillon@hotmail.com', '9a79948f0f48679735abb4401eb7b53f0bfcdcf1892779fbc36a73967ed15e7ddfc36285879d2f829ba3f8d8619f38edb49c567acbfef18de93620f10a1f1036', '1981-02-27', 0, 0, '', '', '', 0, 0, 0, 0, 0, 0, 0, NULL, NULL, NULL, NULL, NULL, NULL, NULL, 0, 0, 0, 0, '0000-00-00 00:00:00', '0000-00-00 00:00:00'),
(175, 'Renaud', 'Theuillon', 'rtheuillon@hotmail.com', 'e2f38671f0a133bd9efc812b941e822cdad409c86b5e31e05d527469f85570f3ba33c53ba3938114f71091dcfca277df24924a53224cb801259855a7630d6526', '1981-02-27', 0, 0, '', '', '', 0, 0, 0, 0, 0, 0, 0, NULL, NULL, NULL, NULL, NULL, NULL, NULL, 0, 0, 0, 0, '0000-00-00 00:00:00', '0000-00-00 00:00:00');
REPLACE INTO `tbl_carer` (`id`, `first_name`, `last_name`, `email_address`, `password`, `date_birth`, `gender`, `hourly_work`, `nationality`, `country_birth`, `mobile_phone`, `live_in`, `live_in_work_radius`, `hourly_work_radius`, `work_with_male`, `work_with_female`, `driving_licence`, `car_owner`, `motivation_text`, `personal_text`, `dh_rating`, `balance`, `sort_code`, `account_number`, `last_login_date`, `wizard_completed`, `terms_conditions`, `motivation_text_status`, `personal_text_status`, `created`, `modified`) VALUES
(176, 'Renaud', 'Theuillon', 'rtheuillon@hotmail.com', '746e102b62ef48e1c8316d356a0e5b9c5796792f070bd0c293f5e77acaaa97deecd86d5ed11868a5a4c5088569a453ba4a1953a0192e6770c5c90f14d87991e9', '1981-02-27', 0, 0, '', '', '', 0, 0, 0, 0, 0, 0, 0, NULL, NULL, NULL, NULL, NULL, NULL, NULL, 0, 0, 0, 0, '0000-00-00 00:00:00', '0000-00-00 00:00:00'),
(177, 'Renaud', 'Theuillon', 'rtheuillon@hotmail.com', 'cc02bc894d97078d5fab4670491aa9a77b45f295419ef32ba5a9843a51242b1a918bfb9cd8227a7fe3d48a83ec1c3644c87149b03501e23170f64a04c8d0bcfd', '1981-02-27', 0, 0, '', '', '', 0, 0, 0, 0, 0, 0, 0, NULL, NULL, NULL, NULL, NULL, NULL, NULL, 0, 0, 0, 0, '0000-00-00 00:00:00', '0000-00-00 00:00:00'),
(178, 'Renaud', 'Theuillon', 'rtheuillon@hotmail.com', '68ff4f4690a38141d81ba335bc4b402382e20cfab05a49395245cd4e51ac5b5a67f43aea6d03a6f53d91f71f55e1939398ab9689853af16b6ef5958be0912320', '1981-02-27', 0, 0, '', '', '', 0, 0, 0, 0, 0, 0, 0, NULL, NULL, NULL, NULL, NULL, NULL, NULL, 0, 0, 0, 0, '0000-00-00 00:00:00', '0000-00-00 00:00:00'),
(179, 'Renaud', 'Theuillon', 'rtheuillon@hotmail.com', '1b7c3b58f3b1169caa2b43afbd9d964459bc08877797f8eeb1f1e0fc16d9e509565ef784c77d38d57253b680207eb080e9b5ee49f8bf54603f927bd517137c4d', '1981-02-27', 0, 0, '', '', '', 0, 0, 0, 0, 0, 0, 0, NULL, NULL, NULL, NULL, NULL, NULL, NULL, 0, 0, 0, 0, '0000-00-00 00:00:00', '0000-00-00 00:00:00'),
(180, 'Renaud', 'Theuillon', 'rtheuillon@hotmail.com', '747c4125089eb503444f9c34e0b23258c852c2a08cec1f098a28968d445856413e57108eff75bd3a0bf74b88906f03fc9a40b721c7a673bbc4a1e078760b74ec', '1981-02-27', 0, 0, '', '', '', 0, 0, 0, 0, 0, 0, 0, NULL, NULL, NULL, NULL, NULL, NULL, NULL, 0, 0, 0, 0, '0000-00-00 00:00:00', '0000-00-00 00:00:00'),
(181, 'Renaud', 'Theuillon', 'rtheuillon@hotmail.com', 'e0ef883f991c1c254c92d2e29f1e5ba194219bd37aca5cc35c3842c821f3ff94b61a71379a44111e65c2182a7824464c5e31e7904095fd9ff2df6c08ed76d0d2', '1981-02-27', 0, 0, '', '', '', 0, 0, 0, 0, 0, 0, 0, NULL, NULL, NULL, NULL, NULL, NULL, NULL, 0, 0, 0, 0, '0000-00-00 00:00:00', '0000-00-00 00:00:00'),
(182, 'Renaud', 'Theuillon', 'rtheuillon@hotmail.com', '166ff21ddf08b5d92562f26c3de3f7c77c8aeec2b45643ec604212608b7024ce6d5bebcb9929759a36de1f340ed5e43b7a8b9c6d2b1c86ead1910c1b92611c52', '1981-02-27', 0, 0, '', '', '', 0, 0, 0, 0, 0, 0, 0, NULL, NULL, NULL, NULL, NULL, NULL, NULL, 0, 0, 0, 0, '0000-00-00 00:00:00', '0000-00-00 00:00:00'),
(183, 'Renaud', 'Theuillon', 'rtheuillon@hotmail.com', 'bd488e1a4c5bfc455d3da3b1d53f764f8f43492de4879a7b9834ffe4fafb510a1bbd64a7bcdefb09e1dbf0e433061dd26683773eebf6f6b29815308e08b2d446', '1981-02-27', 0, 0, '', '', '', 0, 0, 0, 0, 0, 1, 1, NULL, '', NULL, NULL, NULL, NULL, NULL, 0, 0, 0, 0, '0000-00-00 00:00:00', '0000-00-00 00:00:00'),
(184, 'Renaud2', 'Theuillon', 'rtheuillon@hotmail.com', '13de5bf38eccd7c4e24085a85cdb95d359e913942323cc61f6fce73963859d3c021fd21e4238cd955d0f2fb99bd18032f49586583d4de94a4aa130b783322b91', '1981-02-27', 0, 0, '', '', '', 0, 0, 0, 0, 0, 0, 0, NULL, NULL, NULL, NULL, NULL, NULL, NULL, 0, 0, 0, 0, '0000-00-00 00:00:00', '0000-00-00 00:00:00'),
(185, 'Renaud3', 'Theuillon', 'rtheuillon@hotmail.com', '8a5ea01ce7a0c8da35c4a0a2012d25a6b7d95e4693135148d26b21219745aeec36f3f6bf5f6a2c0a32dee06ad6fd81fb22854d77ab04e0ad7ec3d5e4eb051c67', '1981-02-27', 0, 0, '', '', '', 0, 0, 0, 0, 0, 1, 1, NULL, '', NULL, NULL, NULL, NULL, NULL, 0, 0, 0, 0, '0000-00-00 00:00:00', '0000-00-00 00:00:00'),
(186, 'Renaud2', 'Theuillon', 'rtheuillon@hotmail.com', 'e20108a9ee0dcf41e771bcf0fb8a281e7f59b10b62e5a170fba864c61181cd3364faeffeeb55ab3b9e85a89b4bc3af2efb987ad10b90b46d0a10a4df9f60333e', '1981-02-22', 0, 0, '', '', '', 0, 0, 0, 1, 1, 1, 1, NULL, 'Test', NULL, NULL, NULL, NULL, NULL, 0, 0, 0, 0, '0000-00-00 00:00:00', '0000-00-00 00:00:00'),
(187, 'Renaud', 'Theuillon', 'rtheuillon@hotmail.com', 'b12b7f5fe671e812fc1adf797d1c329c044d55e75cd603de669bce702822d521338b19f7cee2f3ff6abedef38fd1c3bf880d48d195b0b983a9130410d76d1c00', '1981-02-27', 0, 0, '', '', '', 0, 0, 0, 1, 0, 0, 0, NULL, '', NULL, NULL, NULL, NULL, NULL, 0, 0, 0, 0, '0000-00-00 00:00:00', '0000-00-00 00:00:00'),
(188, 'Renaud', 'Theuillon', 'rtheuillon@hotmail.com', '9689590adcb1bfef7a4c50af9acba01090c7b3c69dfcb1250df8b850f53c79a39d0b8326af4c8117ea28fffccdb8f131cafc6e50edfb68b2b84306e352f9944e', '1981-02-27', 0, 0, '', '', '', 0, 0, 0, 0, 0, 0, 0, NULL, '', NULL, NULL, NULL, NULL, NULL, 0, 0, 0, 0, '0000-00-00 00:00:00', '0000-00-00 00:00:00'),
(189, 'Renaud', 'Theuillon', 'rtheuillon@hotmail.com', '74fcaf0048d7e5c6ed0395db766992287ceccb78aaa6ba5eda62440b89b25a4edfac0d6cca16dee161768c9ecd9d0b3dca70e0eee169f6c076ff3dd49244e470', '1981-02-27', 0, 0, '', '', '', 0, 0, 0, 0, 0, 0, 0, NULL, '', NULL, NULL, NULL, NULL, NULL, 0, 0, 0, 0, '0000-00-00 00:00:00', '0000-00-00 00:00:00'),
(190, 'Renaud', 'Theuillon', 'rtheuillon@hotmail.com', '3ec8ecb06b8526c806f3ee150c4c120a5a207d3ee527350a158482a26ad66c5c2cc59f1c35cf1096ea622dedc815de807396f222630ab8d367ac63ce037bedcb', '1981-02-27', 0, 0, '', '', '', 0, 0, 0, 0, 0, 0, 0, NULL, NULL, NULL, NULL, NULL, NULL, NULL, 0, 0, 0, 0, '0000-00-00 00:00:00', '0000-00-00 00:00:00'),
(191, 'Renaud', 'Theuillon', 'rtheuillon@hotmail.com', '1f064bb9671f29ae38222bd00e25e818c23c0b5d42d3782846218cb8909e2088b0905d249d1539bd3aeb47b02210532e407e325c88593f768ada93ce435209a1', '1981-02-27', 0, 0, '', '', '', 0, 0, 0, 0, 0, 0, 0, NULL, NULL, NULL, NULL, NULL, NULL, NULL, 0, 0, 0, 0, '0000-00-00 00:00:00', '0000-00-00 00:00:00'),
(192, 'Renaud', 'Theuillon', 'rtheuillon@hotmail.com', 'a5027c109d8ce1678ad6778270d9f8e68bef93add89c231acd50d896c0481546d081d4a858f5a8b1ca8365512c2926216892333de3d2dfee6dfc20d7b53c1713', '1981-02-27', 0, 0, '', '', '', 0, 0, 0, 0, 0, 0, 0, NULL, NULL, NULL, NULL, NULL, NULL, NULL, 0, 0, 0, 0, '0000-00-00 00:00:00', '0000-00-00 00:00:00'),
(193, 'Renaud', 'Theuillon', 'rtheuillon@hotmail.com', '3981ba3ac0f7e0729b973d3e781243730c7798f654dfaefb74a6baa29c3b4af93703bfc18028ab0f872090b19b1dea87c5087acf47dca6099bee3d77d314e77d', '1981-02-27', 0, 0, '', '', '', 0, 0, 0, 0, 0, 0, 0, NULL, NULL, NULL, NULL, NULL, NULL, NULL, 0, 0, 0, 0, '0000-00-00 00:00:00', '0000-00-00 00:00:00'),
(194, 'Renaud', 'Theuillon', 'rtheuillon@hotmail.com', 'a1111974f3a5118f84445297425523564ed1a485e38781b68250f34da10f5906c3672c0847a063d1b45e1d2a02fc87020ee9d4eac3dee60e0edd1248e5b2a786', '1981-02-27', 0, 0, '', '', '', 0, 0, 0, 0, 0, 0, 0, NULL, NULL, NULL, NULL, NULL, NULL, NULL, 0, 0, 0, 0, '0000-00-00 00:00:00', '0000-00-00 00:00:00'),
(195, 'Renaud', 'Theuillon', 'rtheuillon@hotmail.com', 'afddd25df913063bafdc4485ef8520876dbff34d663637ccb11ab4c89b85e3f9158e9a4d6dce7dfe409d39eaa5b0a67659f76a56728f63146f5c09119bccfe36', '1981-02-27', 0, 0, '', '', '', 0, 0, 0, 0, 0, 0, 0, NULL, NULL, NULL, NULL, NULL, NULL, NULL, 0, 0, 0, 0, '0000-00-00 00:00:00', '0000-00-00 00:00:00'),
(196, 'Renaud', 'Theuillon', 'rtheuillon@hotmail.com', 'b03d9a252ed6d27dac794502dfde1c89e31af117efa2f48861e12b812e1df9a76baabedb4d663d9c5d95732050db20400d31514eaf917c9044ffa673e148ac22', '1981-02-27', 0, 0, '', '', '', 0, 0, 0, 0, 0, 0, 0, NULL, NULL, NULL, NULL, NULL, NULL, NULL, 0, 0, 0, 0, '0000-00-00 00:00:00', '0000-00-00 00:00:00'),
(197, 'Renaud', 'Theuillon', 'rtheuillon@hotmail.com', '4246fc793dc725fedfa4ef67d372aaba1cef9b20f1737a02c36ef98205a83e145d542c22aa00c17c31b9d43e927030d5a577306d4522337e8696c0a3a97ad953', '1981-02-27', 0, 0, '', '', '', 0, 0, 0, 0, 0, 0, 0, NULL, NULL, NULL, NULL, NULL, NULL, NULL, 0, 0, 0, 0, '0000-00-00 00:00:00', '0000-00-00 00:00:00'),
(198, 'Renaud', 'Theuillon', 'rtheuillon@hotmail.com', 'a03116513d23503e5538b6d3c29ce18fa9d234acb06bf73cb3d4e2b53b7bacad7bc1136a8c9394ff9f161001efbb76888ca89dfdb94660eb84457c54963fd2e8', '1981-02-27', 0, 0, '', '', '', 0, 0, 0, 0, 0, 0, 0, NULL, NULL, NULL, NULL, NULL, NULL, NULL, 0, 0, 0, 0, '0000-00-00 00:00:00', '0000-00-00 00:00:00'),
(199, 'Renaud', 'Theuillon', 'rtheuillon@hotmail.com', '2ce8a5fb52fe0517fad890fa804287eff11b3693644674778a548111d840ccb6f22d6cc44c3c4c4e58716ce094af97aed8e323226710d2d33b2d5b9bbdff3686', '1981-02-27', 0, 0, '', '', '', 0, 0, 0, 0, 0, 0, 0, NULL, NULL, NULL, NULL, NULL, NULL, NULL, 0, 0, 0, 0, '0000-00-00 00:00:00', '0000-00-00 00:00:00'),
(200, 'Renaud', 'Theuillon', 'rtheuillon@hotmail.com', '6525be99167a63a089e2f424cfef4b934d21be0bbb6f1a6a53eebcca2c3e067f8fbbb4521f339d4b8e8eaa1b5cdff2dd8965a4c38a443eb185b2908037db7719', '1981-02-27', 1, 0, '', '', '', 0, 0, 0, 0, 0, 0, 0, NULL, NULL, NULL, NULL, NULL, NULL, NULL, 0, 0, 0, 0, '0000-00-00 00:00:00', '0000-00-00 00:00:00'),
(201, 'Ren', 'Theuillon', 'rtheuillon@hotmail.com', 'bf16314728e17439b124b29bbe55e4752bc97b50b0fd52abb9bf7efd8c5a1ce13230b944cfd154a1687bd9cd2276803184269d7ad1c70be658e69692583db749', '1981-02-27', 1, 0, '', '', '07966978383', 0, 0, 0, 0, 0, 0, 0, NULL, NULL, NULL, NULL, NULL, NULL, NULL, 0, 0, 0, 0, '0000-00-00 00:00:00', '0000-00-00 00:00:00'),
(202, 'Renaud', 'Theuillon', 'rtheuillon@hotmail.com', '80769d899ae1fb12adbb5fe2bd2bbbb66578869d5423a93c34ae6521c072715876dcd84f1232ce269eae8ce6a4327ec809e8c348aabcfc1751f4f6ab50d75902', '1981-02-27', 1, 0, '', '', '07', 0, 0, 0, 0, 0, 0, 0, NULL, NULL, NULL, NULL, NULL, NULL, NULL, 0, 0, 0, 0, '0000-00-00 00:00:00', '0000-00-00 00:00:00'),
(203, 'Renaud', 'Theuillon', 'rtheuillon@hotmail.com', '0c5e66482df33d0d8b01d647221911cff79d26e7269986b1523c4a8ef0a012c4dc189f8c7b5671ec15e161ddd5ce52085ae0c06226ded48111eae863a1f7db2d', '1981-02-27', 2, 0, '', '', '07966978383', 0, 0, 0, 0, 0, 0, 0, NULL, NULL, NULL, NULL, NULL, NULL, NULL, 0, 0, 0, 0, '0000-00-00 00:00:00', '0000-00-00 00:00:00'),
(204, 'Renaud', 'Theuillon', 'rtheuillon@hotmail.com', 'f8d18bfe0e2a9208831c3d7d87a22dbc00b48219394bf717781c2111eb6dddb90013e19b0be77f6b5218edfce05c0de2546fe4c6284f3cf1cc4cf4832652f1e7', '1981-02-27', 2, 0, '', '', '07966978383', 0, 0, 0, 0, 0, 0, 0, NULL, NULL, NULL, NULL, NULL, NULL, NULL, 0, 0, 0, 0, '0000-00-00 00:00:00', '0000-00-00 00:00:00'),
(205, 'Renaud', 'Theuillon', 'rtheuillon@hotmail.com', 'a11aeab88fd159b1dc658ff23e13dba72bb3de4bb2c19b3aae6926cbd7cf143d0ec1c70ac0e163e4c3ba600148a6bd2e6b7fe993ae3b21b897214e3540e84331', '1981-02-27', 2, 0, '', '', '07966978383', 0, 0, 0, 0, 0, 0, 0, NULL, '', NULL, NULL, NULL, NULL, NULL, 0, 0, 0, 0, '0000-00-00 00:00:00', '0000-00-00 00:00:00'),
(206, 'Renaud', 'Theuillon', 'rtheuillon@hotmail.com', 'e0338c20df4b5abc4c836d6e8dd64aaa6f12e13004bcf8265aa9cfcdcacbce5a15b8ed79f4b69bf62cbcdc1956ef9903255e2e8813edc5eb35fe8941ffc14018', '1981-02-27', 2, 0, '', '', '07966978383', 0, 0, 0, 0, 0, 0, 0, NULL, NULL, NULL, NULL, NULL, NULL, NULL, 0, 0, 0, 0, '0000-00-00 00:00:00', '0000-00-00 00:00:00'),
(207, 'Renaud', 'Theuillon', 'rtheuillon@hotmail.com', 'd5206c97f44bd84ddf79c549af5e94f5878ae26a36ab3b12d893ef659092ac7e544a726cf69c99b64c506c86dd208730d4259e0d9ceee02b00d8ea0f8d148cea', '1981-02-27', 2, 0, '', '', '07966978383', 1, 0, 0, 0, 0, 0, 0, NULL, '', NULL, NULL, NULL, NULL, NULL, 0, 0, 0, 0, '0000-00-00 00:00:00', '0000-00-00 00:00:00'),
(208, 'Renaud', 'Theuillon', 'rtheuillon@hotmail.com', '4c6e674022b265b6ef010b5b5f3503b92aaaab8ce98df4701b8099365912cfeb6a1b0e50a3070b2c8c11c2d99a3ace25f75c98528b558baae90b4e5c8e8df6e5', '1981-02-27', 2, 0, '', '', '07966978383', 0, 0, 0, 0, 0, 0, 0, NULL, NULL, NULL, NULL, NULL, NULL, NULL, 0, 0, 0, 0, '0000-00-00 00:00:00', '0000-00-00 00:00:00'),
(209, 'Renaud', 'Theuillon', 'rtheuillon@hotmail.com', '879a157e75b30d101c00069febd43b0f8b8aa43b1478de125fbf7a280d4e18cf8e7c89544c8c2ef7116d066c97159167df7b711e8747a1f3289d5c0321f0df7f', '1981-02-27', 2, 0, '', '', '07966978383', 0, 0, 0, 0, 0, 0, 0, NULL, NULL, NULL, NULL, NULL, NULL, NULL, 0, 0, 0, 0, '0000-00-00 00:00:00', '0000-00-00 00:00:00'),
(210, 'Renaud', 'Theuillon', 'rtheuillon@hotmail.com', '82ae13f71148984ac974e04a8f3ec1087edf6ae883e0e955ff91a4fc4b24790e296b261d10b8b67551b9c2b25670212fd825b440f78bc741ddc457c9f6493bda', '1981-02-27', 2, 0, '', '', '07966978383', 0, 0, 0, 0, 0, 0, 0, NULL, NULL, NULL, NULL, NULL, NULL, NULL, 0, 0, 0, 0, '0000-00-00 00:00:00', '0000-00-00 00:00:00'),
(211, 'Renaud', 'Theuillon', 'rtheuillon@hotmail.com', 'a832d04f1729c54784340729036bb6ace924817baabff29e248179b367db70236f674919e4e9b4a3aa9b766e83e49e7f792646e49ca2c057c520bee2f00e51d6', '1981-02-27', 2, 0, '', '', '07966978383', 1, 3, 0, 0, 0, 0, 0, NULL, '', NULL, NULL, NULL, NULL, NULL, 0, 0, 0, 0, '0000-00-00 00:00:00', '0000-00-00 00:00:00'),
(212, 'Renaud', 'Theuillon', 'rtheuillon@hotmail.com', '4786efdf17141b9affa74b093705289f9f7bead061c198fc46895ab46c57536e839dcb3198eb089e88803235033160da19410a900e6b7af24884c8c7e2fae434', '1981-02-27', 2, 0, '', '', '07966978383', 0, 0, 0, 0, 0, 0, 0, NULL, NULL, NULL, NULL, NULL, NULL, NULL, 0, 0, 0, 0, '0000-00-00 00:00:00', '0000-00-00 00:00:00'),
(213, 'Renaud', 'Theuillon', 'rtheuillon@hotmail.com2', 'bd3565bb91fa9f9e4f8ac075a986005d6cff58f796bae4a0baf1dbcbc20a02903227f6bfd36d6055c3a13088e709b66c76c015622f3e61ac3a5b9c7472b30355', '1981-02-27', 2, 0, '', '', '07966978383', 0, 0, 0, 0, 0, 0, 0, NULL, NULL, NULL, NULL, NULL, NULL, NULL, 0, 0, 0, 0, '0000-00-00 00:00:00', '0000-00-00 00:00:00'),
(214, 'Renaud', 'Theuillon', 'rtheuillon@hotmail.com11', '013af30d5445d98998019a5ea554105b758da9b78d11c90fe37e179d80e3d118f2ce88b63a7b74a56879ed5ccc0e2bfb8ae5380b22c41b411f7c2bc05f28b17e', '1981-02-27', 2, 0, '', '', '07966978383', 0, 0, 0, 0, 0, 0, 0, NULL, NULL, NULL, NULL, NULL, NULL, NULL, 0, 0, 0, 0, '0000-00-00 00:00:00', '0000-00-00 00:00:00'),
(215, 'Renaud', 'Theuillon', 'rtheuillon@hotmail.com123', '130f73c060920c99273201067a89403c5262f25e0f3a29b32116d215c3f3815b0a8724548994c0d8af837ec19581ad1ddd30e5f1a9d43e8fc7c260aca166d99e', '1981-02-27', 2, 0, '', '', '07966978383', 0, 0, 0, 0, 0, 0, 0, NULL, NULL, NULL, NULL, NULL, NULL, NULL, 0, 0, 0, 0, '0000-00-00 00:00:00', '0000-00-00 00:00:00'),
(216, 'Renaud', 'Theuillon', 'rtheuillon@hotmail.com3131', 'cb7c8e93fd1d59ce510b195537c15fdb99d8ca0aad93645584715af40d87c325e268a9cb6bd5c3afef4e5cec66e5de94e2497fcdb3afd07bfbaaaf84afa50ec3', '1981-02-27', 2, 0, '', '', '07966978383', 0, 0, 0, 0, 0, 0, 0, NULL, NULL, NULL, NULL, NULL, NULL, NULL, 0, 0, 0, 0, '0000-00-00 00:00:00', '0000-00-00 00:00:00'),
(217, 'Renaud', 'Theuillon', 'rtheuillon@hotmail.com1234', '3436f2fc7bbd1b9a6e681baac426aa1e1ec0197b1e85aa9a9e30abb288b126238c612d2241e5e8026e2226ab299dd2134402f047e23eec17d08e81d0b08cb514', '1981-02-27', 2, 0, '', '', '07966978383', 0, 0, 0, 0, 0, 0, 0, NULL, NULL, NULL, NULL, NULL, NULL, NULL, 0, 0, 0, 0, '0000-00-00 00:00:00', '0000-00-00 00:00:00'),
(218, 'Renaud', 'Theuillon', 'rtheuillon@hotmail.com', 'd8ab41605fb02c36f351864371d6e0383c7a9fd7826ac7478b263f3e1ce502bc0dfe1e5f4f4366d0d8931677c1638e99ea6e0930157aaf0d5317786b7cf10633', '1981-02-27', 2, 0, '', '', '07966978383', 0, 0, 0, 0, 0, 0, 0, NULL, NULL, NULL, NULL, NULL, NULL, NULL, 0, 0, 0, 0, '0000-00-00 00:00:00', '0000-00-00 00:00:00'),
(219, 'Renaud', 'Theuillon', 'rtheuillon@hotmail.com', '92ef68192c220542662410b1f9332cf5132c7603e0e4fbdf07dda7a2a38966bd0bf318ba0d94deab60cbae375fe1bc161784de240b5398e5498ec320e4ef6669', '1981-02-27', 2, 0, '', '', '07966978383', 0, 0, 0, 0, 0, 0, 0, NULL, NULL, NULL, NULL, NULL, NULL, NULL, 0, 0, 0, 0, '0000-00-00 00:00:00', '0000-00-00 00:00:00'),
(220, 'Renaud', 'Theuillon', 'rtheuillon@hotmail.com', '318a9a6a32ac769e5349e431c2e8dcb89165037f50f9af49bfaeace9e7045f3b0aa88867b027cb30939d93be634495bb8f6499c23ba42c0f179b4bd2dce95e5a', '1981-02-27', 2, 0, '', '', '07966978383', 0, 0, 0, 0, 0, 0, 0, NULL, NULL, NULL, NULL, NULL, NULL, NULL, 0, 0, 0, 0, '0000-00-00 00:00:00', '0000-00-00 00:00:00'),
(221, 'Renaud', 'Theuillon', 'rtheuillon@hotmail.com', '1129c71e5a491a5d5a3158f71d4c20f6f48d471fff4486a4afdb18d5d3c3b69ebf98e526024eb445fe3092e4f42dbe3d42549202364a7c4a1012434f75aa9d5d', '1981-02-27', 2, 0, '', '', '07966978383', 0, 0, 0, 0, 0, 0, 0, NULL, NULL, NULL, NULL, NULL, NULL, NULL, 0, 0, 0, 0, '0000-00-00 00:00:00', '0000-00-00 00:00:00'),
(222, 'Renaud', 'Theuillon', 'rtheuillon@hotmail.com', 'db9b5703b1440ed2429dede76920a3c6f00913922e2d2d0ccd07a7a5933b4786c3bf2dcba5e9d0df48eb51f75b81e36237acceb9db52d36caa5432276b1bb1a8', '1981-02-27', 2, 0, '', '', '07966978383', 0, 0, 0, 0, 0, 0, 0, NULL, NULL, NULL, NULL, NULL, NULL, NULL, 0, 0, 0, 0, '0000-00-00 00:00:00', '0000-00-00 00:00:00'),
(223, 'Renaud', 'Theuillon', 'rtheuillon@hotmail.com', '0a3283797b3b8d173b53d94d7797c5f0f034b319766c8b181fb89998796409e13f6fe1d07604be8c5019a7cdd436935b2cf9f0afb459ec7d03fba40060815ea9', '1981-02-27', 2, 0, '', '', '07966978383', 0, 0, 0, 0, 0, 0, 0, NULL, NULL, NULL, NULL, NULL, NULL, NULL, 0, 0, 0, 0, '0000-00-00 00:00:00', '0000-00-00 00:00:00'),
(224, 'Renaud', 'Theuillon', 'rtheuillon@hotmail.com', '5959ce4dd39807e6d2fc1031b76d0fb192c1ffa8a0c7570e6552353841a9f7d8ee7d501ce8bfe08dc5936a2b11abce0dbd1140640d281e27de64d9f807cd3816', '1981-02-27', 2, 0, '', '', '07966978383', 0, 0, 0, 0, 0, 0, 0, NULL, NULL, NULL, NULL, NULL, NULL, NULL, 0, 0, 0, 0, '0000-00-00 00:00:00', '0000-00-00 00:00:00'),
(225, 'Renaud', 'Theuillon', 'rtheuillon@hotmail.com', '86dfef916d9e13fb657ac393f5c3f8dc556809ed8579f8906432cf7c02c22c842f8de78e2c9a76d28f20ad66163506fe1b247acbb26b00165ceb23cb8c644118', '1981-02-27', 2, 0, '', '', '07966978383', 0, 0, 0, 0, 0, 0, 0, NULL, NULL, NULL, NULL, NULL, NULL, NULL, 0, 0, 0, 0, '0000-00-00 00:00:00', '0000-00-00 00:00:00'),
(226, 'Renaud', 'Theuillon', 'rtheuillon@hotmail.com', 'a2f0180b4ddf3ba2bdb15e7ea871b4560cfc71dd25ec65dc287403737ff4fec65406e94b42f0ec82e873dedef36a2c97b27474f11b1d048442d6a234267135de', '1981-02-27', 2, 0, '', '', '07966978383', 0, 0, 0, 0, 0, 0, 0, NULL, NULL, NULL, NULL, NULL, NULL, NULL, 0, 0, 0, 0, '0000-00-00 00:00:00', '0000-00-00 00:00:00'),
(227, 'Renaud', 'Theuillon', 'rtheuillon@hotmail.com', 'bf435b4bf0bb44b7c40b76dda3e5cbefc691b62bd684abb28ede1e9aa62aafc2480740788390ac9f9808e3f9df5b04d3052490ecd63c6bd59c5577a9710d40d4', '1981-02-27', 2, 0, '', '', '07966978383', 0, 0, 0, 0, 0, 0, 0, NULL, NULL, NULL, NULL, NULL, NULL, NULL, 0, 0, 0, 0, '0000-00-00 00:00:00', '0000-00-00 00:00:00'),
(228, 'Renaud', 'Theuillon', 'rtheuillon@hotmail.com', 'a9140ca0e09ccc7b6d72e3e572c13f248e4b57d744ea4dcd7bce01e31273e1d6fa8c35ec3d1729a32bf50612526fe30361e87e1606e074739a51439605d0dbc6', '1981-02-27', 2, 0, '', '', '07966978383', 0, 0, 0, 0, 0, 0, 0, NULL, NULL, NULL, NULL, NULL, NULL, NULL, 0, 0, 0, 0, '0000-00-00 00:00:00', '0000-00-00 00:00:00'),
(229, 'Renaud', 'Theuillon', 'rtheuillon@hotmail.com', '057200c3b4ed681442d2645e36b7d972e7c20615357e61892fc27dd55078e5d41ab9d99fad02cb459e9b7685b540eeb78e5038a872ec148cbf2da09f3b59c3c3', '1981-02-27', 2, 0, '', '', '07966978383', 0, 0, 0, 0, 0, 0, 0, NULL, NULL, NULL, NULL, NULL, NULL, NULL, 0, 0, 0, 0, '0000-00-00 00:00:00', '0000-00-00 00:00:00'),
(230, 'Renaud', 'Theuillon', 'rtheuillon@hotmail.com1231', 'e1daf367ce2ddca92aba23fbec43739d8e0b1b3c8f47d0d0869fcca29f7e7730e7fd26645d853b77ce62275a935c68ec0d059cc9181cc0a8042605a9e8322335', '1981-02-27', 2, 0, '', '', '07966978383', 0, 0, 0, 0, 0, 0, 0, NULL, NULL, NULL, NULL, NULL, NULL, NULL, 0, 0, 0, 0, '0000-00-00 00:00:00', '0000-00-00 00:00:00'),
(231, 'Renaud', 'Theuillon', 'rtheuillon@hotmail.com12323', '020ad844c5080cec8e0a18ae52cf70c0f3e5b06831eacb5760e0bfb79e8feb4065146283ced5f2fb70277283dc3f76ceb7b5a7a631da5cdfe5825a15c8be505a', '1981-02-27', 2, 0, '', '', '07966978383', 0, 0, 0, 0, 0, 0, 0, NULL, '', NULL, NULL, NULL, NULL, NULL, 0, 0, 0, 0, '0000-00-00 00:00:00', '0000-00-00 00:00:00'),
(232, 'Renaud', 'Theuillon', 'zgtav@hotmail.com', 'bddb8d844cc943846ade0bf405ebc228cdf48989a1f4a3cdeee18d565a45bdacef141adcae2a67ae71330558b3ee9768b8e6b80a2c2446e2a331260719bc3aef', '1981-02-27', 2, 0, '', '', '07966978383', 0, 0, 0, 0, 0, 0, 0, NULL, NULL, NULL, NULL, NULL, NULL, NULL, 0, 0, 0, 0, '0000-00-00 00:00:00', '0000-00-00 00:00:00'),
(233, 'Renaud', 'Theuillon', 'dvfhl@hotmail.com', 'b9c52c6add0137ad0f63317e2b6b33003b5292a87d4b353e8d15ec27163d9afa0d2f960a9d92eca53b3e1279ffdc5135281e3d83240f7f235019e1ba80522dbc', '1981-02-27', 2, 0, '', '', '07966978383', 0, 0, 0, 0, 0, 0, 0, NULL, NULL, NULL, NULL, NULL, NULL, NULL, 0, 0, 0, 0, '0000-00-00 00:00:00', '0000-00-00 00:00:00'),
(234, 'Renaud', 'Theuillon', 'zdroh@hotmail.com', 'db91d880b807281bbcca73a5d38d00f717a4958531c95c86483311681b515e67887e754b49f026c24c79e634865a713b16b41a265a7fb023bfd5fee08806c1a6', '1981-02-27', 2, 0, '', '', '07966978383', 0, 0, 0, 0, 0, 0, 0, NULL, '', NULL, NULL, NULL, NULL, NULL, 0, 0, 0, 0, '0000-00-00 00:00:00', '0000-00-00 00:00:00'),
(235, 'Renaud', 'Theuillon', 'xjztx@hotmail.com', 'a2d4f313e74060b1af0124797693b9403bef561cbee5f68bb6319407c8d79ea1ee2c2ce1f441da7ae290ac2c9016e02c5c23d2c6defcfeee8c7e808db9326910', '1981-02-27', 2, 0, '', '', '07966978383', 0, 0, 0, 0, 0, 0, 0, NULL, '', NULL, NULL, NULL, NULL, NULL, 0, 0, 0, 0, '0000-00-00 00:00:00', '0000-00-00 00:00:00'),
(236, 'Renaud', 'Theuillon', 'ftktc@hotmail.com', 'a664f8892825d1c90bd05355664861c464b0bfe8477c476d0830d709728a20e758523fdf7ee9370a760eb3c3791244525d27b4e9a24b9d30818c341dcaab1e70', '1981-02-27', 2, 0, '', '', '07966978383', 0, 0, 0, 0, 0, 0, 0, NULL, NULL, NULL, NULL, NULL, NULL, NULL, 0, 0, 0, 0, '0000-00-00 00:00:00', '0000-00-00 00:00:00'),
(237, 'Renaud', 'Theuillon', 'xpgkt@hotmail.com', '98d8868de8bc6ab51c5bcf9cc6dd66a5ed26f59faadcc36833631879c851d4dbaa91156e3c43573282a3db806e0ad3cceb761eb67c3904fb44542c6828957d90', '1981-02-27', 2, 0, '', '', '07966978383', 0, 0, 0, 0, 0, 0, 0, NULL, '', NULL, NULL, NULL, NULL, NULL, 0, 0, 0, 0, '0000-00-00 00:00:00', '0000-00-00 00:00:00'),
(238, 'Renaud', 'Theuillon', 'ndmko@hotmail.com', '445385982c155fca0914fa42514800a423b299b420e5e3ba1a30f5e39d5ab62161ab8f21136c5e2cb6fb29e2591b03d5433d970c713bd091fa5796f595aa4faf', '1981-02-27', 2, 0, '', '', '07966978383', 0, 0, 0, 0, 0, 0, 0, NULL, '', NULL, NULL, NULL, NULL, NULL, 0, 0, 0, 0, '0000-00-00 00:00:00', '0000-00-00 00:00:00'),
(239, 'Renaud', 'Theuillon', 'voihq@hotmail.com', 'f103a392b8c4de61a7bb5e3b1a3d17ab2c4c39dde58ac2f001b314147930ea8edc4aa52c5b28b7377638a3f1d45c0f62786bdc42064238e5a47e4f5f2862de0a', '1981-02-27', 2, 0, '', '', '07966978383', 0, 0, 0, 0, 0, 0, 0, NULL, NULL, NULL, NULL, NULL, NULL, NULL, 0, 0, 0, 0, '0000-00-00 00:00:00', '0000-00-00 00:00:00'),
(240, 'Renaud3', 'Theuillon', 'qxpno@hotmail.com', '1acd978112560045c67ad8cef49221b61c20df5a3e0a2c0ebc2fdf42d721434b61e825c9e1c38c7b6f0d376250bfdf153131e689c1f973a024c9755372029d54', '1981-02-28', 2, 0, '', '', '07966978383', 0, 0, 0, 0, 0, 0, 0, NULL, NULL, NULL, NULL, NULL, NULL, NULL, 0, 0, 0, 0, '0000-00-00 00:00:00', '0000-00-00 00:00:00'),
(241, 'Renaud', 'Theuillon', 'izsnj@hotmail.com', 'test2', '1981-02-27', 2, 0, '', '', '07966978383', 0, 0, 0, 0, 0, 0, 0, NULL, NULL, NULL, NULL, NULL, NULL, NULL, 0, 0, 0, 0, '0000-00-00 00:00:00', '0000-00-00 00:00:00'),
(242, 'Renaud', 'Theuillon', 'ynrpk@hotmail.com', '3916e85f1f462f7937402decf8637cbe5b60e6414610c3dac3bb6dfd7a9e1abb0f327c769c96121dbdddb02b5a8ba2a5523fe1f544b94cd2b0d4fd2347d17a00', '1981-02-27', 2, 0, '', '', '07966978383', 0, 0, 0, 0, 0, 0, 0, NULL, NULL, NULL, NULL, NULL, NULL, NULL, 0, 0, 0, 0, '0000-00-00 00:00:00', '0000-00-00 00:00:00'),
(243, 'Renaud', 'Theuillon', 'mbhtb@hotmail.com', '01cac4f973ba4f870b4ecab8344523f3ab265680177526a4e4af72532eb1dda784cc4b342a723898c346137952dc04c71870c83fc6adbfb860569d5100802e5b', '1981-02-27', 2, 0, '', '', '07966978383', 0, 0, 0, 0, 0, 0, 0, NULL, NULL, NULL, NULL, NULL, NULL, NULL, 0, 0, 0, 0, '0000-00-00 00:00:00', '0000-00-00 00:00:00'),
(244, 'Renaud2', 'Theuillon', 'hbozg@hotmail.com', '5e4f23034fbddaf556f593526142df533f66b5f7e2094d34400c8422ab480bda2c398a8aa1836ff1a4a8423adb31bf3ec5c9253dca35394afb04f2a5edb92dd0', '1981-02-27', 2, 0, '', '', '07966978383', 0, 0, 0, 0, 0, 0, 0, NULL, NULL, NULL, NULL, NULL, NULL, NULL, 0, 0, 0, 0, '0000-00-00 00:00:00', '0000-00-00 00:00:00'),
(245, 'Renaud', 'Theuillon', 'qiufw@hotmail.com', 'eea186d36152e4134c4baa4f9ba10810a20144148203e84911f38825676a1efc063528dc89670319a9424507c8b76a16b66b82efa4b12c506c3dfe7da789c3a2', '1981-02-27', 2, 0, '', '', '07966978383', 0, 0, 0, 0, 0, 0, 0, NULL, NULL, NULL, NULL, NULL, NULL, NULL, 0, 0, 0, 0, '0000-00-00 00:00:00', '0000-00-00 00:00:00'),
(246, 'Renaud', 'Theuillon', 'rcxix@hotmail.com', 'c2a145ad39fdf999cefe77fa6783ec62a592791dd4ff4b3c21d5f3d81be54e21e14b9a99dba289e10e80b3d6f2a322e77ab9dac921d30ebeed5c1f4395ab459b', '1981-02-27', 2, 0, '', '', '07966978383', 0, 0, 0, 0, 0, 0, 0, NULL, NULL, NULL, NULL, NULL, NULL, NULL, 0, 0, 0, 0, '0000-00-00 00:00:00', '0000-00-00 00:00:00'),
(247, 'Renaud', 'Theuillon', 'llaqq@hotmail.com', 'cf932e669fae31d221da6a7ea6d814ae54625d42c5673f1cecdd807da06bc85ecab469b78c7789b26fa8bbb8e2bf6856bf496f901b81cf299623cd14c2fda26f', '1981-02-27', 2, 0, '', '', '07966978383', 0, 0, 0, 0, 0, 0, 0, NULL, NULL, NULL, NULL, NULL, NULL, NULL, 0, 0, 0, 0, '0000-00-00 00:00:00', '0000-00-00 00:00:00'),
(248, 'Renaud', 'Theuillon', 'rnxde@hotmail.com', 'a344ea34f1e90c165f1245e489fe65549789ab9713919617bd55ff95aa716cca7f15af79dea808fd13034bae0fa46d0874c05560cf9f4e545eef09e8380b6c1a', '1981-02-27', 2, 0, '', '', '07966978383', 0, 0, 0, 0, 0, 0, 0, NULL, NULL, NULL, NULL, NULL, NULL, NULL, 0, 0, 0, 0, '0000-00-00 00:00:00', '0000-00-00 00:00:00'),
(249, 'Renaud', 'Theuillon', 'skgke@hotmail.com', '6eec11083fd87f06c686b2ce1ba2186f3edfabeeb5fa6c7de9de01ee750474b89004100d87dc8ede08e4bed55a11b3d7357e16752ba1be5f213704f693fd8609', '1981-02-27', 2, 0, '', '', '07966978383', 0, 0, 0, 0, 0, 0, 0, NULL, NULL, NULL, NULL, NULL, NULL, NULL, 0, 0, 0, 0, '0000-00-00 00:00:00', '0000-00-00 00:00:00'),
(250, 'Renaud', 'Theuillon', 'oavng@hotmail.com', '17a22c6c534a94f24371fe946509262ce35bd88d31a01eac06fc0db8bcccfdc99025bbc2d63cfef3580672e9a421a110578fc96e8fab03daabc7442c232fa178', '1981-02-27', 2, 0, '', '', '07966978383', 0, 0, 0, 0, 0, 0, 0, NULL, NULL, NULL, NULL, NULL, NULL, NULL, 0, 0, 0, 0, '0000-00-00 00:00:00', '0000-00-00 00:00:00'),
(251, 'Renaud', 'Theuillon', 'vldng@hotmail.com', '160c002019b83c5d286087c872da3bfba8cd8e0ab7cf751334659e60dd4cb2fe9b830e9edda944f853bb2ceb3f2ae9396af99f0daeb4be5a4370a38dd1c59097', '1981-02-27', 2, 0, '0', '0', '07966978383', 0, 0, 0, 0, 0, 0, 0, NULL, NULL, NULL, NULL, NULL, NULL, NULL, 0, 0, 0, 0, '0000-00-00 00:00:00', '0000-00-00 00:00:00'),
(252, 'Renaud', 'Theuillon', 'bleyn@hotmail.com', 'd80f28e050cded142170ab5df66441d05fe4743dc4dee0065d01a31281ac39b3296610712391a2281b536a37610d11afb8904dc1d1fa3942e1b0ce34d8ed8504', '1981-02-27', 2, 0, '0', '0', '07966978383', 0, 0, 0, 0, 0, 0, 0, NULL, NULL, NULL, NULL, NULL, NULL, NULL, 0, 0, 0, 0, '0000-00-00 00:00:00', '0000-00-00 00:00:00'),
(253, 'Renaud', 'Theuillon', 'ywhll@hotmail.com', '6d499506068b8a987fa42442a06f112741e06ed397842f6b0bc4da933ce4b088afa2aedd4d6becbca94afdbaff3c47445395b8fa81d8c815bc5563fa860ebb0f', '1981-02-27', 2, 0, '0', '0', '07966978383', 0, 0, 0, 0, 0, 0, 0, NULL, '', NULL, NULL, NULL, NULL, NULL, 0, 0, 0, 0, '0000-00-00 00:00:00', '0000-00-00 00:00:00'),
(254, 'Renaud', 'Theuillon', 'ejtmv@hotmail.com', 'a3ef716eb446121fff35035821551be8dba2558ad0408f63c57ad1538e5887d41906c1ad51f9b5489942787ec92c68b5772d644b55eab0ea0cd9b1db106315d6', '1981-02-27', 2, 0, '0', '0', '07966978383', 0, 0, 0, 0, 0, 0, 0, NULL, NULL, NULL, NULL, NULL, NULL, NULL, 0, 0, 0, 0, '0000-00-00 00:00:00', '0000-00-00 00:00:00'),
(255, 'Renaud', 'Theuillon', 'hytnr@hotmail.com', '20b5787c3274e8f70da99d3c6f039faabe9b6a351855b8118e0b342b1ce22645b2ec345987c9769bcff7d4366f235863a90510f7a35f5fea0a302bcb8aa6e449', '1981-02-27', 2, 0, '0', '0', '07966978383', 0, 0, 0, 0, 0, 0, 0, NULL, NULL, NULL, NULL, NULL, NULL, NULL, 0, 0, 0, 0, '0000-00-00 00:00:00', '0000-00-00 00:00:00'),
(256, 'Renaud', 'Theuillon', 'ylorn@hotmail.com', 'a0a9813f28189a0401b3cebc9fec6442ac84556c9a7cf57dbb538132fcfca3f0c51b4bdb3277a54ee6622bbacbb8e64fc0b14b03db844ab143d48e4796f12bb2', '1981-02-27', 2, 0, '0', '0', '07966978383', 0, 0, 0, 0, 0, 0, 0, NULL, NULL, NULL, NULL, NULL, NULL, NULL, 0, 0, 0, 0, '0000-00-00 00:00:00', '0000-00-00 00:00:00'),
(257, 'Renaud', 'Theuillon', 'uxtuo@hotmail.com', 'a687c99d90bbf079ec18fdf9353db9b8df3bf4f0d9189c99c56d9714d31a651dc1a4f1f13242dc5468b0a8d5739441c074b587d43215228d039ac7d45b71f261', '1981-02-27', 2, 0, '0', '0', '07966978383', 0, 0, 0, 0, 0, 0, 0, NULL, NULL, NULL, NULL, NULL, NULL, NULL, 0, 0, 0, 0, '0000-00-00 00:00:00', '0000-00-00 00:00:00'),
(258, 'Renaud', 'Theuillon', 'snxkw@hotmail.com', '0b63d7a384ed88044c503596df1996ae81a78625e155a682c1e379fa825252611744ecec68a45a0aaa0f946fad3e4f50f371e9231c4fcfa3ca80fb293938a163', '1981-02-27', 2, 0, '0', '0', '07966978383', 0, 0, 0, 0, 0, 0, 0, NULL, NULL, NULL, NULL, NULL, NULL, NULL, 0, 0, 0, 0, '0000-00-00 00:00:00', '0000-00-00 00:00:00'),
(259, 'Renaud', 'Theuillon', 'zbeev@hotmail.com', '816c5630428dc053e4b9cd0ab9488188c4ef803cbedb7958fbe89071553fd521921514cb507463989b791ef5efed4b19b883d30de557d8cf63112dc33540214a', '1981-02-27', 2, 0, '0', '0', '07966978383', 0, 0, 0, 0, 0, 0, 0, NULL, NULL, NULL, NULL, NULL, NULL, NULL, 0, 0, 0, 0, '0000-00-00 00:00:00', '0000-00-00 00:00:00'),
(260, 'Renaud', 'Theuillon', 'jgvro@hotmail.com', '2ac4e8ed24c010ca40f58515dffe07d34c4173f28e750705cfb15ff0ff789c92aa0d183ebfd5031474fb94caf7faac5eda2cb96e873bcdf8f4ee6e1397c27343', '1981-02-27', 2, 0, '0', '0', '07966978383', 0, 0, 0, 0, 0, 0, 0, NULL, NULL, NULL, NULL, NULL, NULL, NULL, 0, 0, 0, 0, '0000-00-00 00:00:00', '0000-00-00 00:00:00'),
(261, 'Renaud', 'Theuillon', 'wvhnp@hotmail.com', 'eb8e5f047a20214edbcd1106869ca96432bc72130f38baa25bb1615bf8186487f6bbc475be16314e6b02c59ff3224e41ac063219f6ed48dfdc7f39451396019b', '1981-02-27', 2, 0, '0', '0', '07966978383', 0, 0, 0, 0, 0, 0, 0, NULL, NULL, NULL, NULL, NULL, NULL, NULL, 0, 0, 0, 0, '0000-00-00 00:00:00', '0000-00-00 00:00:00'),
(262, 'Renaud', 'Theuillon', 'lkkvo@hotmail.com', '4e3b133a8eeea420833f818be63e768d8e69055be5403be87d75980e758f15158629c672ae5210552e0d96a288ae8828436e267d2e7d801e5ee35f266fd22bbe', '1981-02-27', 2, 0, '0', '0', '07966978383', 0, 0, 0, 0, 0, 0, 0, NULL, NULL, NULL, NULL, NULL, NULL, NULL, 0, 0, 0, 0, '0000-00-00 00:00:00', '0000-00-00 00:00:00'),
(263, 'Renaud', 'Theuillon', 'pdjpx@hotmail.com', '9fa0ec6fb269746cb0f869cc0276dc7bcd7eaa1b9f2817c946f2ad0aea3714326e769f6fadc6f6cc1b563bbd607719d9fc0449c4f2c0d8424c8ae8542c53572f', '1981-02-27', 2, 0, '0', '0', '07966978383', 0, 0, 0, 0, 0, 0, 0, NULL, NULL, NULL, NULL, NULL, NULL, NULL, 0, 0, 0, 0, '0000-00-00 00:00:00', '0000-00-00 00:00:00'),
(264, 'Renaud', 'Theuillon', 'qvurv@hotmail.com', 'cfe26329093c91f0f441a9b7d2b5bc8d5c13be7f47ab5164ce747e49b85394d06655b23839fa50b04c1070f0c65cfc0a1e18e2a9de4446ca979e33aa898c8552', '1981-02-27', 2, 0, '0', '0', '07966978383', 0, 0, 0, 0, 0, 0, 0, NULL, NULL, NULL, NULL, NULL, NULL, NULL, 0, 0, 0, 0, '0000-00-00 00:00:00', '0000-00-00 00:00:00'),
(265, 'Renaud', 'Theuillon', 'ixiai@hotmail.com', '68ec2de72fe9f7213b0471cba9896a42d613841ca005c9ef23ba143fae13dbfa42fdaac0682780c7abd131e4c86b19d6daf663e851fe6505c7958e913650dad5', '1981-02-27', 2, 0, '0', '0', '07966978383', 0, 0, 0, 0, 0, 0, 0, NULL, NULL, NULL, NULL, NULL, NULL, NULL, 0, 0, 0, 0, '0000-00-00 00:00:00', '0000-00-00 00:00:00'),
(266, 'Renaud', 'Theuillon', 'rlyxv@hotmail.com', '1cbc38ac31837bae1ce8e2b991bee2066620eb41edfe2edf01d422b760bcff0672de1f19f7b6d9f29b47f5285aeb52b203773fce6bd2ce049b9863d9f7cd991d', '1981-02-27', 2, 0, '0', '0', '07966978383', 0, 0, 0, 0, 0, 0, 0, NULL, NULL, NULL, NULL, NULL, NULL, NULL, 0, 0, 0, 0, '0000-00-00 00:00:00', '0000-00-00 00:00:00'),
(267, 'Renaud', 'Theuillon', 'nryrc@hotmail.com', 'c3d6d5976f8e4e9866554664bcb269dd1000319273e1500f4fcc5508b80aaec7ac0ac6f2426a8d63b2214eb346667ee86174824a8ad1dde3d6176e771a9a372b', '1981-02-27', 2, 0, '0', '0', '07966978383', 0, 0, 0, 0, 0, 0, 0, NULL, NULL, NULL, NULL, NULL, NULL, NULL, 0, 0, 0, 0, '0000-00-00 00:00:00', '0000-00-00 00:00:00'),
(268, 'Renaud', 'Theuillon', 'xoube@hotmail.com', '93abb6310247372a01479ca23ef4e78b62f52f21a1c22ce6c19a612d8042eac86a1b2849821b0c312225bfc9dc0417f36a96586b4747fd6ea664a6f32af9fa57', '1981-02-27', 2, 0, '0', '0', '07966978383', 0, 0, 0, 0, 0, 0, 0, NULL, NULL, NULL, NULL, NULL, NULL, NULL, 0, 0, 0, 0, '0000-00-00 00:00:00', '0000-00-00 00:00:00'),
(269, 'Renaud', 'Theuillon', 'agyju@hotmail.com', '955ea5a21493b34df1581fe3cbafd1997c6dcc4b1c844e2c2e9a4ca4576e5c91d4eab06e26983c155611b08c8de890212b147f822b8ca819add7b9684349b1b0', '1981-02-27', 2, 0, '0', '0', '07966978383', 0, 0, 0, 0, 0, 0, 0, NULL, NULL, NULL, NULL, NULL, NULL, NULL, 0, 0, 0, 0, '0000-00-00 00:00:00', '0000-00-00 00:00:00'),
(270, 'Renaud', 'Theuillon', 'srcle@hotmail.com', '23f2aff52cfbe1c42ae12f3ec9332f3b593592eaa007b084551bd18bcfdf6c964fa1df19f826ce5cd1830302377411651e1927ed8c993b16abf79f9b46edc076', '1981-02-27', 2, 0, '0', '0', '07966978383', 0, 0, 0, 0, 0, 0, 0, NULL, NULL, NULL, NULL, NULL, NULL, NULL, 0, 0, 0, 0, '0000-00-00 00:00:00', '0000-00-00 00:00:00'),
(271, 'Renaud', 'Theuillon', 'aszcg@hotmail.com', '0897ac66371d7660beaf458d3731143c4e7f8b9c34a318981299c6af8ae3436452f3b46666b2ee13b6d41ca10039eb70e1c9cb49285e835cb897e3995475bd74', '1981-02-27', 2, 0, '0', '0', '07966978383', 0, 0, 0, 0, 0, 0, 0, NULL, NULL, NULL, NULL, NULL, NULL, NULL, 0, 0, 0, 0, '0000-00-00 00:00:00', '0000-00-00 00:00:00'),
(272, 'Renaud2', 'Theuillon', 'tsdrv@hotmail.com', 'a3da692a224b1cbd7d2133d53d6618426bbaa947beecc3b1c50cd1af490656c2131ba8bcca529e13da69a28d6c96b95d67bb24e472203d65eab00e4769216d51', '1981-02-27', 2, 0, '0', '0', '07966978383', 0, 0, 0, 0, 0, 0, 0, NULL, NULL, NULL, NULL, NULL, NULL, NULL, 0, 0, 0, 0, '0000-00-00 00:00:00', '0000-00-00 00:00:00'),
(273, 'Renaud2', 'Theuillon', 'zsxod@hotmail.com', '82cba3bc644607aa4f000a6a8b283dd1647d8057a51c15b80b23653ba87ca44bdfd6076ff485a4aeefdf61400e12f7c961eb5121ea00c10d97909803ab861ac5', '1981-02-27', 2, 0, '0', '0', '07966978383', 1, 3, 3, 0, 0, 0, 0, NULL, NULL, NULL, NULL, NULL, NULL, NULL, 0, 0, 0, 0, '0000-00-00 00:00:00', '0000-00-00 00:00:00'),
(274, 'Renaud', 'Theuillon', 'gnecj@hotmail.com', 'f0aeb59868eaeb4066fcbec11e43aaae5ab2d8f66dceb9908838e8d38160b85da33f3151c1bbf444c1b31314c11fcc4760649a57b598905a1043320043781bf4', '1981-02-27', 2, 0, '0', '0', '07966978383', 0, 0, 0, 0, 0, 0, 0, NULL, NULL, NULL, NULL, NULL, NULL, NULL, 0, 0, 0, 0, '0000-00-00 00:00:00', '0000-00-00 00:00:00'),
(275, 'Renaud', 'Theuillon', 'rdipl@hotmail.com', '18b982562a1ed26119486095897349a4161ac262d1928cd3a65d816a4453961f233b51be5c28142ce9e4cf064ee70c2807755c2311be745a398bdd3ebe27fc4b', '1981-02-27', 2, 0, '0', '0', '07966978383', 1, 3, 0, 0, 0, 0, 0, NULL, NULL, NULL, NULL, NULL, NULL, NULL, 0, 0, 0, 0, '0000-00-00 00:00:00', '0000-00-00 00:00:00'),
(276, 'Renaud', 'Theuillon', 'hunfi@hotmail.com', '7c6779c94664091c96dd7919dc6ca42dda857526c5aec5f16b54f6938292b2dcecec2a077e6ab424fb1c4b42a9b6d0757120ea31d152f1220165498d83574fa3', '1981-02-27', 2, 0, '0', '0', '07966978383', 0, 0, 0, 0, 0, 0, 0, NULL, NULL, NULL, NULL, NULL, NULL, NULL, 0, 0, 0, 0, '0000-00-00 00:00:00', '0000-00-00 00:00:00'),
(277, 'Renaud', 'Theuillon', 'ajedb@hotmail.com', '7f539648e695f1ce78f8cadd6f9cf1328d44bfa3fd0dd09a308075539d128aaf3e6f05c053217eba1e247e8e0c8e24e2c04ab3c85378dbf8132c64d9e36a602b', '1981-02-27', 2, 0, '0', '0', '07966978383', 0, 0, 3, 0, 0, 1, 1, NULL, 'Test', NULL, NULL, NULL, NULL, NULL, 0, 0, 0, 0, '0000-00-00 00:00:00', '0000-00-00 00:00:00'),
(278, 'Renaud', 'Theuillon', 'dccck@hotmail.com', '1f478cf758490de3c5222127d218fac6204f8a5d41f2006d8109dfc8ebbdf491a0211d1f1893d1a41fe23539abdb47cd10425e8735c411ad05fa322464fd639d', '1981-02-27', 2, 0, '0', '0', '07966978383', 0, 0, 0, 0, 0, 0, 0, NULL, NULL, NULL, NULL, NULL, NULL, NULL, 0, 0, 0, 0, '0000-00-00 00:00:00', '0000-00-00 00:00:00'),
(279, 'Renaud', 'Theuillon', 'nnwbj@hotmail.com', '85c7baf3e2234fb26ad8a9990b54eb1826ff676249e01e1d214930dfcb9f3734953d0ad9d684aa196989a92764a502eebb8696759eb073d0ba8bf08d1f8e2377', '1981-02-27', 2, 0, '0', '0', '07966978383', 0, 0, 0, 0, 0, 0, 0, NULL, '', NULL, NULL, NULL, NULL, NULL, 0, 0, 0, 0, '0000-00-00 00:00:00', '0000-00-00 00:00:00'),
(280, 'Renaud', 'Theuillon', 'amgew@hotmail.com', '1da8bc04c85b49b5d758d67e309548f29eba7ba533ce7b2eef8012cf4cf9664d570958875156fd3fa6200a37cd05a2ed451049d2285087a3c17a2f51086ff07a', '1981-02-27', 2, 1, '0', 'Albania', '07966978383', 1, 30, 20, 1, 1, 0, 1, NULL, 'J''adore les vieux', NULL, NULL, NULL, NULL, NULL, 0, 0, 0, 0, '0000-00-00 00:00:00', '0000-00-00 00:00:00'),
(281, 'Renaud', 'Theuillon', 'fhofz@hotmail.com', 'a1e2fca06375e5a5c1fcb7be57a0e7d13671ce0cd71948dd55b3f50814ee589bbd7c1820e03f28eab93a883e452757d31b070732100123cc2f14f8aa589ae2f9', '1981-02-27', 2, 0, '0', '0', '07966978383', 0, 0, 0, 0, 0, 0, 0, NULL, NULL, NULL, NULL, NULL, NULL, NULL, 0, 0, 0, 0, '0000-00-00 00:00:00', '0000-00-00 00:00:00'),
(282, 'Renaud', 'Theuillon', 'ajwfn@hotmail.com', '716cb6200ab0347a9c2b33ff761ea6bcc15d705dd2b01b474a68db605decf515936da0ad0f75f7ec79d4d6d98ecd75d7a7b7e3645db61a5d8203be35294336b3', '1981-02-27', 2, 0, '0', '0', '07966978383', 0, 0, 0, 0, 0, 0, 0, NULL, '', NULL, NULL, NULL, NULL, NULL, 0, 0, 0, 0, '0000-00-00 00:00:00', '0000-00-00 00:00:00'),
(283, 'Renaud', 'Theuillon', 'skuen@hotmail.com', 'ca0123644bbfe63491fd3b0cdcea13d79ebf8fe6f99455477666b1dbd9e00dfc13556724b57250e210f0d747ed5e045ed083baecc26dd0a013b9d998a5d16c00', '1981-02-27', 2, 0, '0', '0', '07966978383', 0, 0, 0, 0, 0, 0, 0, NULL, NULL, NULL, NULL, NULL, NULL, NULL, 0, 0, 0, 0, '0000-00-00 00:00:00', '0000-00-00 00:00:00'),
(284, 'Renaud', 'Theuillon', 'blbtl@hotmail.com', '815e158a7712670f0ce2f2cb17a3375b48f0f83d4428f0cbeee4096f3256edb6fb61aeb967d21c0c866c0026944a07ac6d2bc6e6047a4ef0d66bdfd3235d94df', '1981-02-27', 2, 0, '0', '0', '07966978383', 0, 0, 0, 0, 0, 0, 0, NULL, NULL, NULL, NULL, NULL, NULL, NULL, 0, 0, 0, 0, '0000-00-00 00:00:00', '0000-00-00 00:00:00'),
(285, 'Renaud', 'Theuillon', 'dsnwo@hotmail.com', '56f621e3f26c0dd8c9a8f4babea4343baccb2141802b8d1ca6593d7a794a45988fc89b234fa89e651dc74cf87219aa1034e9fba16728d2f7e2a2c99c0eaaf9ec', '1981-02-27', 2, 0, '0', '0', '07966978383', 0, 0, 0, 0, 0, 0, 0, NULL, NULL, NULL, NULL, NULL, NULL, NULL, 0, 0, 0, 0, '0000-00-00 00:00:00', '0000-00-00 00:00:00'),
(286, 'Renaud', 'Theuillon', 'xzazf@hotmail.com', '298fce1d1b8ea3e70485f6ddb01ce2a86e0ba0fd57548938bc39b571142f12c08bec8aebcf3b9f845fabb18af0a29bcc7ebccbe3fdd45e9fda60fa08cf80e728', '1981-02-27', 2, 0, '0', '0', '07966978383', 0, 0, 0, 0, 0, 0, 0, NULL, NULL, NULL, NULL, NULL, NULL, NULL, 0, 0, 0, 0, '0000-00-00 00:00:00', '0000-00-00 00:00:00'),
(287, 'Renaud', 'Theuillon', 'znonv@hotmail.com', '8fe35b3ad12fb9b4250cc2bccff2afe191457405e3ce3a0a1dc9bbae0ed965055bfd70d0af36eda15c41b40a688813130f000e80929ee6e626b3ab9fe3e71da4', '1981-02-27', 2, 0, '0', '0', '07966978383', 0, 0, 0, 0, 0, 0, 0, NULL, NULL, NULL, NULL, NULL, NULL, NULL, 0, 0, 0, 0, '0000-00-00 00:00:00', '0000-00-00 00:00:00'),
(288, 'Renaud', 'Theuillon', 'yadim@hotmail.com', '0c4bdddfc23605f7fa02a67303036253e8634f7d0805603392737a6d78178b5398231e47eea72bdb328b91a7e130dd44f8cd394a6184da67719024e755a5689c', '1981-02-27', 2, 0, '0', '0', '07966978383', 0, 0, 0, 0, 0, 0, 0, NULL, NULL, NULL, NULL, NULL, NULL, NULL, 0, 0, 0, 0, '0000-00-00 00:00:00', '0000-00-00 00:00:00'),
(289, 'Renaud', 'Theuillon', 'vcwrj@hotmail.com', '69566ccfa52727fb1ca15d720f6c425811162ff65e514dbe35eb13128764387530dc020c848692478c5af272226479120546f995f8ddd36f98d3aa272f2b533f', '1981-02-27', 2, 0, '0', '0', '07966978383', 0, 0, 0, 0, 0, 0, 0, NULL, NULL, NULL, NULL, NULL, NULL, NULL, 0, 0, 0, 0, '0000-00-00 00:00:00', '0000-00-00 00:00:00'),
(290, 'Renaud', 'Theuillon', 'qbixx@hotmail.com', '9a8cde323c02e71ece42ee7f860e17b0ae9ec34b1d84a9f3d43e9b4bf03ad8f021ada7c8b4934968b8cb3a2ff288c6dba94adfd56220ec9deecd72640f9ae5af', '1981-02-27', 2, 0, '0', '0', '07966978383', 0, 0, 0, 0, 0, 0, 0, NULL, NULL, NULL, NULL, NULL, NULL, NULL, 0, 0, 0, 0, '0000-00-00 00:00:00', '0000-00-00 00:00:00'),
(291, 'Renaud', 'Theuillon', 'wwlot@hotmail.com', 'fd8ef2e230241a6590664e77fa74fa1e461499e171abf5fdc2bb3d826da1c9dcaddb51b3e8f73e2da76acae943b87ac2de987010fbafe72ff57097f3d1005b6b', '1981-02-27', 2, 0, '0', '0', '07966978383', 0, 0, 0, 0, 0, 0, 0, NULL, NULL, NULL, NULL, NULL, NULL, NULL, 0, 0, 0, 0, '0000-00-00 00:00:00', '0000-00-00 00:00:00'),
(292, 'Renaud', 'Theuillon', 'jxbye@hotmail.com', '0b7388f31f7f40c2203e35a12a3633a73b0e6d3e38117984a410b13a350006cd114118c7a7cd09c34854ea91a506592b8b4120bf4cebbadef596565f3e87c8ef', '1981-02-27', 2, 0, '0', '0', '07966978383', 0, 0, 0, 0, 0, 0, 0, NULL, NULL, NULL, NULL, NULL, NULL, NULL, 0, 0, 0, 0, '0000-00-00 00:00:00', '0000-00-00 00:00:00'),
(293, 'Renaud', 'Theuillon', 'mkwsk@hotmail.com', '27d07fc4ce7957799a2a63d477218f3982e5575558d82bd8a2c0f3bb4cebc58c08a2afde0609a160c227d2d25ebc5ba2f2f80153ffc105c5c490574d71687818', '1981-02-27', 2, 0, '0', '0', '07966978383', 0, 0, 0, 0, 0, 0, 0, NULL, NULL, NULL, NULL, NULL, NULL, NULL, 0, 0, 0, 0, '0000-00-00 00:00:00', '0000-00-00 00:00:00'),
(294, 'Renaud2', 'Theuillon', 'rhxfa@hotmail.com', 'd67c89d387d191c87ba3f3cbeb44022fab4298bcb979bc451c87437f700b664c2de506a8afdb0c9fd5d77e404dbddb9af1def0038f609d869e340ee9841c2743', '1981-02-27', 2, 0, '0', '0', '07966978383', 0, 0, 0, 0, 0, 0, 0, NULL, NULL, NULL, NULL, NULL, NULL, NULL, 0, 0, 0, 0, '0000-00-00 00:00:00', '0000-00-00 00:00:00'),
(295, 'Renaud2', 'Theuillon2', 'qjvsy@hotmail.com', '0be92e031c274e3cb4aaae1672c9cee06fc14d4383ebf18daa26ea72f3733b35da1c5144644f136a12a06be11bc820f5baf57276328662ad396b8160065f550b', '1981-02-27', 2, 0, '0', '0', '07966978383', 0, 0, 0, 0, 0, 0, 0, NULL, NULL, NULL, NULL, NULL, NULL, NULL, 0, 0, 0, 0, '0000-00-00 00:00:00', '0000-00-00 00:00:00'),
(296, 'Renaud', 'Theuillon', 'rbqkl@hotmail.com', '382fe78c92955d76119cf47cb60bb06348aea464440046b376cbd0afcf3e11308ec21dce69cd33f6d682df888eacb8d723ee7627d80621dcb70c3548cd42aa15', '1981-02-27', 2, 0, '0', '0', '07966978383', 0, 0, 0, 0, 0, 0, 0, NULL, NULL, NULL, NULL, NULL, NULL, NULL, 0, 0, 0, 0, '0000-00-00 00:00:00', '0000-00-00 00:00:00'),
(297, 'Renaud', 'Theuillon', 'mnwir@hotmail.com', '5f3e6b78529ddccb4fa302f7e63e2a0369404e79709ef15b63b62c564639dc1f0ccc0f18d64e22230566658d88545ad9686ece7d6292347ff9605c78d974ec34', '1981-02-27', 2, 0, '0', '0', '07966978383', 0, 0, 0, 0, 0, 0, 0, NULL, NULL, NULL, NULL, NULL, NULL, NULL, 0, 0, 0, 0, '0000-00-00 00:00:00', '0000-00-00 00:00:00'),
(298, 'Renaud', 'Theuillon', 'saqtf@hotmail.com', '4aed6bdfad5f8001860fac9f37b30550839398614cd01155668ec55456062344d8bcb8209b636c3f968da14ecbbf89f411a111b1870e2b0adfaee81b2d8f3dfd', '1981-02-27', 2, 0, '0', '0', '07966978383', 0, 0, 0, 0, 0, 0, 0, NULL, NULL, NULL, NULL, NULL, NULL, NULL, 0, 0, 0, 0, '0000-00-00 00:00:00', '0000-00-00 00:00:00'),
(299, 'Renaud', 'Theuillon', 'fdibq@hotmail.com', 'bc3c87af0356dcfb3d4402f2cbd73dca3c729195b6f755a1ac4986b494c9d79dd6089cca12673ca7f240dd9736a52806a388cf20e64b28252aee65af0bd94f01', '1981-02-27', 2, 0, '0', '0', '07966978383', 0, 0, 0, 0, 0, 0, 0, NULL, '', NULL, NULL, NULL, NULL, NULL, 0, 0, 0, 0, '0000-00-00 00:00:00', '0000-00-00 00:00:00'),
(300, 'Renaud', 'Theuillon', 'zkhud@hotmail.com', '4851fe6919fcdef504d08707b3ecff20483ab84ea7c515f594c8dc034920a071f898f41195127337296b39b4213cf3ee18aee6e27e5efffbe0c91283e0b280ff', '1981-02-27', 2, 0, '0', '0', '07966978383', 0, 0, 0, 0, 0, 0, 0, NULL, '', NULL, NULL, NULL, NULL, NULL, 0, 0, 0, 0, '0000-00-00 00:00:00', '0000-00-00 00:00:00'),
(301, 'Renaud', 'Theuillon', 'kqvau@hotmail.com', '6fd0dc996d9e87d4f8f0c683f55ec2a8027e9a6c52e5d550322206b8e82e32268bc50f81acf5c75d1b4fde0f9e7cb7f62173cd56e1fd8354ec60f3e417f0ef2c', '1981-02-27', 2, 0, '0', '0', '07966978383', 0, 0, 0, 0, 0, 0, 0, NULL, NULL, NULL, NULL, NULL, NULL, NULL, 0, 0, 0, 0, '0000-00-00 00:00:00', '0000-00-00 00:00:00'),
(302, 'Renaud', 'Theuillon', 'bbwsk@hotmail.com', '128b661b0301b2df04b460448dcffa7a7fc0ca180730a56aac79a94812559ee15ad44dd5e405f8df37b72d7740b2b66a22c5f86c4772fce7ee34a9d1239aa0e3', '1981-02-27', 2, 0, '0', '0', '07966978383', 0, 0, 0, 0, 0, 0, 0, NULL, '', NULL, NULL, NULL, NULL, NULL, 0, 0, 0, 0, '0000-00-00 00:00:00', '0000-00-00 00:00:00'),
(303, 'Renaud', 'Theuillon', 'hdqfq@hotmail.com', 'da8ef922ba9052860f9e825d817b338b6833b7eb9cf40ceec334e1d94de8db000c5c719173a69e849e2dcd7395d0556c29ac19ce2b5c7cec0340e5af411f6429', '1981-02-27', 2, 0, '0', '0', '07966978383', 0, 0, 0, 0, 0, 0, 0, NULL, NULL, NULL, NULL, NULL, NULL, NULL, 0, 0, 0, 0, '0000-00-00 00:00:00', '0000-00-00 00:00:00'),
(304, 'Renaud', 'Theuillon', 'szoyf@hotmail.com', 'c297066f5efc3e3c339278411d5f194d1a747e6e06d0c98f2ab0806a3d8718daf1ccd0e1846a7475e3533c45c2dea3ca5361a95f2e4177c4738c6e6181c31ffc', '1981-02-27', 2, 0, '0', '0', '07966978383', 0, 0, 0, 0, 0, 0, 0, NULL, '', NULL, NULL, NULL, NULL, NULL, 0, 0, 0, 0, '0000-00-00 00:00:00', '0000-00-00 00:00:00'),
(305, 'Renaud', 'Theuillon', 'xkxii@hotmail.com', '39a3cce2b554b02f8b098e48bd8c3e22e29fee285e518d162da6ac13668c65bd67d06bfb5146a12f31c95abb84d21d978a48d76fa13faa2480e46f3440e43acd', '1981-02-27', 2, 0, '0', '0', '07966978383', 0, 0, 0, 0, 0, 0, 0, NULL, '', NULL, NULL, NULL, NULL, NULL, 0, 0, 0, 0, '0000-00-00 00:00:00', '0000-00-00 00:00:00'),
(306, 'Renaud', 'Theuillon', 'kubkm@hotmail.com', '4cd76af5b448cb30d1d8992e0bb1ec7ca1a7016d06e96d3391abfefe137d9f3f1d63aca495ea3c776fc34ddd015073f36a0f7c691a6c2a466e6f493f9dfa3f25', '1981-02-27', 2, 0, '0', '0', '07966978383', 0, 0, 0, 0, 0, 0, 0, NULL, NULL, NULL, NULL, NULL, NULL, NULL, 0, 0, 0, 0, '0000-00-00 00:00:00', '0000-00-00 00:00:00'),
(307, 'Renaud', 'Theuillon', 'emgug@hotmail.com', '4c4ade9a1ebab164189b0199466c4900c5fd573546c2de6889ebbcc954338cf15591e866ef3ad64e0ab26f7dd5e6f9492ec3958fdae2cf4c1fdd2230ff519532', '1981-02-27', 2, 0, '0', '0', '07966978383', 0, 0, 0, 0, 0, 0, 0, NULL, '', NULL, NULL, NULL, NULL, NULL, 0, 0, 0, 0, '0000-00-00 00:00:00', '0000-00-00 00:00:00'),
(308, 'Renaud', 'Theuillon', 'nlija@hotmail.com', 'bb114efb222cd74f765550b19cbb69350e1d77b9326ddc6282cbde5623e2b7795639d7513a1b089bb922173245bf721b22e83c81316a90e1ceddd3fd33f38967', '1981-02-27', 2, 0, '0', '0', '07966978383', 0, 0, 0, 0, 0, 0, 0, NULL, NULL, NULL, NULL, NULL, NULL, NULL, 0, 0, 0, 0, '0000-00-00 00:00:00', '0000-00-00 00:00:00'),
(309, 'Renaud', 'Theuillon', 'mlziw@hotmail.com', 'e9ad69ac0a05e854254728968c8f0471e4e72f85f92b1e49a21761c12736bfc3835d8fa702d772f7927157155d5dc23d37a65995d79c62a1a58486f11313cd4e', '1981-02-27', 2, 0, '0', '0', '07966978383', 0, 0, 0, 0, 0, 0, 0, NULL, NULL, NULL, NULL, NULL, NULL, NULL, 0, 0, 0, 0, '0000-00-00 00:00:00', '0000-00-00 00:00:00'),
(310, 'Renaud', 'Theuillon', 'zosdn@hotmail.com', '432e15ba420a33cd03b7eec47bc81e87f325e5e54c26b7a82f0909cfe2a9eda83366aba71c92816b26d7827a58d24c04ce1803f8d9a16bad8bb920cc0facd19d', '1981-02-27', 2, 0, '0', '0', '07966978383', 0, 0, 0, 0, 0, 0, 0, NULL, NULL, NULL, NULL, NULL, NULL, NULL, 0, 0, 0, 0, '0000-00-00 00:00:00', '0000-00-00 00:00:00'),
(311, 'Renaud', 'Theuillon', 'pbyff@hotmail.com', 'aef3401e78cc94978028cba208462c8c0e3303fc048c27cf9f8f963c48ff89e74f50daf708ec6b95d6b5f5d9fde13cd5423ef614427f2b1ad0f9f8ee2c9c233b', '1981-02-27', 2, 0, '0', '0', '07966978383', 0, 0, 0, 0, 0, 0, 0, NULL, NULL, NULL, NULL, NULL, NULL, NULL, 0, 0, 0, 0, '0000-00-00 00:00:00', '0000-00-00 00:00:00'),
(312, 'Renaud', 'Theuillon', 'guysv@hotmail.com', '885bb4842999c4611a1a5643d611a307e1d6b3c4ccfcee63c89ce2e9d0a7a69ea2388935cb479e35acabbf022f2eee0eb8cdbd312153753c8b4a505a70c8f615', '1981-02-27', 2, 0, '0', '0', '07966978383', 0, 0, 0, 0, 0, 0, 0, NULL, '', NULL, NULL, NULL, NULL, NULL, 0, 0, 0, 0, '0000-00-00 00:00:00', '0000-00-00 00:00:00'),
(313, 'Renaud', 'Theuillon', 'xtkev@hotmail.com', '329d2d72b30017d73ad0de0968244e4d06abe55afc65dc1120674e6ec13e3caabb3fe339791dc6757bdd45b608f216e9b2981e07df88a2d8dd78a8e811f7deba', '1981-02-27', 2, 0, '0', '0', '07966978383', 0, 0, 0, 0, 0, 0, 0, NULL, '', NULL, NULL, NULL, NULL, NULL, 0, 0, 0, 0, '0000-00-00 00:00:00', '0000-00-00 00:00:00'),
(314, 'Renaud', 'Theuillon', 'rnmjl@hotmail.com', '97b1ac522d16f204209e45ae5028de41f0a22c6703ae5921753f6acc2fa8f3ca2ae25e56e4d1f7c9da8013d9fe567536f494ed6eacc45a2c0abc50b049d9c6a6', '1981-02-27', 2, 0, '0', '0', '07966978383', 0, 0, 0, 0, 0, 0, 0, NULL, NULL, NULL, NULL, NULL, NULL, NULL, 0, 0, 0, 0, '0000-00-00 00:00:00', '0000-00-00 00:00:00'),
(315, 'Renaud', 'Theuillon', 'buzno@hotmail.com', '1f0b216090f3fccd3e43434219481d8dea88ddd374fa2f5eab7b5cb202bb1c708737b9843c32e68477d5807a69dca51225b0852e9034f14f18632a931757f48c', '1981-02-27', 2, 0, '0', '0', '07966978383', 0, 0, 0, 0, 0, 0, 0, NULL, NULL, NULL, NULL, NULL, NULL, NULL, 0, 0, 0, 0, '0000-00-00 00:00:00', '0000-00-00 00:00:00'),
(316, 'Renaud', 'Theuillon', 'ucjox@hotmail.com', '32696f6f3ec81d61a1693821175c9ace75128302e830106107072e48c4d06428b8f9d6945e92391dca6b0c145ce7ca82859c19fd15fea2c981bc5b9b981c3d6c', '1981-02-27', 2, 0, '0', '0', '07966978383', 0, 0, 0, 0, 0, 0, 0, NULL, NULL, NULL, NULL, NULL, NULL, NULL, 0, 0, 0, 0, '0000-00-00 00:00:00', '0000-00-00 00:00:00'),
(317, 'Renaud', 'Theuillon', 'jjudf@hotmail.com', '4ef00e1e08f3cda6ffc808ea57b5be328b53ca2f62cd5fb1cedbc53bfda2b9ef08f27e5bde5629fa92385e73a7e8a22e1b904be365aa0c3db27258513574af9a', '1981-02-27', 2, 0, '0', '0', '07966978383', 0, 0, 0, 0, 0, 0, 0, NULL, '', NULL, NULL, NULL, NULL, NULL, 0, 0, 0, 0, '0000-00-00 00:00:00', '0000-00-00 00:00:00'),
(318, 'Renaud', 'Theuillon', 'udhaw@hotmail.com', '73b8194c62ad91241fdf061253cc2687257f5d26aeb43c9112118d43f9865e6359b22bc9ecce36751361bfd390aed789089397436d2caee8032d6a953c091dee', '1981-02-27', 2, 0, '0', '0', '07966978383', 0, 0, 0, 0, 0, 0, 0, NULL, NULL, NULL, NULL, NULL, NULL, NULL, 0, 0, 0, 0, '0000-00-00 00:00:00', '0000-00-00 00:00:00');
REPLACE INTO `tbl_carer` (`id`, `first_name`, `last_name`, `email_address`, `password`, `date_birth`, `gender`, `hourly_work`, `nationality`, `country_birth`, `mobile_phone`, `live_in`, `live_in_work_radius`, `hourly_work_radius`, `work_with_male`, `work_with_female`, `driving_licence`, `car_owner`, `motivation_text`, `personal_text`, `dh_rating`, `balance`, `sort_code`, `account_number`, `last_login_date`, `wizard_completed`, `terms_conditions`, `motivation_text_status`, `personal_text_status`, `created`, `modified`) VALUES
(319, 'Renaud', 'Theuillon', 'ckddn@hotmail.com', '5b342e5dde4561fb6806a2b1aa0eaa338e7875b6933bd258ec63b600a6a185ba174bf6d83c0272bea4911f6fdd1d830da977fa1fec2e62bd33acd6199d009b91', '1981-02-27', 2, 0, '0', '0', '07966978383', 0, 0, 0, 0, 0, 0, 0, NULL, NULL, NULL, NULL, NULL, NULL, NULL, 0, 0, 0, 0, '0000-00-00 00:00:00', '0000-00-00 00:00:00'),
(320, 'Renaud', 'Theuillon', 'orana@hotmail.com', '6ac452adbcac077c21008570fb8f089d2f733d2a67acfde2274361144b797eaff76113d22c41b43a5ddce8367d23b637d5935fef4cc4cfa1ad4386e0c1f342e9', '1981-02-27', 2, 0, '0', '0', '07966978383', 0, 0, 0, 0, 0, 0, 0, NULL, NULL, NULL, NULL, NULL, NULL, NULL, 0, 0, 0, 0, '0000-00-00 00:00:00', '0000-00-00 00:00:00'),
(321, 'Renaud', 'Theuillon', 'fbwpc@hotmail.com', '6575e18fd04053e6e4952b516ff55874d3c5ca2426e5b201c94e5c47238ea60791cf8c9c2879a85aeeb2e20f57901252c8eaf67c79bff5969ea6ec488d58760c', '1981-02-27', 2, 0, '0', '0', '07966978383', 0, 0, 0, 0, 0, 0, 0, NULL, NULL, NULL, NULL, NULL, NULL, NULL, 0, 0, 0, 0, '0000-00-00 00:00:00', '0000-00-00 00:00:00'),
(322, 'Renaud', 'Theuillon', 'gjvus@hotmail.com', 'ae8b316e1c6488d2f28ba011952e769d87b9f810502cbbc5c5aa1e7847f9d7253f2c189d0ead861a019d07e7f941f656fa1caecfc4f8dc2443cd36f33a2471e4', '1981-02-27', 2, 0, '0', '0', '07966978383', 0, 0, 0, 0, 0, 0, 0, NULL, NULL, NULL, NULL, NULL, NULL, NULL, 0, 0, 0, 0, '0000-00-00 00:00:00', '0000-00-00 00:00:00'),
(323, 'Renaud', 'Theuillon', 'lxfml@hotmail.com', 'f2335dfb2f989f0b01b164b2ad1567f45f2cba0077902f71ee8810fc71091cd4de9ff97c55ef71d2e5f3065faad15360e9b5dc012cd6a459b223bbbc7bf1d8ba', '1981-02-27', 2, 0, '0', '0', '07966978383', 0, 0, 0, 0, 0, 0, 0, NULL, '', NULL, NULL, NULL, NULL, NULL, 0, 0, 0, 0, '0000-00-00 00:00:00', '0000-00-00 00:00:00'),
(324, 'Renaud', 'Theuillon', 'uydvt@hotmail.com', '7c441c73a7db59d6d8588d73813ecc80e9fea508f6d09440633ac9e72cbccd0a65ca8cfffef9dbb5b976261feaec06ce824667c68d2ecbf30c1ad9ac80c06920', '1981-02-27', 2, 0, '0', '0', '07966978383', 0, 0, 0, 0, 0, 0, 0, NULL, NULL, NULL, NULL, NULL, NULL, NULL, 0, 0, 0, 0, '0000-00-00 00:00:00', '0000-00-00 00:00:00'),
(325, 'Renaud', 'Theuillon', 'bjhnu@hotmail.com', 'e272bf3c2648eb2d40cfe8390704cd7c189c4c29412d41d282338b7868493421ba7c0cef77a5e5bf8a6a7bd23db9c824a5755327a2ee5e100e1a3973dfefee54', '1981-02-27', 2, 0, '0', '0', '07966978383', 0, 0, 0, 0, 0, 0, 0, NULL, NULL, NULL, NULL, NULL, NULL, NULL, 0, 0, 0, 0, '0000-00-00 00:00:00', '0000-00-00 00:00:00'),
(326, 'Renaud', 'Theuillon', 'nurep@hotmail.com', '1a20af2744ffa905d2aa0937946feec86391a3baa3f8cccd2d68b258933c73ddb64d73b013d795fef42426e7a631ee4a8ee351dc222e7a448acdd0fc7d15f239', '1981-02-27', 2, 0, '0', '0', '07966978383', 0, 0, 0, 0, 0, 0, 0, NULL, NULL, NULL, NULL, NULL, NULL, NULL, 0, 0, 0, 0, '0000-00-00 00:00:00', '0000-00-00 00:00:00'),
(327, 'Renaud', 'Theuillon', 'jwfgy@hotmail.com', '538f913812c569f3dac78325fca085402c967a710fe099368a3849d8d23806472bf43787fa5b616974875508fa415b0c3cc3a7b24b41ae9f9d939ec11b0c76e1', '1981-02-27', 2, 0, '0', '0', '07966978383', 0, 0, 0, 0, 0, 0, 0, NULL, NULL, NULL, NULL, NULL, NULL, NULL, 0, 0, 0, 0, '0000-00-00 00:00:00', '0000-00-00 00:00:00'),
(328, 'Renaud', 'Theuillon', 'rfkal@hotmail.com', 'e39861ee358d1ecb049d2ade618278f02a158b93cf7a536f87c33229e1e8198526a82c19bc349502098630d2aae5923fc419b11d624224058c0244c8941ccb82', '1981-02-27', 2, 0, '0', '0', '07966978383', 0, 0, 0, 0, 0, 0, 0, NULL, NULL, NULL, NULL, NULL, NULL, NULL, 0, 0, 0, 0, '0000-00-00 00:00:00', '0000-00-00 00:00:00'),
(329, 'Renaud', 'Theuillon', 'vfeel@hotmail.com', 'afa4d029ef34f8db34b9d6a98a4112632740c2ffb20629f76ec7bbda34d7a13b1f73c8cf7e56b0ae4ee30fd2e1698d6964cfeef05fe629cb2e3b2e9a50c76fbd', '1981-02-27', 2, 0, '0', '0', '07966978383', 0, 0, 0, 0, 0, 0, 0, NULL, NULL, NULL, NULL, NULL, NULL, NULL, 0, 0, 0, 0, '0000-00-00 00:00:00', '0000-00-00 00:00:00'),
(330, 'Renaud', 'Theuillon', 'zdwqi@hotmail.com', '88c48db50d69ded59e3121ce4078ee9519deea94c719f1c9228435f33b19b7725cc2702339d490089cdb200a63adb20946342bca53cf99973255a0bff294ac60', '1981-02-27', 2, 0, '0', '0', '07966978383', 0, 0, 0, 0, 0, 0, 0, NULL, NULL, NULL, NULL, NULL, NULL, NULL, 0, 0, 0, 0, '0000-00-00 00:00:00', '0000-00-00 00:00:00'),
(331, 'Renaud', 'Theuillon', 'dlylw@hotmail.com', 'a7a366b719e5d786055ed09ef5da2b10d202ea2fb730ca6cef9e01faeff04062b0e8ae11d76e015a405fef07bf80f42fce3c4c165144cd8ec3c1354a605f6e7a', '1981-02-27', 2, 0, '0', '0', '07966978383', 0, 0, 0, 0, 0, 0, 0, NULL, '', NULL, NULL, NULL, NULL, NULL, 0, 0, 0, 0, '0000-00-00 00:00:00', '0000-00-00 00:00:00'),
(332, 'Renaud', 'Theuillon', 'gfevk@hotmail.com', '218c54af99618ca63446522be32f60d7e421611f0cbe897c1f2db52ebe5db3ba32229bc4e92c969754bd142ce2cf81a83e6137e91210d012d2a3ef3099895e32', '1981-02-27', 2, 0, '0', '0', '07966978383', 0, 0, 0, 0, 0, 0, 0, NULL, '', NULL, NULL, NULL, NULL, NULL, 0, 0, 0, 0, '0000-00-00 00:00:00', '0000-00-00 00:00:00'),
(333, 'Renaud', 'Theuillon', 'dpvtd@hotmail.com', '5dc251f3de5721d0a3f80b18be80f5b4c06a320d70d114279edd592d3ba55f7945c2fd896fffd875d5f2e2a3d4dfa15e84ef93363fdab6b5c05cdbccb2362f26', '1981-02-27', 2, 0, '0', '0', '07966978383', 0, 0, 0, 0, 0, 0, 0, NULL, NULL, NULL, NULL, NULL, NULL, NULL, 0, 0, 0, 0, '0000-00-00 00:00:00', '0000-00-00 00:00:00'),
(334, 'Renaud', 'Theuillon', 'ozcoq@hotmail.com', 'c2a6052b654b5fe7bf901870f30c570d45b63d80fd744d5eb87856a1c873d7ae635d1df75c2f570bfdbfeeea07808f663124a6e83d06a71d8e08099be3e85dfe', '1981-02-27', 2, 0, '0', '0', '07966978383', 0, 0, 0, 0, 0, 0, 0, NULL, NULL, NULL, NULL, NULL, NULL, NULL, 0, 0, 0, 0, '0000-00-00 00:00:00', '0000-00-00 00:00:00'),
(335, 'Renaud', 'Theuillon', 'lbisw@hotmail.com', '10bbf4bfcc02c715a41e1cacf1a809641df2ccca0e749c1636dcf7bbf39af45cf7b72bcb7550ef809f9164d46a8578bd6c8b32e59fa6a6aec5feb3df63063d93', '1981-02-27', 2, 0, '0', '0', '07966978383', 0, 0, 0, 0, 0, 0, 0, NULL, NULL, NULL, NULL, NULL, NULL, NULL, 0, 0, 0, 0, '0000-00-00 00:00:00', '0000-00-00 00:00:00'),
(336, 'Renaud', 'Theuillon', 'zkbdd@hotmail.com', '25a3b27f7fbf738ad206b07c45f8a98379ea6baf1ffe55aa1c230c9f0cbc522b93a65e5a099a1dbbe7eb982996591d738534e1f69c9822f362c04bc080b8320d', '1981-02-27', 2, 0, '0', '0', '07966978383', 0, 0, 0, 0, 0, 0, 0, NULL, '', NULL, NULL, NULL, NULL, NULL, 0, 0, 0, 0, '0000-00-00 00:00:00', '0000-00-00 00:00:00'),
(337, 'Renaud', 'Theuillon', 'qxtzt@hotmail.com', '827172c42836c38895fac81a3cc1873f4e798d3a3a61f8118412edecbf781d50d0ac29f843adbf8700d66f1205fd543bdd0d3fd99a0a647ccb090e5d005c493a', '1981-02-27', 2, 0, '0', '0', '07966978383', 0, 0, 0, 0, 0, 0, 0, NULL, '', NULL, NULL, NULL, NULL, NULL, 0, 0, 0, 0, '0000-00-00 00:00:00', '0000-00-00 00:00:00'),
(338, 'Renaud', 'Theuillon', 'lbxvy@hotmail.com', 'c9c127cf1cd2512865e49488b1473198f77ec470ba649dbc559a6b484694baa33e2fef25f2f351a3db717e8b341a018c883a0868fe4b0d1705c05be17d1b62bd', '1981-02-27', 2, 0, '0', '0', '07966978383', 0, 0, 0, 0, 0, 0, 0, NULL, NULL, NULL, NULL, NULL, NULL, NULL, 0, 0, 0, 0, '0000-00-00 00:00:00', '0000-00-00 00:00:00'),
(339, 'Renaud', 'Theuillon', 'lptyf@hotmail.com', '5c1c9f8701149a22cdfd1921729d4a2ebce198358ed191db126bf51981acd7837d1b55edacf3cf03f4b75c62b76c6e43dacefd05ee484861050ff4de23035705', '1981-02-27', 2, 0, '0', '0', '07966978383', 0, 0, 0, 0, 0, 0, 0, NULL, NULL, NULL, NULL, NULL, NULL, NULL, 0, 0, 0, 0, '0000-00-00 00:00:00', '0000-00-00 00:00:00'),
(340, 'Renaud', 'Theuillon', 'ezvkk@hotmail.com', 'f0a0d4b5c48ca32d71cba78efcad06c9d2b071db2469cd54c9e9f78af1f9408e1f3eaa144874968bd4f1744002089bd7e0fb62d290cbbc588924907383d2ccdc', '1981-02-27', 2, 0, '0', '0', '07966978383', 0, 0, 0, 0, 0, 0, 0, NULL, '', NULL, NULL, NULL, NULL, NULL, 0, 0, 0, 0, '0000-00-00 00:00:00', '0000-00-00 00:00:00'),
(341, 'Renaud', 'Theuillon', 'fkyue@hotmail.com', '09fafc45e00919c5a27bc958a23a8b3badac2724b6df3ade44b3a0a3324a67682800204be5258a6757b8ede6cb15514a692aa1186e6f90ca469cd50aee52c06c', '1981-02-27', 2, 0, '0', '0', '07966978383', 0, 0, 0, 0, 0, 0, 0, NULL, '', NULL, NULL, NULL, NULL, NULL, 0, 0, 0, 0, '0000-00-00 00:00:00', '0000-00-00 00:00:00'),
(342, 'tes', 'test', 'erwerwe@dfsfd.com', '084b263d04a702515804efb5d9f95125790d534d3651787482117981309f2b02567544d2ddfab4cd79cdfaa3d472f99841beed6f89e0d840a1fa9735fad884c3', '1993-03-03', 1, 0, '0', 'Afghanistan', 'asdasd', 0, 0, 0, 0, 0, 0, 0, NULL, NULL, NULL, NULL, NULL, NULL, NULL, 0, 0, 0, 0, '0000-00-00 00:00:00', '0000-00-00 00:00:00'),
(343, 'Renaud', 'Theuillon', 'wsaws@hotmail.com', '808643d811a320932e8bdc1b267e7b48d147952516e988a4a4c7a828d6fec0461e5f83950f31562db47c7a86f32b68bc069e860812bf936a873b7d902f46e177', '1981-02-27', 2, 0, '0', '0', '07966978383', 0, 0, 0, 0, 0, 0, 0, NULL, '', NULL, NULL, NULL, NULL, NULL, 0, 0, 0, 0, '0000-00-00 00:00:00', '0000-00-00 00:00:00'),
(344, 'Renaud', 'Theuillon', 'lavtj@hotmail.com', 'ebbb4017815dda99f21f2c4fe7c68dce8a123bfbcc0eb2da2ade92b8e0bbe37541d2db140a8c8581d727a8b1a12a3e8854dbf1fa0ac4ebc2f8c0e3800b524a90', '1981-02-27', 2, 0, '0', '0', '07966978383', 0, 0, 0, 0, 0, 0, 0, NULL, NULL, NULL, NULL, NULL, NULL, NULL, 0, 0, 0, 0, '0000-00-00 00:00:00', '0000-00-00 00:00:00'),
(345, 'Renaud', 'Theuillon', 'eeprl@hotmail.com', 'de42650b6040f32bf8a087830b033645f771df157f75e938c633d25050391614cacd615263f10afec8316691f62e523a4609aeb36428ed57cd16ec8527407d42', '1981-02-27', 2, 0, '0', '0', '07966978383', 0, 0, 0, 0, 0, 0, 0, NULL, NULL, NULL, NULL, NULL, NULL, NULL, 0, 0, 0, 0, '0000-00-00 00:00:00', '0000-00-00 00:00:00'),
(346, 'Renaud', 'Theuillon', 'wlezc@hotmail.com', '5c6794e3bb44cbb48ce3b62d96ea23fcda6c1ee8302da1c3329ca781299783c3ce6e47a8b9cec9bc47b00b91250de4d97731f915283e09eddc3a6471d9d2e45c', '1981-02-27', 2, 0, '0', '0', '07966978383', 0, 0, 0, 0, 0, 0, 0, NULL, NULL, NULL, NULL, NULL, NULL, NULL, 0, 0, 0, 0, '0000-00-00 00:00:00', '0000-00-00 00:00:00'),
(347, 'dsfds', 'dsfdsf', 'fsdfdsf', 'b33032fccc9600adc7b8892d6ab0d50e1edb7257d546ad79458b255fc965f6055c6482819ed603d5ec53e448d52eb877d1e93f866bb96db39ada78824190dc96', '1994-01-02', 1, 0, '0', '0', 'asd', 0, 0, 0, 0, 0, 0, 0, NULL, NULL, NULL, NULL, NULL, NULL, NULL, 0, 0, 0, 0, '0000-00-00 00:00:00', '0000-00-00 00:00:00'),
(348, 'Renaud', 'Theuillon', 'hnydo@hotmail.com', 'e9d9303a5b5117e7103961b5bdc30f20e6d199664531efd502fe6ad2fafe5ab979fb28558ec0be8ab9cb7dc2a7ed2a78b0ecbdbc5ad71c8aeb3a5b721c7187bc', '1981-02-27', 2, 0, '0', '0', '07966978383', 0, 0, 0, 0, 0, 0, 0, NULL, NULL, NULL, NULL, NULL, NULL, NULL, 0, 0, 0, 0, '0000-00-00 00:00:00', '0000-00-00 00:00:00'),
(349, 'Renaud', 'Theuillon', 'rlabp@hotmail.com', '76400f2fab2837ed113aa2fa766d4d6fa7880524f345e4bb192b27dbce3145f39b8defabeee8eaceefce054eed6cb2ba27705288846005c762735ac48ed83b18', '1981-02-27', 2, 0, '0', '0', '07966978383', 0, 0, 0, 0, 0, 0, 0, NULL, NULL, NULL, NULL, NULL, NULL, NULL, 0, 0, 0, 0, '0000-00-00 00:00:00', '0000-00-00 00:00:00'),
(350, 'Renaud', 'Theuillon', 'szktj@hotmail.com', 'be56fdb8ee310f3d28b22b46515e9367fe5c1ad12d2cc7a02777e2fb1677b0b19b49309ab6dcbef38924817790f303f282a4a7596534cd316e3e0dd81e7b4f5c', '1981-02-27', 2, 0, '0', '0', '07966978383', 0, 0, 0, 0, 0, 0, 0, NULL, NULL, NULL, NULL, NULL, NULL, NULL, 0, 0, 0, 0, '0000-00-00 00:00:00', '0000-00-00 00:00:00'),
(351, 'Renaud', 'Theuillon', 'fvnmh@hotmail.com', '0d876aca46f261328ba9c9da6cbd44dc636a4f0da0f835bd97a3b91d6332c9b9d92633616e086a93c7752b32a1ea186a58ec12c041d1b1d389f1699aa31d9fc4', '1981-02-27', 2, 0, '0', '0', '07966978383', 0, 0, 0, 0, 0, 0, 0, NULL, NULL, NULL, NULL, NULL, NULL, NULL, 0, 0, 0, 0, '0000-00-00 00:00:00', '0000-00-00 00:00:00'),
(352, 'Renaud', 'Theuillon', 'saiqa@hotmail.com', '2076a65ae7beb263506d6581f914c1de1e7280124b3f8f406ed2be114c93458013e1bb60410e4ec24cc675705d8822395a3171a92090420806f43141f705ce91', '1981-02-27', 2, 0, '0', '0', '07966978383', 0, 0, 0, 0, 0, 0, 0, NULL, NULL, NULL, NULL, NULL, NULL, NULL, 0, 0, 0, 0, '0000-00-00 00:00:00', '0000-00-00 00:00:00'),
(353, 'Renaud', 'Theuillon', 'hmoil@hotmail.com', 'b4b13e5d2c4b2ad0a834273a6fcb3f278909acc7c3384e5b9818d5b6f38563bb07502390f0f4f281e0323f22d0cdd36f0aa142b42c4b5cca59fd77162d5de491', '1981-02-27', 2, 0, '0', '0', '07966978383', 0, 0, 0, 0, 0, 0, 0, NULL, NULL, NULL, NULL, NULL, NULL, NULL, 0, 0, 0, 0, '0000-00-00 00:00:00', '0000-00-00 00:00:00'),
(354, 'Renaud', 'Theuillon', 'dccni@hotmail.com', '1e1152fdaf3c8de91a8fbb1d2ebae80d39ae5e51c1c5a4c825012e481bfed12cac6853c639192d2242646355856a5d3ca5b5e0a6cb3d99da9de8c42cdfc8d0f2', '1981-02-27', 2, 0, '0', '0', '07966978383', 0, 0, 0, 0, 0, 0, 0, NULL, NULL, NULL, NULL, NULL, NULL, NULL, 0, 0, 0, 0, '0000-00-00 00:00:00', '0000-00-00 00:00:00'),
(355, 'Renaud', 'Theuillon', 'zuhyu@hotmail.com', '6458f3a608a97ddb5f21a16468fb061d55b4c9e08563f2f72ebdbbf709750318b94e470cde7d34d69cb8955604a849b1c4bebeeaae3c6555f9a8aa17e14fa1fd', '1981-02-27', 2, 0, '0', '0', '07966978383', 0, 0, 0, 0, 0, 0, 0, NULL, NULL, NULL, NULL, NULL, NULL, NULL, 0, 0, 0, 0, '0000-00-00 00:00:00', '0000-00-00 00:00:00'),
(356, 'Renaud', 'Theuillon', 'znibe@hotmail.com', '6660a027cf9e78fb4e02ca2634eea4bd6ff53358bc22444d49f4981e60c8eff6f25287cc4efb269b56c795cbcd1d4d9840ae267fca391fbd3bf8561b26536cec', '1981-02-27', 2, 0, '0', '0', '07966978383', 0, 0, 0, 0, 0, 0, 0, NULL, NULL, NULL, NULL, NULL, NULL, NULL, 0, 0, 0, 0, '0000-00-00 00:00:00', '0000-00-00 00:00:00'),
(357, 'Renaud', 'Theuillon', 'udwar@hotmail.com', '7ff61d4ede74fc74ec21a809644fa29fa78416b51462c7d41bb0a63919c2766da36ca5e13e2bde8b9dd228b92128017ce4bf24f2b674778e860990f11cafcfb4', '1981-02-27', 2, 0, '0', '0', '07966978383', 0, 0, 0, 0, 0, 0, 0, NULL, NULL, NULL, NULL, NULL, NULL, NULL, 0, 0, 0, 0, '0000-00-00 00:00:00', '0000-00-00 00:00:00'),
(358, 'Renaud', 'Theuillon', 'humri@hotmail.com', '2c19d59a5ef79a9d7acdd5ed64970947f93e9e1b96861993f27b42fa17b0da126a399cad47af31d76406c511fe79b322f66bb13819e3a0848b659b1028becb36', '1981-02-27', 2, 0, '0', '0', '07966978383', 0, 0, 0, 0, 0, 0, 0, NULL, NULL, NULL, NULL, NULL, NULL, NULL, 0, 0, 0, 0, '0000-00-00 00:00:00', '0000-00-00 00:00:00'),
(359, 'Renaud', 'Theuillon', 'rsgtz@hotmail.com', '6873dbe0814203986b1df568ab350f0a8970c318ad46bd97a23b6121f9e8e3f3e8bc74c443cfb51518e08dfb97fbb58cfc540678a4493b7a99f7064dd811d338', '1981-02-27', 2, 0, '0', '0', '07966978383', 0, 0, 0, 0, 0, 0, 0, NULL, NULL, NULL, NULL, NULL, NULL, NULL, 0, 0, 0, 0, '0000-00-00 00:00:00', '0000-00-00 00:00:00'),
(360, 'Renaud', 'Theuillon', 'elepw@hotmail.com', '7004e38b3a14d16d808da1c34b2441cb4093d9359a2c13976fee0c94f07dca93b56b8ee7c842eeb9d3ea1a86065eee09d1580a9d93ee763300d050469ab1a0d6', '1981-02-27', 2, 0, '0', '0', '07966978383', 0, 0, 0, 0, 0, 0, 0, NULL, NULL, NULL, NULL, NULL, NULL, NULL, 0, 0, 0, 0, '0000-00-00 00:00:00', '0000-00-00 00:00:00'),
(361, 'Renaud', 'Theuillon', 'xgjis@hotmail.com', '3a519c2631ab2abb641e5d96014ef56d05a309bce06e633639a77fb05b4c69be3c581e5591a09320dd695204a94d8cded0a0dc5ba5f9fcafefe27e3efd099f26', '1981-02-27', 2, 0, '0', '0', '07966978383', 0, 0, 0, 0, 0, 0, 0, NULL, NULL, NULL, NULL, NULL, NULL, NULL, 0, 0, 0, 0, '0000-00-00 00:00:00', '0000-00-00 00:00:00'),
(362, 'Renaud', 'Theuillon', 'mazjn@hotmail.com', 'a491fbe4656e341b728e63d739e5562724089dfdb2a93320a61ed30dd58f2426710a47d7b5becab7a05533b5342641abacac3f19053dee6437eaf4c60fd1239b', '1981-02-27', 2, 0, '0', '0', '07966978383', 0, 0, 0, 0, 0, 0, 0, NULL, NULL, NULL, NULL, NULL, NULL, NULL, 0, 0, 0, 0, '0000-00-00 00:00:00', '0000-00-00 00:00:00'),
(363, 'Renaud', 'Theuillon', 'fyfkv@hotmail.com', '64f499cdf595f778a17e00f33678041e3e7a4beb328213430f40dd0419e7124bcf901af3fcadb5ac70ffb0ada9b9e2339633d2b776ea3a1bfc6f3cb5ab8751f2', '1981-02-27', 2, 0, '0', '0', '07966978383', 0, 0, 0, 0, 0, 0, 0, NULL, NULL, NULL, NULL, NULL, NULL, NULL, 0, 0, 0, 0, '0000-00-00 00:00:00', '0000-00-00 00:00:00'),
(364, 'Renaud', 'Theuillon', 'pngqv@hotmail.com', '07d2b0da3b2098a75f0a1d7c40a990b5086b742f4d8f531c9b1eb91eefc0f31d707c79c3b34f2a5413f70842020d514ebbff25dd600b9b0d8e90553daa0fdae4', '1981-02-27', 2, 0, '0', '0', '07966978383', 0, 0, 0, 0, 0, 0, 0, NULL, NULL, NULL, NULL, NULL, NULL, NULL, 0, 0, 0, 0, '0000-00-00 00:00:00', '0000-00-00 00:00:00'),
(365, 'Renaud', 'Theuillon', 'phmxl@hotmail.com', '969eb1a254745862fe1705868e7973f9c681c0dca69bd7a629d9ed4871a02661b5c77f482210794c452abb92b298bc7672f7ac4a1e94cc1bbe2335870ee0fd97', '1981-02-27', 2, 1, '0', '0', '07966978383', 1, 0, 0, 0, 0, 0, 0, NULL, '', NULL, NULL, NULL, NULL, NULL, 0, 0, 0, 0, '0000-00-00 00:00:00', '0000-00-00 00:00:00'),
(366, 'Renaud', 'Theuillon', 'vgobs@hotmail.com', 'c3166f24d94dc4bb7e806017717b8402d88cc7558bcd9d8c14585e8a4b0654c056569bb3a9b7d7571f45918f75544d0297179ef24ac1782697536c2a42d34850', '1981-02-27', 2, 0, '0', '0', '07966978383', 0, 0, 0, 0, 0, 0, 0, NULL, '', NULL, NULL, NULL, NULL, NULL, 0, 0, 0, 0, '0000-00-00 00:00:00', '0000-00-00 00:00:00'),
(367, 'Renaud', 'Theuillon', 'wuzcr@hotmail.com', '6d235f8d684e7c9f8960be27fc2c9507c43a5334b2d8ba87e708d67f99a0eee2cf536a05d98578c53ab4dbdf5119e2814e1dcd06c006cf40c53f27193d5fd8b4', '1981-02-27', 2, 0, '0', '0', '07966978383', 0, 0, 0, 0, 0, 0, 0, NULL, '', NULL, NULL, NULL, NULL, NULL, 0, 0, 0, 0, '0000-00-00 00:00:00', '0000-00-00 00:00:00'),
(368, 'Renaud', 'Theuillon', 'botcm@hotmail.com', 'c67ad47782bd22b107e1b3878d60667b4bac03f932f7e5d04caca11679d0ac1e3c9bdf87a295bd10bee91eb06d8766861d7d33493f66457599086b24c6b8abb2', '1981-02-27', 2, 0, '0', '0', '07966978383', 0, 0, 0, 0, 0, 0, 0, NULL, '', NULL, NULL, NULL, NULL, NULL, 0, 0, 0, 0, '0000-00-00 00:00:00', '0000-00-00 00:00:00'),
(369, 'Renaud', 'Theuillon', 'cxzmx@hotmail.com', '771d10cffee4da70092af9eef3fc35cba56c8bee42760560a7a5cf8b4f99a8ac590359a79fa4f8fce32d81dfa08c2302bb39a1169e681d2c580536e5548b1de6', '1981-02-27', 2, 0, '0', '0', '07966978383', 0, 0, 0, 0, 0, 0, 0, NULL, '', NULL, NULL, NULL, NULL, NULL, 0, 0, 0, 0, '0000-00-00 00:00:00', '0000-00-00 00:00:00'),
(370, 'Renaud', 'Theuillon', 'ysjjp@hotmail.com', '0f82f6a7024ac70637cd7812c18ec2ae4652ad87442a11c640bdfc14628db46dd1bf3a239b79ea4825952f3b8de891ae9bc5bd0f6f54747f42d80522568ede59', '1981-02-27', 2, 0, '0', '0', '07966978383', 0, 0, 0, 0, 0, 0, 0, NULL, '', NULL, NULL, NULL, NULL, NULL, 0, 0, 0, 0, '0000-00-00 00:00:00', '0000-00-00 00:00:00'),
(371, 'Renaud', 'Theuillon', 'djswf@hotmail.com', '42005065f2a8023b98bd1635fb2fd5a8d72e3e24fcb2d6249c74123b9cb2b96f3a8cf3aa9694fc80fec1674694161d05e64ec8356023765b754f6b973e5bae50', '1981-02-27', 2, 0, '0', '0', '07966978383', 0, 0, 0, 0, 0, 0, 0, NULL, NULL, NULL, NULL, NULL, NULL, NULL, 0, 0, 0, 0, '0000-00-00 00:00:00', '0000-00-00 00:00:00'),
(372, 'Renaud', 'Theuillon', 'mxayh@hotmail.com', '5a1852d702bef5f28083ea1cff1638eb748638fb85afe22484852d04ce6f6e692645a0ce868bc80575f432268bfe594dd52597fae7738076c1bfc636421a41e5', '1981-02-27', 2, 0, '0', '0', '07966978383', 0, 0, 0, 0, 0, 0, 0, NULL, NULL, NULL, NULL, NULL, NULL, NULL, 0, 0, 0, 0, '0000-00-00 00:00:00', '0000-00-00 00:00:00'),
(373, 'Renaud', 'Theuillon', 'xrsoe@hotmail.com', 'a689605326c56700521e0780abc115e81f9dcd3ed808a6383252401deea28d0cf8fb77afae40ba00b1be9e6cbfe7621c1dd79a38c80521f363c641e95c3ead61', '1981-02-27', 2, 0, '0', '0', '07966978383', 0, 0, 0, 0, 0, 0, 0, NULL, NULL, NULL, NULL, NULL, NULL, NULL, 0, 0, 0, 0, '0000-00-00 00:00:00', '0000-00-00 00:00:00'),
(374, 'Renaud', 'Theuillon', 'yjxao@hotmail.com', '627bdfd0fa06c04398ce2d38fb61f45335ba787285fd58fd97ed782c5e6b48f7c48a5d6111cfa0963947b4d691eea37bc49578760452d4828a97453139775e72', '1981-02-27', 2, 0, '0', '0', '07966978383', 0, 0, 0, 0, 0, 0, 0, NULL, NULL, NULL, NULL, NULL, NULL, NULL, 0, 0, 0, 0, '0000-00-00 00:00:00', '0000-00-00 00:00:00'),
(375, 'Renaud', 'Theuillon', 'nlwms@hotmail.com', 'f84c64b30897047a5b681763283042e31bd0f03b98aef3e39be79b8b8e7f43cdb86dc536d9397b7ee06122eba1b379ed1dcdc146cf0f0d79ff1dacef6f65f7c7', '1981-02-27', 2, 0, '0', '0', '07966978383', 0, 0, 0, 0, 0, 0, 0, NULL, NULL, NULL, NULL, NULL, NULL, NULL, 0, 0, 0, 0, '0000-00-00 00:00:00', '0000-00-00 00:00:00'),
(376, 'Renaud', 'Theuillon', 'aknut@hotmail.com', '679eafbb857e75b8c78082129b6277ce104ff219bb3ba16d8b54f670aa0d025cebf3fc2490812f374f9957ae831113b55ffdae699d46f30c815a45889ae80f12', '1981-02-27', 2, 0, '0', '0', '07966978383', 0, 0, 0, 0, 0, 0, 0, NULL, NULL, NULL, NULL, NULL, NULL, NULL, 0, 0, 0, 0, '0000-00-00 00:00:00', '0000-00-00 00:00:00'),
(377, 'Renaud', 'Theuillon', 'ajotp@hotmail.com', '69d179bfd9c11b79b182317a3b95ed311556b559933c60a05b6c2d569f8a76bcaa0ec9b362b1a31626bf0fbd0db37cecda72c6f56eec0e1a6fdd16c109ce2bae', '1981-02-27', 2, 0, '0', '0', '07966978383', 0, 0, 0, 0, 0, 0, 0, NULL, NULL, NULL, NULL, NULL, NULL, NULL, 0, 0, 0, 0, '0000-00-00 00:00:00', '0000-00-00 00:00:00'),
(378, 'Renaud', 'Theuillon', 'thift@hotmail.com', '32d84d19b809b640221a5d737e06b060cef540ea5ae5560436727f3439a327eaa19fed5fe4ae00e407c6455f542b56757c9bd1f9ec61ad603c11975d8ed7e52e', '1981-02-27', 2, 0, '0', '0', '07966978383', 0, 0, 0, 0, 0, 0, 0, NULL, NULL, NULL, NULL, NULL, NULL, NULL, 0, 0, 0, 0, '0000-00-00 00:00:00', '0000-00-00 00:00:00'),
(379, 'Renaud', 'Theuillon', 'ykqte@hotmail.com', '3fde2b77e568a440261914da13dad04db99eb9b73f3285eb3485177264fcd75328f63a6e70f88dcc0e1455d67e4d9601eb0fec12b28dc45609c631d3e00efde0', '1981-02-27', 2, 0, '0', '0', '07966978383', 0, 0, 0, 0, 0, 0, 0, NULL, NULL, NULL, NULL, NULL, NULL, NULL, 0, 0, 0, 0, '0000-00-00 00:00:00', '0000-00-00 00:00:00'),
(380, 'Renaud', 'Theuillon', 'mjwou@hotmail.com', '8d582cf5a93b2d43e6f97a7d488b46fc8af22099e48f4b5bf5e05c682f8163109fa84356f73c2a6eab38341cdbb1b10a2ea9044f72e71b864621e7db4e1d89c3', '1981-02-27', 2, 0, '0', '0', '07966978383', 0, 0, 0, 0, 0, 0, 0, NULL, NULL, NULL, NULL, NULL, NULL, NULL, 0, 0, 0, 0, '0000-00-00 00:00:00', '0000-00-00 00:00:00'),
(381, 'Renaud', 'Theuillon', 'dblwz@hotmail.com', 'af2035c37dc773424bc838588a88251eb8692a3ae2ce52915c68eb0a1b753f3186cdd3ad212bad0f910ae4794d7603eca771498446218b02b926c7306d19d0f1', '1981-02-27', 2, 0, '0', '0', '07966978383', 0, 0, 0, 0, 0, 0, 0, NULL, '', NULL, NULL, NULL, NULL, NULL, 1, 0, 0, 0, '0000-00-00 00:00:00', '0000-00-00 00:00:00'),
(382, 'Renaud', 'Theuillon', 'rrhgh@hotmail.com', '3b4d98bdb8d2671fad820b4a4c0064d524c1c2438394daf2dd0372be7748f603acecc8be480167d79f7cdfd21401152844983349493d8ffff1a05a3e1d281bd7', '1981-02-27', 2, 0, '0', '0', '07966978383', 0, 0, 0, 0, 0, 0, 0, NULL, '', NULL, NULL, NULL, NULL, NULL, 0, 0, 0, 0, '0000-00-00 00:00:00', '0000-00-00 00:00:00'),
(383, 'Renaud', 'Theuillon', 'hwstl@hotmail.com', '58725e6be9d8555d05361b0105d26a0f9d88b943cdc095b71f2067eb5da0de27033a033e9e44f9fbbb6a50bb612071d848c7520aadbca525350b10424460fdff', '1981-02-27', 2, 0, '0', '0', '07966978383', 0, 0, 0, 0, 0, 0, 0, NULL, NULL, NULL, NULL, NULL, NULL, NULL, 0, 0, 0, 0, '0000-00-00 00:00:00', '0000-00-00 00:00:00'),
(384, 'Renaud', 'Theuillon', 'kmotq@hotmail.com', '96a2dd0aef19b5c05330d255aa76be43fa74a295cbdfa9b8290775603690a50e90bddd8dcce6ae824e1bb6148a8bc3e0e9d49941f964fed2da946cdeae4c58c3', '1981-02-27', 2, 0, '0', '0', '07966978383', 0, 0, 0, 0, 0, 0, 0, NULL, NULL, NULL, NULL, NULL, NULL, NULL, 0, 0, 0, 0, '0000-00-00 00:00:00', '0000-00-00 00:00:00'),
(385, 'Renaud', 'Theuillon', 'oobku@hotmail.com', '5b84ce4ea57d2d82925bf1c9d8bffb56eb894e12883f157aef29afb8940e0829626d9e762580f4d1f8c810176da8c721c45b3505307b0146d3f87a0ceecd0825', '1981-02-27', 2, 0, '0', '0', '07966978383', 0, 0, 0, 0, 0, 0, 0, NULL, '', NULL, NULL, NULL, NULL, NULL, 1, 0, 0, 0, '0000-00-00 00:00:00', '0000-00-00 00:00:00'),
(386, 'Renaud', 'Theuillon', 'crujw@hotmail.com', '88a8d9b24d1c25489ec96bc2881121b35f2a41ba35526136ed8a8e12744c54a6bf47e1dd1abbfa153b40eecd39e3d07db34ef234072d3a489196fd53780d896a', '1981-02-27', 2, 0, '0', '0', '07966978383', 0, 0, 0, 0, 0, 0, 0, NULL, NULL, NULL, NULL, NULL, NULL, NULL, 0, 0, 0, 0, '0000-00-00 00:00:00', '0000-00-00 00:00:00'),
(387, 'Renaud', 'Theuillon', 'tfjxw@hotmail.com', '3a635b50c047ac855b8147b7de2e627fbbfc108620f3a6066b977eb9855df55b076dd84bddc3aad05a185a09b3fcb6e2dfbbbe1f118578d74e6c81c86f88d110', '1981-02-27', 2, 0, '0', '0', '07966978383', 0, 0, 0, 0, 0, 0, 0, NULL, '', NULL, NULL, NULL, NULL, NULL, 1, 0, 0, 0, '0000-00-00 00:00:00', '0000-00-00 00:00:00'),
(388, 'Renaud', 'Theuillon', 'kcbgk@hotmail.com', 'a8cd64a5e7c582c3194698c511602112ef99dc71e6c8ca5fc6959df50c432a646d556a6251a0ff21c62f1b5b8434d05ca97b555737bc3170298123297802efc7', '1981-02-27', 2, 0, '0', '0', '07966978383', 0, 0, 0, 0, 0, 0, 0, NULL, NULL, NULL, NULL, NULL, NULL, NULL, 0, 0, 0, 0, '0000-00-00 00:00:00', '0000-00-00 00:00:00'),
(389, 'Renaud', 'Theuillon', 'axvlx@hotmail.com', 'deb574707723ff24ac1b5bc11f110f72f52f6727469169f37d2b1e381a3c3b66d6b640b91cdc25cac39552f9122ab86bea551f8b99d4f90878b75abe441b22cd', '1981-02-27', 2, 0, '0', '0', '07966978383', 0, 0, 0, 0, 0, 0, 0, NULL, NULL, NULL, NULL, NULL, NULL, NULL, 0, 0, 0, 0, '0000-00-00 00:00:00', '0000-00-00 00:00:00'),
(390, 'Renaud', 'Theuillon', 'ttius@hotmail.com', '6ed375d8bdb386c77ff38a850fca517c606ec562569745038ae12c03cb2736dd9cfae2cf8c96e946f1eaf823514f1fe72b22706c2f790e2245b0c8d30793ae16', '1981-02-27', 2, 0, '0', '0', '07966978383', 0, 0, 0, 0, 0, 0, 0, NULL, NULL, NULL, NULL, NULL, NULL, NULL, 0, 0, 0, 0, '0000-00-00 00:00:00', '0000-00-00 00:00:00'),
(391, 'Renaud', 'Theuillon', 'hyyut@hotmail.com', '9476c5a5c37185f214061bd18d8b436e8852ab99673d071b43b100a4b3e0cdf5f00c912882bc8caa6f7ca560fbae9ab3d5cdf649d90baa2130f64cd48381b9ec', '1981-02-27', 2, 0, '0', '0', '07966978383', 0, 0, 0, 0, 0, 0, 0, NULL, '', NULL, NULL, NULL, NULL, NULL, 1, 0, 0, 0, '0000-00-00 00:00:00', '0000-00-00 00:00:00'),
(392, 'Renaud', 'Theuillon', 'alfac@hotmail.com', 'd3de108d05cfba08740607223700c1451fbdb34d83997c7dcdcbba9f5c1ad0d9bed81621d25f98aa34def77c65a607a5079e7f8a96fc1314d66419ea7d9a5544', '1981-02-27', 2, 0, '0', '0', '07966978383', 0, 0, 0, 0, 0, 0, 0, NULL, '', NULL, NULL, NULL, NULL, NULL, 1, 0, 0, 0, '0000-00-00 00:00:00', '0000-00-00 00:00:00'),
(393, 'Renaud', 'Theuillon', 'bzatp@hotmail.com', 'a83831e2198c82f87ce49515540fa7b857898c196b8c0e682cb9b0437da02265069964b16f12e02dfffb8df59f4d0c3347200970d765da8aed155e427d75b350', '1981-02-27', 2, 0, '0', '0', '07966978383', 0, 0, 0, 0, 0, 0, 0, NULL, '', NULL, NULL, NULL, NULL, NULL, 1, 0, 0, 0, '0000-00-00 00:00:00', '0000-00-00 00:00:00'),
(394, 'Renaud', 'Theuillon', 'vvvue@hotmail.com', 'ac47d99fdefa465a144821c301c69d4875c1526d455cd82cd01e63456631f369b6f6c45cba748e20ccc0555ac93c8fd74ece7713519fccdecb326c34fb7f3335', '1981-02-27', 2, 0, '0', '0', '07966978383', 0, 0, 0, 0, 0, 0, 0, NULL, NULL, NULL, NULL, NULL, NULL, NULL, 0, 0, 0, 0, '0000-00-00 00:00:00', '0000-00-00 00:00:00'),
(395, 'Renaud', 'Theuillon', 'rhyqe@hotmail.com', '9bf221c54f61777ac86a5ae759a46d5ebcdfcfc430d0068c5cea40953e5013b79e93e37fa47816d82efb13b431888263d40f602ef33482b5013de942950f6bb9', '1981-02-27', 2, 0, '0', '0', '07966978383', 0, 0, 0, 0, 0, 0, 0, NULL, NULL, NULL, NULL, NULL, NULL, NULL, 0, 0, 0, 0, '0000-00-00 00:00:00', '0000-00-00 00:00:00'),
(396, 'Renaud', 'Theuillon', 'plakm@hotmail.com', 'e40e5584668485b3878db6200635eddd4daca97eee09ef1b538a3913026cf08511a80cfeba777682b58fcc95c1c195324a7e6b4c034e71bbcee838d87568875c', '1981-02-27', 2, 0, '0', '0', '07966978383', 0, 0, 0, 0, 0, 0, 0, NULL, NULL, NULL, NULL, NULL, NULL, NULL, 0, 0, 0, 0, '0000-00-00 00:00:00', '0000-00-00 00:00:00'),
(397, 'Renaud', 'Theuillon', 'bnyaz@hotmail.com', 'a67d9d90916b0dde6074ae477e6bc7104bfbfa5eab3b797338b4764e39945b6ccf3f325d0e2e437567247c8d2514e2074ebf4aa120aacffb2c0d1c9505c51453', '1981-02-27', 2, 0, '0', '0', '07966978383', 0, 0, 0, 0, 0, 0, 0, NULL, '', NULL, NULL, NULL, NULL, NULL, 1, 0, 0, 0, '0000-00-00 00:00:00', '0000-00-00 00:00:00'),
(398, 'Renaud', 'Theuillon', 'tbitn@hotmail.com', '7b93853416840c3d43383b4790a867869c6c2377ade782f5a9908c7ee6ff5d58ee5a0a5b09efe8a4eb991e3af63195a5f3f6ba2b1e09855069f326580f55291a', '1981-02-27', 2, 0, '0', '0', '07966978383', 0, 0, 0, 0, 0, 0, 0, NULL, '', NULL, NULL, NULL, NULL, NULL, 1, 0, 0, 0, '0000-00-00 00:00:00', '0000-00-00 00:00:00'),
(399, 'Renaud', 'Theuillon', 'czvmq@hotmail.com', '94c079f1df171be7b97e29d1d77cc36d9af1270c70bed4d86a067620ee1ef59b75ca95374c082dd73548bb15b9b93de3a5716337aa7a1c4a4ae3f2bd8abc4628', '1981-02-27', 2, 0, '0', '0', '07966978383', 0, 0, 0, 0, 0, 0, 0, NULL, NULL, NULL, NULL, NULL, NULL, NULL, 0, 0, 0, 0, '0000-00-00 00:00:00', '0000-00-00 00:00:00'),
(400, 'Renaud', 'Theuillon', 'jeidl@hotmail.com', '3347c4ab23633b4e46aacd747b0adcd5db0d855b3fbb6bf0ba6259b923c5e221b177606097e237f352d6fb0906099050c0a2ea716c2e3fbe04606e231c945ae9', '1981-02-27', 2, 0, '0', '0', '07966978383', 0, 0, 0, 0, 0, 0, 0, NULL, '', NULL, NULL, NULL, NULL, NULL, 1, 0, 0, 0, '0000-00-00 00:00:00', '0000-00-00 00:00:00'),
(401, 'Renaud', 'Theuillon', 'apaet@hotmail.com', '49ae1816f580f7a77a58c5c692261859473b0684cf05c45845c479ba1d2b216e08ea70cc7a159f802e108a08694bf11a66fb9e896572cbc9cb0e6aa2502e8779', '1981-02-27', 2, 0, '0', '0', '07966978383', 0, 0, 0, 0, 0, 0, 0, NULL, '', NULL, NULL, NULL, NULL, NULL, 0, 0, 0, 0, '0000-00-00 00:00:00', '0000-00-00 00:00:00'),
(402, 'Renaud', 'Theuillon', 'pezsu@hotmail.com', 'd8f6964a776c6073a6f25cb1b99fb0fff4c59198e5bfd0e9fc43474471d5d30e582816c1842b4c4fb444b427c43ca54c28f05740ccb8a6558903ab2b7c0fe1d1', '1981-02-27', 2, 0, '0', '0', '07966978383', 0, 0, 0, 0, 0, 0, 0, NULL, NULL, NULL, NULL, NULL, NULL, NULL, 0, 0, 0, 0, '0000-00-00 00:00:00', '0000-00-00 00:00:00'),
(403, 'Renaud', 'Theuillon', 'edadg@hotmail.com', 'd5f3f444a953e7a7d46b6784efc9d0fa2c9ac63865099b909379ab537a490fc5996996fa01bb5e55e4119f99f3b06ee6ef0bade260abbbec4b7d568307656221', '1981-02-27', 2, 0, '0', '0', '07966978383', 0, 0, 0, 0, 0, 0, 0, NULL, NULL, NULL, NULL, NULL, NULL, NULL, 0, 0, 0, 0, '0000-00-00 00:00:00', '0000-00-00 00:00:00'),
(404, 'Renaud', 'Theuillon', 'kizdf@hotmail.com', '456fe7f2bf2b4e822f894221f13d19348a59d80a2f06cd85eebac38be522620dff4f2f4b00d7fd7023dd253fedba7554ea9f2d2a7169ebf64654a1a5f0aa1d40', '1981-02-27', 2, 0, '0', '0', '07966978383', 0, 0, 0, 0, 0, 0, 0, NULL, NULL, NULL, NULL, NULL, NULL, NULL, 0, 0, 0, 0, '0000-00-00 00:00:00', '0000-00-00 00:00:00'),
(405, 'Renaud', 'Theuillon', 'whmnw@hotmail.com', '183177cb0ba9a4fe2eca43ff218d7660aa1ce1b2b49d7079421f016f3e83ae2036f28d9477100cb669b7b3b1b4f4356fca509710720dd0b6c423ef32352c3dd5', '1981-02-27', 2, 0, '0', '0', '07966978383', 0, 0, 0, 0, 0, 0, 0, NULL, NULL, NULL, NULL, NULL, NULL, NULL, 0, 0, 0, 0, '0000-00-00 00:00:00', '0000-00-00 00:00:00'),
(406, 'Renaud', 'Theuillon', 'sdhzy@hotmail.com', 'e15c98073a543be3ec675a286d5ec54ffea667a65291ae24299962f72b2ecb9eba658276dc56b436c8756d466af624e9695294924f366353c83211c07656e29b', '1981-02-27', 2, 0, '0', '0', '07966978383', 0, 0, 0, 0, 0, 0, 0, NULL, NULL, NULL, NULL, NULL, NULL, NULL, 0, 0, 0, 0, '0000-00-00 00:00:00', '0000-00-00 00:00:00'),
(407, 'Renaud', 'Theuillon', 'deuxf@hotmail.com', 'cb52e22c2ebd55c34a77778c211c11e5c9edf82a7300a9a40d23db66924fafc3b4807ac6353b77dd2bc0b1c80bdac88e0dfc93920b2814842b083dbda49d7d11', '1981-02-27', 2, 0, '0', '0', '07966978383', 0, 0, 0, 0, 0, 0, 0, NULL, NULL, NULL, NULL, NULL, NULL, NULL, 0, 0, 0, 0, '0000-00-00 00:00:00', '0000-00-00 00:00:00'),
(408, 'Renaud', 'Theuillon', 'ipyxo@hotmail.com', '39c534ca6ff5c053dd22e590fea2b9c50b7f4308f791b99fd500f38b2148566d4db7f833837b2bc745438b281131f1cc6f15bc393da198546d03d3d51dd3b4cd', '1981-02-27', 2, 0, '0', '0', '07966978383', 0, 0, 0, 0, 0, 0, 0, NULL, NULL, NULL, NULL, NULL, NULL, NULL, 0, 0, 0, 0, '0000-00-00 00:00:00', '0000-00-00 00:00:00'),
(409, 'Renaud', 'Theuillon', 'asmvk@hotmail.com', 'e10479a38489e889d9ea81fb8847b4c9c15264e3cbe8370c2c235184c3c36c0d370e121323770da4fc9898e7eae2409d478f0cd6f2a7d3fc8fe383c1f7bef57d', '1981-02-27', 2, 0, '0', '0', '07966978383', 0, 0, 0, 0, 0, 0, 0, NULL, '', NULL, NULL, NULL, NULL, NULL, 0, 0, 0, 0, '0000-00-00 00:00:00', '0000-00-00 00:00:00'),
(410, 'Renaud', 'Theuillon', 'abait@hotmail.com', 'bb3fd05d7df4134f73cb650b21f6ab492bf00743f8f3b61461ca815b2fecf06428934a029094ba2811e3e8a6c46945d9c03195b37d69d71e271b9af819fe00e1', '1981-02-27', 2, 0, '0', '0', '07966978383', 0, 0, 0, 0, 0, 0, 0, NULL, NULL, NULL, NULL, NULL, NULL, NULL, 0, 0, 0, 0, '0000-00-00 00:00:00', '0000-00-00 00:00:00'),
(411, 'Renaud', 'Theuillon', 'cxmtt@hotmail.com', '6d5383f7642ca6b01ddc1c00a5d4476de43b42117d226f7709546b9ac502c438bf9ae4e74f6db12d5b23fdd1029e5c4bae2566bdfcb83aec981b3b9b10eff2b8', '1981-02-27', 2, 0, '0', '0', '07966978383', 0, 0, 0, 0, 0, 0, 0, NULL, NULL, NULL, NULL, NULL, NULL, NULL, 0, 0, 0, 0, '0000-00-00 00:00:00', '0000-00-00 00:00:00'),
(412, 'Renaud', 'Theuillon', 'nqjbt@hotmail.com', '5231ba71bf8c2e8369d22d33755c254c23de57cbf1712ddb293fc1b349cfccc6cf1acce6ba842e7209d716ecf02781e5989274edfc45780d7e54c0d3b7d49942', '1981-02-27', 2, 0, '0', '0', '07966978383', 0, 0, 0, 0, 0, 0, 0, NULL, NULL, NULL, NULL, NULL, NULL, NULL, 0, 0, 0, 0, '0000-00-00 00:00:00', '0000-00-00 00:00:00'),
(413, 'Renaud', 'Theuillon', 'jhher@hotmail.com', '0c0f12812c8b0a36c67001fc759e82eb11019e9bdf881fcf143f843eb9bf9010cb69fa8e277c4aa5d742345e250f1e5020484175b2a25fdbf32868297665d54c', '1981-02-27', 2, 0, '0', '0', '07966978383', 0, 0, 0, 0, 0, 0, 0, NULL, NULL, NULL, NULL, NULL, NULL, NULL, 0, 0, 0, 0, '0000-00-00 00:00:00', '0000-00-00 00:00:00'),
(414, 'Renaud', 'Theuillon', 'tibpf@hotmail.com', '6dd71d627f4a3cee710adcb15f62e6cbbe1bb7b97691acba6d16bd853fc59658b2d411ac69a637f48d3e85ef21170714a40639efbf86a65fc6029d52b1f7f001', '1981-02-27', 2, 0, '0', '0', '07966978383', 0, 0, 0, 0, 0, 0, 0, NULL, NULL, NULL, NULL, NULL, NULL, NULL, 0, 0, 0, 0, '0000-00-00 00:00:00', '0000-00-00 00:00:00'),
(415, 'Renaud', 'Theuillon', 'ohxel@hotmail.com', 'b0721c7be755584d4d9fa05225b904f3867d0891db20cfcb9b9cc720dfad7166b30332b8e49246076e189b91931b3eb13212e2e8b4e2aa41da66bbfd30309a60', '1981-02-27', 2, 0, '0', '0', '07966978383', 0, 0, 0, 0, 0, 0, 0, NULL, NULL, NULL, NULL, NULL, NULL, NULL, 0, 0, 0, 0, '0000-00-00 00:00:00', '0000-00-00 00:00:00'),
(416, 'Renaud', 'Theuillon', 'ttoad@hotmail.com', '27fa85fcf25e4ef4a892c5f4a72f2ec43da268afc792746026a415cfd7674d13fdb77138b23ddaf10efd5913808ba0654f3b4179ad5308b3fae69473c627ed23', '1981-02-27', 2, 0, '0', '0', '07966978383', 0, 0, 0, 0, 0, 0, 0, NULL, '', NULL, NULL, NULL, NULL, NULL, 1, 0, 0, 0, '0000-00-00 00:00:00', '0000-00-00 00:00:00'),
(417, 'Renaud', 'Theuillon', 'rvcte@hotmail.com', 'a9c11934f6bc972b6bc0c1be8ff8bcfb5231ab189cc600548bd80c2d71b2c8a6ed484db7f72b99db592b82b1a2fc0984251c5f416d5da3168c6327a472112161', '1981-02-27', 2, 0, '0', '0', '07966978383', 0, 0, 0, 0, 0, 0, 0, NULL, '', NULL, NULL, NULL, NULL, NULL, 1, 0, 0, 0, '0000-00-00 00:00:00', '0000-00-00 00:00:00'),
(418, 'Renaud', 'Theuillon', 'acgvg@hotmail.com', 'f43af97d28207ccecaa2af9755e949da2aec4fc079734a5ab7b5fb0c38a6157e56c7e089e1aeb1d75c9c9d4e5a3aabf843c12ddbdc2bd3e424ad38ad45554a76', '1981-02-27', 2, 0, '0', '0', '07966978383', 0, 0, 0, 0, 0, 0, 0, NULL, '', NULL, NULL, NULL, NULL, NULL, 1, 0, 0, 0, '0000-00-00 00:00:00', '0000-00-00 00:00:00'),
(419, 'Renaud', 'Theuillon', 'mwosy@hotmail.com', 'dea1e06d22577c430fd516e906f9a747ed7ef182a0ed7c8c559a83351b28ec70c93ad0f990232ffef285f087938c9d98e8954fdec509998dda3a0671255b7e91', '1981-02-27', 2, 0, '0', '0', '07966978383', 0, 0, 0, 0, 0, 0, 0, NULL, '', NULL, NULL, NULL, NULL, NULL, 1, 0, 0, 0, '0000-00-00 00:00:00', '0000-00-00 00:00:00'),
(420, 'Renaud', 'Theuillon', 'pbmen@hotmail.com', '798a1a895539e48d1d9ffa5956ff7c3029e44a0bd13cb75cb9d73c43829d8f81c3e3e88d3b4c33ec514fd31a8afd9f728d5931b20396a68c94bd44785562332e', '1981-02-27', 2, 0, '0', '0', '07966978383', 0, 0, 0, 0, 0, 0, 0, NULL, '', NULL, NULL, NULL, NULL, NULL, 1, 0, 0, 0, '0000-00-00 00:00:00', '0000-00-00 00:00:00'),
(421, 'Renaud', 'Theuillon', 'ieopa@hotmail.com', '870a12ab16d63dafaff53794937f3e355e0d29f64b2ae44f83ecb7d660b6e657c562025d8ec004e57c9bcb7b8af1dd7732be2a23657c2d8d13cb3576e50f88e4', '1981-02-27', 2, 0, '0', '0', '07966978383', 0, 0, 0, 0, 0, 0, 0, NULL, NULL, NULL, NULL, NULL, NULL, NULL, 0, 0, 0, 0, '0000-00-00 00:00:00', '0000-00-00 00:00:00'),
(422, 'Renaud', 'Theuillon', 'jujmy@hotmail.com', '73f6f56cf20ebb6a31d4d3c5de4374aa428af3550af5d339874e39139d32d7776e205a60431b0fec1daab0d1670f5414d7a0490158c35c410fd9b80a46b1953a', '1981-02-27', 2, 0, '0', '0', '07966978383', 0, 0, 0, 0, 0, 0, 0, NULL, '', NULL, NULL, NULL, NULL, NULL, 1, 0, 0, 0, '0000-00-00 00:00:00', '0000-00-00 00:00:00'),
(423, 'Renaud', 'Theuillon', 'qnmyq@hotmail.com', '9ae1ddb49aea240e1f319066b5171c6678140eeb8d0455221c4ee670218ffd8e73144ead510dc38fdbb38d1a9dd9a6593b831bedfdc93e1979a8d63089e5b837', '1981-02-27', 2, 0, '0', '0', '07966978383', 0, 0, 0, 0, 0, 0, 0, NULL, NULL, NULL, NULL, NULL, NULL, NULL, 0, 0, 0, 0, '0000-00-00 00:00:00', '0000-00-00 00:00:00'),
(424, 'Renaud', 'Theuillon', 'jxjek@hotmail.com', '2a4d73a5e962d6fce0ebc3516533456ae4a118742d949d57e7742aad68d5ef36f6ca207fdbe064518026ac4563ec54ded6cd17b0ca00f839e349969e56df20cc', '1981-02-27', 2, 0, '0', '0', '07966978383', 0, 0, 0, 0, 0, 0, 0, NULL, 'sadasdsadd', NULL, NULL, NULL, NULL, NULL, 1, 0, 0, 0, '0000-00-00 00:00:00', '0000-00-00 00:00:00'),
(425, 'Renaud', 'Theuillon', 'oyeia@hotmail.com', '08d541cca14aa26ffdf18ce7119b2766543282bd2b0597b66876e1f9027e5cd88de8e3f46a8dd47f3cbd32216ccf32ca807088dc41194cfa4384eeb104b5a424', '1981-02-27', 2, 0, '0', '0', '07966978383', 0, 0, 0, 0, 0, 0, 0, NULL, NULL, NULL, NULL, NULL, NULL, NULL, 0, 0, 0, 0, '0000-00-00 00:00:00', '0000-00-00 00:00:00'),
(426, 'Renaud', 'Theuillon', 'uhbip@hotmail.com', '4a16d9f50048468967bf8e98e22471753f39451a69b1149d69cac5a2a4e1f239d7098449521ea1543c791f3f78f17a394f8869800630d124aa25549db97d6955', '1981-02-27', 2, 0, '0', '0', '07966978383', 0, 0, 0, 0, 0, 0, 0, NULL, NULL, NULL, NULL, NULL, NULL, NULL, 0, 0, 0, 0, '0000-00-00 00:00:00', '0000-00-00 00:00:00'),
(427, 'Renaud', 'Theuillon', 'dddur@hotmail.com', '632cfe41db2a61eeb248833ef395691ddcec5680fc7a832a0e9a7c4e1e63801e24e941045362d88ed5ef3d16c48dbcf59e1435bb5b39170900b9eec975f5867d', '1981-02-27', 2, 0, '0', '0', '07966978383', 0, 0, 0, 0, 0, 0, 0, NULL, NULL, NULL, NULL, NULL, NULL, NULL, 0, 0, 0, 0, '0000-00-00 00:00:00', '0000-00-00 00:00:00'),
(428, 'Renaud', 'Theuillon', 'eeojl@hotmail.com', '3a32b62364a2aceba4c7b222913acdd3b14bb91c8e882490c62364359c4b20f36605ad4b3843b9e588374e8b46c1f9a42c4b3739216b2c3cbd745897446dd7fa', '1981-02-27', 2, 0, '0', '0', '07966978383', 0, 0, 0, 0, 0, 0, 0, NULL, NULL, NULL, NULL, NULL, NULL, NULL, 0, 0, 0, 0, '0000-00-00 00:00:00', '0000-00-00 00:00:00'),
(429, 'Renaud', 'Theuillon', 'clmpm@hotmail.com', 'e91fd8513ad79b6335916d4bd125bc3d5c217936799b1e17925561e1297ee2e3587ebc90bf6ed8b18ffed84fc7d5f1b7164615d39a3ecc09bab1de178ad4f582', '1981-02-27', 2, 0, '0', '0', '07966978383', 0, 0, 0, 0, 0, 0, 0, NULL, '', NULL, NULL, NULL, NULL, NULL, 1, 0, 0, 0, '0000-00-00 00:00:00', '0000-00-00 00:00:00'),
(430, 'Renaud', 'Theuillon', 'fqqqj@hotmail.com', '30ad30af5dfacdc8ca14f71cb7b6b47570b91d75b480486b768c18ad0b82e3531871f77c6a911cf56ce4b32c9eb7c70e6cdc3035d47b0af063cf6d22d648ecf6', '1981-02-27', 2, 0, '0', '0', '07966978383', 0, 0, 0, 0, 0, 0, 0, NULL, '', NULL, NULL, NULL, NULL, NULL, 1, 0, 0, 0, '0000-00-00 00:00:00', '0000-00-00 00:00:00'),
(431, 'Renaud', 'Theuillon', 'hhcef@hotmail.com', '426ba395ce1e5680b991b66be5695780e1b5a5e6b05859e9550f46c7aaa3695bfc7d79e17d05e95a569c1c8c32e9709308b3a256521fea53caee331f49184766', '1981-02-27', 2, 0, '0', '0', '07966978383', 0, 0, 0, 0, 0, 0, 0, NULL, '', NULL, NULL, NULL, NULL, NULL, 1, 0, 0, 0, '0000-00-00 00:00:00', '0000-00-00 00:00:00'),
(432, 'Renaud', 'Theuillon', 'yslpw@hotmail.com', 'df93e0be4aac1d154669bca2ca70c56e594c38b3c638f7aeb7e3fe857ba56f98e0730a1a9468abaffe87001e44e08f80b8e4fe2f3b1dcd3f2dca2995b1895bda', '1981-02-27', 2, 0, '0', '0', '07966978383', 0, 0, 0, 0, 0, 0, 0, NULL, '', NULL, NULL, NULL, NULL, NULL, 1, 0, 0, 0, '0000-00-00 00:00:00', '0000-00-00 00:00:00'),
(433, 'Renaud', 'Theuillon', 'vkqht@hotmail.com', '8fec306d2b98a56c149d0c0735e13030b3e1475a0d1691276a7961c0bec1c78454fc999c66b95dbdcc9d52295f5054c10bf4a8384970c32a49197c32bd88d517', '1981-02-27', 2, 0, '0', '0', '07966978383', 0, 0, 0, 0, 0, 0, 0, NULL, '', NULL, NULL, NULL, NULL, NULL, 1, 0, 0, 0, '0000-00-00 00:00:00', '0000-00-00 00:00:00'),
(434, 'Renaud', 'Theuillon', 'odguy@hotmail.com', '8615693d1436b800ffc40e374f0e1096acf890041adeae2ab01c5e1f58d6f67b794513a9be103b8ef5af5ea53494204e46841a04d238fc20fff46679d7265015', '1981-02-27', 2, 0, '0', '0', '07966978383', 0, 0, 0, 0, 0, 0, 0, NULL, '', NULL, NULL, NULL, NULL, NULL, 1, 0, 0, 0, '0000-00-00 00:00:00', '0000-00-00 00:00:00'),
(435, 'Renaud', 'Theuillon', 'scylo@hotmail.com', '1d7c1489d89f229155cbc767d489078617866c48e2013d90f3822fbd76bba66b1ba0e19910e8d6f23770564a63644d6cd056614b9c2089cf0b062bee71e40bfa', '1981-02-27', 2, 0, '0', '0', '07966978383', 0, 0, 0, 0, 0, 0, 0, NULL, '', NULL, NULL, NULL, NULL, NULL, 1, 0, 0, 0, '0000-00-00 00:00:00', '0000-00-00 00:00:00'),
(436, 'Renaud', 'Theuillon', 'lgdrl@hotmail.com', 'e741503454493b7af02bd1bd7f94e73b683e2387475c760d521fa1edb73e34668894fa7e138ba70e05f7a571c2f7df7d7f7fcc2040157b62e794887485fa699a', '1981-02-27', 2, 0, '0', '0', '07966978383', 0, 0, 0, 0, 0, 0, 0, NULL, '', NULL, NULL, NULL, NULL, NULL, 1, 0, 0, 0, '0000-00-00 00:00:00', '0000-00-00 00:00:00'),
(437, 'Renaud', 'Theuillon', 'hfqgr@hotmail.com', '82377b7cc66da812d9a7c658fff1eb791ac93e0ba484ee640df1811b40f2a2924576263a12e0cd0232db826b23c018aea224ed90f050f4d0cc3a14b9c8d3b7c7', '1981-02-27', 2, 0, '0', '0', '07966978383', 0, 0, 0, 0, 0, 0, 0, NULL, '', NULL, NULL, NULL, NULL, NULL, 1, 0, 0, 0, '0000-00-00 00:00:00', '0000-00-00 00:00:00'),
(438, 'Renaud', 'Theuillon', 'mkwdv@hotmail.com', 'b5b1c356679d410adbf9908f51270f4e0e29195377443d9f078bfd1a8d2d90963e3bccc62a0dd8ae26914f80219b1ee4acefdbc3387cfba015a92f17bc8c4657', '1981-02-27', 2, 0, '0', '0', '07966978383', 0, 0, 0, 0, 0, 0, 0, NULL, '', NULL, NULL, NULL, NULL, NULL, 1, 0, 0, 0, '0000-00-00 00:00:00', '0000-00-00 00:00:00'),
(439, 'Renaud', 'Theuillon', 'hptke@hotmail.com', '458dc9912f1f328af7b3396ff9c056f73f5e9152d499c5e423494c4b7f5785490f320cd219fc45bd4e95e348889f9888d988ceb0186bafc8d9c5780a6e92672e', '1981-02-27', 2, 0, '0', '0', '07966978383', 0, 0, 0, 0, 0, 0, 0, NULL, NULL, NULL, NULL, NULL, NULL, NULL, 0, 0, 0, 0, '0000-00-00 00:00:00', '0000-00-00 00:00:00'),
(440, 'Renaud', 'Theuillon', 'felhz@hotmail.com', '934429e2c678772ec6c3ea977a8c5eae2671c1fda8525dc042fb7e233e45149365cbe367a637e998b202b42cfb9a34ebe0c50c974205e216798eb4138e0c68fd', '1981-02-27', 2, 0, '0', '0', '07966978383', 0, 0, 0, 0, 0, 0, 0, NULL, NULL, NULL, NULL, NULL, NULL, NULL, 0, 0, 0, 0, '0000-00-00 00:00:00', '0000-00-00 00:00:00'),
(441, 'Renaud', 'Theuillon', 'wejme@hotmail.com', '434af45bd3b6d61dbe8c10540007193459f56fb0f80b62ef441a9a6b604e164f96827b38675d230c1c893482596097ff80c0fb1378aa3d217b88ee0758a042a3', '1981-02-27', 2, 0, '0', '0', '07966978383', 0, 0, 0, 0, 0, 0, 0, NULL, '', NULL, NULL, NULL, NULL, NULL, 1, 0, 0, 0, '0000-00-00 00:00:00', '0000-00-00 00:00:00'),
(442, 'Renaud', 'Theuillon', 'xvxdn@hotmail.com', '97894f66325f77fe74af310fc8be373a310f2d7c59f0231079555c3f9ea70b6a24e583e6aa2737e3608e23c26e4929517f65ae24f884d06198241a37d769f089', '1981-02-27', 2, 0, '0', '0', '07966978383', 0, 0, 0, 0, 0, 0, 0, NULL, '', NULL, NULL, NULL, NULL, NULL, 1, 0, 0, 0, '0000-00-00 00:00:00', '0000-00-00 00:00:00'),
(443, 'Renaud', 'Theuillon', 'nelvs@hotmail.com', '85397938ad348cc428a6d5b5229560e7c18ac1a0d4c7a163d2e4c4c8d79323e70f1dc35109d142be1ca5fb3e8d09b5cb777fe16b9435933bf9742a8d08ea2935', '1981-02-27', 2, 0, '0', '0', '07966978383', 0, 0, 0, 0, 0, 0, 0, NULL, '', NULL, NULL, NULL, NULL, NULL, 1, 0, 0, 0, '0000-00-00 00:00:00', '0000-00-00 00:00:00'),
(444, 'Renaud', 'Theuillon', 'xfzam@hotmail.com', 'aa822c6385f2a8109ef8764dd0cbfb2bfdfafca14a5537e1314a1eaee65dbb1640305e2995ebcf8fb2d8cba8698d6e191b907bd0e24b9b6fd87968bd4fcc8876', '1981-02-27', 2, 0, '0', '0', '07966978383', 1, 0, 0, 0, 0, 0, 0, NULL, '', NULL, NULL, NULL, NULL, NULL, 1, 0, 0, 0, '0000-00-00 00:00:00', '0000-00-00 00:00:00'),
(445, 'Renaud', 'Theuillon', 'edbal@hotmail.com', 'c6f73d96b219387ef0f14f5227ebe45de557b4cfaeef9c1adbc03c58b7a031f5c581a1c7f40e9954f2dd81c7066279e851ca9dda0f84a774a05642c2ef3839a8', '1981-02-27', 2, 0, '0', '0', '07966978383', 0, 0, 0, 0, 0, 0, 0, NULL, NULL, NULL, NULL, NULL, NULL, NULL, 0, 0, 0, 0, '0000-00-00 00:00:00', '0000-00-00 00:00:00'),
(446, 'Renaud', 'Theuillon', 'gqmag@hotmail.com', '7b740e5e4d0dd3dab13f5f0cd28a1fd5e879a97d2aa0f581c225ee83c15df805a2f12f07a20be234d1dd40f3997ca3e35abb302d401e5790aca950e316901fdf', '1981-02-27', 2, 0, '0', '0', '07966978383', 0, 0, 0, 0, 0, 0, 0, NULL, NULL, NULL, NULL, NULL, NULL, NULL, 0, 0, 0, 0, '0000-00-00 00:00:00', '0000-00-00 00:00:00'),
(447, 'Renaud', 'Theuillon', 'quhcv@hotmail.com', '2671c9b789cb6d97776566d3132c6c7873ed61d91fc463e6edda2ef4fe72f32f9dae5cc57f68aa32e00784acd608f2187d5e9907d4a482b38e534dd9021d935c', '1981-02-27', 2, 0, '0', '0', '07966978383', 0, 0, 0, 0, 0, 0, 0, NULL, '', NULL, NULL, NULL, NULL, NULL, 1, 0, 0, 0, '0000-00-00 00:00:00', '0000-00-00 00:00:00'),
(448, 'Renaud', 'Theuillon', 'hluua@hotmail.com', '3326e57e43a432b8a101502843cbdc5a15c5d93d5e9b19e285052bb648ede59f347681af439eb1ef1d21048046a5ca4e6999749d8238e5cd14cc270abf9c2577', '1981-02-27', 2, 0, '0', '0', '07966978383', 0, 0, 0, 0, 0, 0, 0, NULL, NULL, NULL, NULL, NULL, NULL, NULL, 0, 1, 0, 0, '0000-00-00 00:00:00', '0000-00-00 00:00:00'),
(449, 'Renaud', 'Theuillon', 'xwryx@hotmail.com', '340a24f1c767327553f438376f9c2dc51be0b174194236a9abbe5e310b22b94b4ac5a5a9ba3d275cc796bf9d80c8fac2db24787a17348015fd56ee666c869565', '1981-02-27', 2, 0, '0', '0', '07966978383', 0, 0, 0, 0, 0, 0, 0, NULL, NULL, NULL, NULL, NULL, NULL, NULL, 0, 1, 0, 0, '0000-00-00 00:00:00', '0000-00-00 00:00:00'),
(450, 'Renaud', 'Theuillon', 'hsvzv@hotmail.com', 'c072f729db155cafbfea7b694996490f1f9093e5ac75a7f5c8671b607148f19957bd65a68d90c22a6d6cc66d79ad1bbf3495d70967db58ee43d9c3855d7d159c', '1981-02-27', 2, 0, '0', '0', '07966978383', 0, 0, 0, 0, 0, 0, 0, NULL, NULL, NULL, NULL, NULL, NULL, NULL, 0, 1, 0, 0, '0000-00-00 00:00:00', '0000-00-00 00:00:00'),
(451, 'Renaud', 'Theuillon', 'xafod@hotmail.com', '002a3723622adccda0c5d2bae507732fcdd0695ba02f309caf1a56f9d8a4f49676240c1308fce19d0979ef7a6f8ffdcae93dc987f2449923c3c7a1988b744715', '1981-02-27', 2, 0, '0', '0', '07966978383', 0, 0, 0, 0, 0, 0, 0, NULL, NULL, NULL, NULL, NULL, NULL, NULL, 0, 1, 0, 0, '0000-00-00 00:00:00', '0000-00-00 00:00:00'),
(452, 'Renaud2', 'Theuillon', 'cnacn@hotmail.com', '9ab59fbdc19ff74fe5dfd08c777e0f860889626edd99696cd9e72dbee40047a4d96334faddcda0e8630d7b6ee1b08a78a609789327dd78e08bcb0dfcb165c596', '1981-02-27', 2, 0, '0', '0', '07966978383', 0, 0, 0, 0, 0, 0, 0, NULL, '', NULL, NULL, NULL, NULL, NULL, 0, 1, 0, 0, '0000-00-00 00:00:00', '0000-00-00 00:00:00'),
(453, 'Renaud', 'Theuillon', 'cjtxz@hotmail.com', '086da57f0f67f24314af48203e5dafeb6e35aefd3e8558c396e014537ff3f84aa6d7b554d0b7d2e92cb2bff403b5cf7727bf71d5ab48c4391b9b510745751c6e', '1981-02-27', 2, 0, '0', '0', '07966978383', 0, 0, 0, 0, 0, 0, 0, NULL, NULL, NULL, NULL, NULL, NULL, NULL, 0, 1, 0, 0, '0000-00-00 00:00:00', '0000-00-00 00:00:00'),
(454, 'Renaud', 'Theuillon', 'cfmej@hotmail.com', 'cdf43ce3afe97f47148638c68874b4cc97586872e0345a144d5b36fc3765d05a0e517bbcbc21b51401aa6fce19994e6ef43e9764edfbb44a7a8f58c84dd1d35f', '1981-02-27', 2, 0, '0', '0', '07966978383', 0, 0, 0, 0, 0, 0, 0, NULL, '', NULL, NULL, NULL, NULL, NULL, 0, 1, 0, 0, '0000-00-00 00:00:00', '0000-00-00 00:00:00'),
(455, 'Renaud', 'Theuillon', 'ikgwy@hotmail.com', '253f47f1365e2c30d4daf50f0e3339cd1ab15fe914b32fa1d7c7f0a0ce4438b745ff3ead6924d621f2c1ef60f4d9a01a3c8dc4cd1e4d0ea31022a1e7aa1e4f73', '1981-02-27', 2, 0, '0', '0', '07966978383', 0, 0, 0, 0, 0, 0, 0, NULL, '', NULL, NULL, NULL, NULL, NULL, 0, 1, 0, 0, '0000-00-00 00:00:00', '0000-00-00 00:00:00'),
(456, 'Renaud', 'Theuillon', 'rzqfl@hotmail.com', '81e95ea41f225e086bdd322e0b7b33b3ccd1211648170d47ae37637dc4bbdada799c417467eb4f51ab65e52a0cd12d2feb1c6540b11bdac71699e623a50041df', '1981-02-27', 2, 0, '0', '0', '07966978383', 0, 0, 0, 1, 0, 0, 0, NULL, '', NULL, NULL, NULL, NULL, NULL, 0, 1, 0, 0, '0000-00-00 00:00:00', '0000-00-00 00:00:00'),
(457, 'Renaud', 'Theuillon', 'rzqfl@hotmail.coms', '94eca9e1d0876b24da20b7e70aa2e061d1a121f72d7fbd60669af17a996e9ae31245c24a15b308cb09bdc7e40c81c09bacf99b6b3bc01f215ae7c0b04f3d54de', '1981-02-27', 2, 0, '0', '0', '07966978383', 0, 0, 0, 1, 0, 0, 0, NULL, '', NULL, NULL, NULL, NULL, NULL, 0, 1, 0, 0, '0000-00-00 00:00:00', '0000-00-00 00:00:00'),
(458, 'Renaud', 'Theuillon', 'ynipu@hotmail.com', '6ab26af2ff19a05947457b31d1704d9a7962e74cc1a7019f09421abef3ba9b89a850fbc5a0ca66e8c739e267242007e6b1e7adee51ba42c4ef071eae31757e1b', '1981-02-27', 2, 2, '0', '0', '07966978383', 2, 2, 1, 1, 0, 0, 0, NULL, '', NULL, NULL, NULL, NULL, NULL, 0, 1, 0, 0, '0000-00-00 00:00:00', '0000-00-00 00:00:00'),
(459, 'Renaud', 'Theuillon', 'lcdqn@hotmail.com', '7794465009b7245cee85182916641a5c1a32390faa2a727db169aa6b694e466497e0d7d96972b8d9f3dd26d86affe286d97d59c10901c982dd150ba13e427484', '1981-02-27', 2, 1, '0', '0', '07966978383', 2, 2, 0, 1, 0, 0, 0, NULL, '', NULL, NULL, NULL, NULL, NULL, 0, 1, 0, 0, '0000-00-00 00:00:00', '0000-00-00 00:00:00'),
(460, 'Renaud', 'Theuillon', 'ooksj@hotmail.com', '6632ad52391075d2aa8c0571c9e27fd6b632657d2cb7682e36a5e393db059789ea46106121b80193d71d0f555a1ca07b471aa329017f29c04f93a231cb9a4a7d', '1981-02-27', 2, 2, '0', '0', '07966978383', 2, 2, 2, 1, 0, 0, 0, NULL, '', NULL, NULL, NULL, NULL, NULL, 0, 1, 0, 0, '0000-00-00 00:00:00', '0000-00-00 00:00:00');
REPLACE INTO `tbl_carer` (`id`, `first_name`, `last_name`, `email_address`, `password`, `date_birth`, `gender`, `hourly_work`, `nationality`, `country_birth`, `mobile_phone`, `live_in`, `live_in_work_radius`, `hourly_work_radius`, `work_with_male`, `work_with_female`, `driving_licence`, `car_owner`, `motivation_text`, `personal_text`, `dh_rating`, `balance`, `sort_code`, `account_number`, `last_login_date`, `wizard_completed`, `terms_conditions`, `motivation_text_status`, `personal_text_status`, `created`, `modified`) VALUES
(461, 'Renaud', 'Theuillon', 'ukkgu@hotmail.com', 'e09d38b413092196811d04f3a371d3e7abed27c1ad12a44e5088ccd47af8e73a5da3ceaeac64417fc04932038cd5ec4c17fde16047beb35d62f303679da123c7', '1981-02-27', 2, 2, '0', '0', '07966978383', 1, 0, 2, 1, 0, 0, 0, NULL, '', NULL, NULL, NULL, NULL, NULL, 0, 1, 0, 0, '0000-00-00 00:00:00', '0000-00-00 00:00:00'),
(462, 'Renaud', 'Theuillon', 'cnyde@hotmail.com', 'bf165c8e601fbf33bc12fa0fe05734b7f87386afbcc533457869d96af0c0a393f5c0b7920f6c59f1282bd4157220b3276faaa7a78a7f2c9a20eddd8f3b4e67ee', '1981-02-27', 2, 2, '0', '0', '07966978383', 1, 0, 2, 1, 0, 0, 0, 'TEst', 'Test2', NULL, NULL, NULL, NULL, NULL, 1, 1, 0, 0, '0000-00-00 00:00:00', '0000-00-00 00:00:00'),
(463, 'Renaud', 'Theuillon', 'jceny@hotmail.com', 'cb159e18bc7ceee7e30d6e0d9e05a9fb549a090839e72e68f87880dfdd0fbbfad6d5bd6fa2dfd98754ca04f1e55c68347cff5870b814c1cf12b9a5263e00e10c', '1981-02-27', 2, 1, '0', '0', '07966978383', 2, 2, 0, 1, 0, 0, 0, 'Test', 'Test2', NULL, NULL, NULL, NULL, NULL, 1, 1, 0, 0, '0000-00-00 00:00:00', '0000-00-00 00:00:00'),
(464, 'Renaud', 'Theuillon', 'rtzgv@hotmail.com', '320b37af60d7a2a8b78b75a01b7ccb0dbd0dd1e4ad6143e53e443f9bc1b47a91bd1875e0e46df60d9bed39c278dc3f354a2670ab7a60baf9f38e79986c581837', '1981-02-27', 2, 1, '0', '0', '07966978383', 2, 2, 0, 1, 0, 0, 0, 'dadasdas', '', NULL, NULL, NULL, NULL, NULL, 1, 1, 1, 0, '0000-00-00 00:00:00', '0000-00-00 00:00:00'),
(465, 'Renaud', 'Theuillon', 'ffadj@hotmail.com', '5706969503f99b50b587e59fff1c8b824f998f215255da89fbb7bde994b5f9ff871949a7ae06e2c21252167ad99aa6f34f23655955dcfc209fd9c7d794e9b1b7', '1981-02-27', 2, 1, '0', '0', '07966978383', 2, 2, 0, 1, 0, 0, 0, 'I love my job', 'Je suis une bonasse', NULL, NULL, NULL, NULL, NULL, 1, 1, 1, 1, '0000-00-00 00:00:00', '0000-00-00 00:00:00'),
(466, 'Renaud', 'Theuillon', 'qxfpt@hotmail.com', 'd0efd5f456a1cae0c38f0561d352f2bc4bd056e476414f654f5956cdbdb65c636a59d6a7ec65febef06c3d363833ebc20ae7d47bf9f69f91b8e313ccd78145da', '1981-02-27', 2, 0, '0', '0', '07966978383', 0, 0, 0, 0, 0, 0, 0, NULL, NULL, NULL, NULL, NULL, NULL, NULL, 0, 1, 0, 0, '0000-00-00 00:00:00', '0000-00-00 00:00:00'),
(467, 'Renaud', 'Theuillon', 'kohvp@hotmail.com', '7b05f7806950a6bd15e3db2e6bff5955217c1755a30fa1531d4e91834e75c0181ac5924a51a27d5586a7d7691cf5ee77601432c43a89d87a6a913443fde18ed0', '1981-02-27', 2, 1, '0', '0', '07966978383', 2, 2, 0, 1, 0, 0, NULL, 'Test', 'Test2', NULL, NULL, NULL, NULL, NULL, 1, 1, 1, 1, '0000-00-00 00:00:00', '0000-00-00 00:00:00'),
(468, 'Renaud', 'Theuillon', 'fhdvr@hotmail.com', '0234872180db2c8ec8707805f915cabf9ea7ddbc9266d5bdfe88e59d69bcae8ac117ecb60f912eeb214a5660c49cba0c1d4cc52dd1ec9a722fc4c48c06bb39c0', '1981-02-27', 2, 1, '0', '0', '07966978383', 2, 2, 0, 1, 0, 0, NULL, '', '', NULL, NULL, NULL, NULL, NULL, 0, 1, 0, 0, '0000-00-00 00:00:00', '0000-00-00 00:00:00'),
(469, 'Renaud', 'Theuillon', 'lpcsu@hotmail.com', '37e35ef1b92e0fe7d0f4f2af3970375388645ff492dea5e72027644ce9ef6dbdf06c258afc6c4288bfc22858b67ea48ac09c2b6ffe3cf04266db518c55dd15fd', '1981-02-27', 1, 1, '0', '0', '07966978383', 2, 2, 0, 1, 1, 0, NULL, '', '', NULL, NULL, NULL, NULL, NULL, 1, 1, 0, 0, '0000-00-00 00:00:00', '0000-00-00 00:00:00'),
(470, 'Renaud', 'Theuillon', 'sddys@hotmail.com', '27860411d602f79561603d8c64d4ca6bc4be915e9cd49dd7a4c1b6543fd04a9cd1642777bb76b63b413b8489341c6bd8fbab48b42f76ef5910f1497b0366058d', '1981-02-27', 2, 1, '0', '0', '07966978383', 2, 2, 0, 1, 0, 0, 0, NULL, NULL, NULL, NULL, NULL, NULL, NULL, 0, 1, 0, 0, '0000-00-00 00:00:00', '0000-00-00 00:00:00'),
(471, 'Renaud', 'Theuillon', 'yfjwg@hotmail.com', '55aadde0a06c4e5efe9233a8bbcb62a30fcb5f528c0e2306369c9007144b5ca7f1ba054d2d12a6620fa0ebfe2d224754a8aaf4b954c48f27c3211098986af53e', '1981-02-27', 2, 1, '0', '0', '07966978383', 2, 2, 0, 1, 0, 0, 0, NULL, NULL, NULL, NULL, NULL, NULL, NULL, 0, 1, 0, 0, '0000-00-00 00:00:00', '0000-00-00 00:00:00'),
(472, 'Renaud', 'Theuillon', 'tjagj@hotmail.com', '0fee40bb2166467fdc737febb970c8d65ac9f93c4e5169054238f44a3238c82efe2ef997de7f8ce64030ee940c04fbb3c8c466b37c8c692a3734b7063fa5848d', '1981-02-27', 1, 1, '0', '0', '07966978383', 2, 2, 0, 1, 0, 0, NULL, '', '', NULL, NULL, NULL, NULL, NULL, 1, 1, 0, 0, '0000-00-00 00:00:00', '0000-00-00 00:00:00'),
(473, 'Renaud', 'Theuillon', 'czyad@hotmail.com', '3ef4fde78e606157d83469dc6fe753cee3957264be446442c5ab3fe6f8aa838b2623051ccf98884c3b3a6ce9a3d9fea45d3bed400293119d21867398a69ee44c', '1981-02-27', 2, 1, '0', '0', '07966978383', 2, 2, 0, 1, 0, 0, NULL, '', '', NULL, NULL, NULL, NULL, NULL, 1, 1, 0, 0, '0000-00-00 00:00:00', '0000-00-00 00:00:00'),
(474, 'Renaud', 'Theuillon', 'ehved@hotmail.com', '0854ac0499273a53ccb56235c2879d5da8250b856e52f503e9f3409d75d577ba0f790e63b2cc96df7329d38ac08fe620649af66badc74fc2085ced2f10a6ab1f', '1981-02-27', 2, 1, '0', '0', '07966978383', 2, 1, 0, 1, 0, 0, NULL, 'dfdf', '', NULL, NULL, NULL, NULL, NULL, 1, 1, 1, 0, '0000-00-00 00:00:00', '0000-00-00 00:00:00'),
(475, 'Renaud', 'Theuillon', 'abuqr@hotmail.com', 'd066ac53e602c68d6822172cbd5a56a6473dd7a3eb3096ef360866b3df3eadcbd2068e80e3117d9e3916a95e1a97164ea2b71db3179a44704246b416eea56ab7', '1981-02-27', 2, 1, '0', '0', '07966978383', 2, 3, 0, 1, 0, 0, 0, NULL, NULL, NULL, NULL, NULL, NULL, NULL, 0, 1, 0, 0, '0000-00-00 00:00:00', '0000-00-00 00:00:00'),
(476, 'Renaud2', 'Theuillon2', 'rqzjk@hotmail.com', '5375a902439b5bd3eb394b5e7293534c64069f83f420b8df0be78a656834e0b75f332b199cd12634a55c2498ff4b30dd94bd3c5bb273fc911e998eecdaf8cad8', '1981-02-27', 2, 1, '0', '0', '07966978383', 2, 3, 0, 1, 0, 0, 2, 'ytrdesw', 'sg', NULL, NULL, NULL, NULL, NULL, 1, 1, 1, 1, '0000-00-00 00:00:00', '0000-00-00 00:00:00'),
(477, 'Renaud', 'Theuillon', 'zuzcg@hotmail.com', '8af7ab91b3a3a814b4fee14ac52a22403461533cf490515ba6cbcf1d0f84c05f9e002df9f2045fddb243ad7c30c091377fea31867d0d0806b0e4e66c56332be1', '1981-02-27', 2, 0, '0', '0', '07966978383', 0, 0, 0, 0, 0, 0, 0, NULL, NULL, NULL, NULL, NULL, NULL, NULL, 0, 1, 0, 0, '0000-00-00 00:00:00', '0000-00-00 00:00:00'),
(478, 'Renaud', 'Theuillon', 'cjbsu@hotmail.com', '7496ca0ef38ef56418d8ffb907f834b035dc6778545acfd862360186d2346d1145565dcf4260fb0f948d4cc0c82a3764280c82354b2408251de4af7533fd6085', '1981-02-27', 2, 2, '0', '0', '07966978383', 2, 2, 2, 0, 1, 0, 1, '', '', NULL, NULL, NULL, NULL, NULL, 1, 1, 0, 0, '0000-00-00 00:00:00', '0000-00-00 00:00:00'),
(479, 'Renaud', 'Theuillon', 'coqqs@hotmail.com', 'e65f36fd9529c4a5196fbeb6fd932e8c004298b20b082018012ff43085903cba9e27bfac1071c28de5512425f2d919cea538b74554ee15144aadf402788e5609', '1981-02-27', 2, 1, '0', '0', '07966978383', 2, 2, 0, 1, 0, 0, 0, NULL, NULL, NULL, NULL, NULL, NULL, NULL, 0, 1, 0, 0, '0000-00-00 00:00:00', '0000-00-00 00:00:00'),
(480, 'Renaud', 'Theuillon', 'mqigi@hotmail.com', '656e50a05b692af0a940760915384a4f02ba709c57606e30d6e2ea02ab5b728703a87ec0f1fc5df1bd6dc9994fcbe64b5cc0f22bf01504051bab5a7a27b298bf', '1981-02-27', 2, 1, '0', '0', '07966978383', 2, 2, 0, 0, 1, 0, 0, NULL, NULL, NULL, NULL, NULL, NULL, NULL, 0, 1, 0, 0, '0000-00-00 00:00:00', '0000-00-00 00:00:00'),
(481, 'Renaud', 'Theuillon', 'ftlcf@hotmail.com', 'a3a57af6c7148f34065a2ad94fe4d41a5e7d5eeea9dbff84b09660a5e5b1ebf9d87eadecbdd844a3983a2edb2f0310abcc71cda1a46ff7f3b9f383ebf5976a9c', '1981-02-27', 2, 1, '0', '0', '07966978383', 2, 2, 0, 0, 1, 0, 2, 'sdasdasdsafdfd', 'sdsdsd', NULL, NULL, NULL, NULL, NULL, 1, 1, 1, 2, '0000-00-00 00:00:00', '0000-00-00 00:00:00'),
(482, 'Renaud', 'Theuillon', 'owmub@hotmail.com', '670af2f72eb3ed999b765e359c679c9041af328e16e450b50bfb8f8d2c954c83d09b257cae0d6422fbbbd289e7edfc78ed387cf7856fbce62099ab95d5e07845', '1981-02-27', 2, 0, '0', '0', '07966978383', 0, 0, 0, 0, 0, 0, 0, NULL, NULL, NULL, NULL, NULL, NULL, NULL, 0, 1, 0, 0, '0000-00-00 00:00:00', '0000-00-00 00:00:00'),
(483, 'Renaud', 'Theuillon', 'aslec@hotmail.com', 'f225ef00c1826dae836d28f9e5275767484bc1f04aaefbece1faad7d9b7fd883887a76a46db5576f61c284e75940385fe64e321796c6072ce620897af7654cce', '1981-02-27', 2, 1, '0', '0', '07966978383', 2, 3, 0, 1, 0, 0, 0, NULL, NULL, NULL, NULL, NULL, NULL, NULL, 0, 1, 0, 0, '0000-00-00 00:00:00', '0000-00-00 00:00:00'),
(484, 'Renaud', 'Theuillon', 'jnuto@hotmail.com', 'ac949f0cd97743ea7ce049010a1a79b8a02c6e196601ebcc80cc9a3f9e8bd815f271dbcb0ce55fb4666fbf0d97a894a9407aed9e9e019123d6f79f530f02143d', '1981-02-27', 2, 1, '0', '0', '07966978383', 2, 2, 0, 1, 0, 0, 0, NULL, NULL, NULL, NULL, NULL, NULL, NULL, 0, 1, 0, 0, '0000-00-00 00:00:00', '0000-00-00 00:00:00'),
(485, 'Renaud', 'Theuillon', 'oqpix@hotmail.com', '77cffd1dabf501be35accbbbdb74d4bc7c0ede4c7b4e3d02d86f3e2ba3f9c0fa08182bc5fd576e0483567e34bd7be62f9331ff3b5ee375aacc6384829c0cebea', '1981-02-27', 2, 0, '0', '0', '07966978383', 0, 0, 0, 0, 0, 0, 0, NULL, NULL, NULL, NULL, NULL, NULL, NULL, 0, 1, 0, 0, '0000-00-00 00:00:00', '0000-00-00 00:00:00'),
(486, 'Renaud', 'Theuillon', 'obvni@hotmail.com', 'e5c371ac7d91918d49bc9718984fb229369444859816eac945ef08f29240022a7d534a0fcfdcdfd1607960394b16a9494411541d0b4c5a9b1d1fff0704a5d285', '1981-02-27', 2, 1, '0', '0', '07966978383', 2, 2, 0, 1, 1, 0, 0, NULL, NULL, NULL, NULL, NULL, NULL, NULL, 0, 1, 0, 0, '0000-00-00 00:00:00', '0000-00-00 00:00:00'),
(487, 'Renaud', 'Theuillon', 'jkzvb@hotmail.com', '6c4a2c42afa883b1fed01c0be7c72bdcba3abaccfff5291b5e2380ed29858f8a92dbfca1a3692cf93b4e409ce802585f69e49a3cd96c0ceef2b64dd30514dab5', '1981-02-27', 2, 1, '0', '0', '07966978383', 2, 2, 0, 1, 1, 0, 1, '', '', NULL, NULL, NULL, NULL, NULL, 1, 1, 0, 0, '0000-00-00 00:00:00', '0000-00-00 00:00:00'),
(488, 'Renaud', 'Theuillon', 'yeufa@hotmail.com', '5c627dbdd4cbeb3c7e19c9b191f5d72c4c3a56393cfb3a973a5d9b90aac67f576dd150a49b7db296e725667cc2090800b1bb053ddd1866ac859f88f5ea2c48bc', '1981-02-27', 2, 1, '0', '0', '07966978383', 2, 2, 0, 1, 1, 0, 1, '', '', NULL, NULL, NULL, NULL, NULL, 1, 1, 0, 0, '0000-00-00 00:00:00', '0000-00-00 00:00:00'),
(489, 'Renaud', 'Theuillon', 'nwtcv@hotmail.com', '967d44b86fe967ec43a2673f788ce83cb50892990576c336311bcb4705ee6c48323c13243d5bdbbbdbe1c8b3b876464643550773a2baa4e4865b4160e1295a69', '1981-02-27', 2, 1, '0', '0', '07966978383', 2, 2, 0, 1, 1, 0, 1, '', '', NULL, NULL, NULL, NULL, NULL, 1, 1, 0, 0, '0000-00-00 00:00:00', '0000-00-00 00:00:00'),
(490, 'Renaud', 'Theuillon', 'ghnkk@hotmail.com', '1954f1346197f0b6498985dd2df72d858f65e49d3672ca6c015e7cbed205903f28086dd6ea521092b897917aa594f2effda873e9b43f68a320289f04363969f6', '1981-02-27', 2, 1, '0', '0', '07966978383', 2, 2, 0, 1, 1, 0, 1, '', '', NULL, NULL, NULL, NULL, NULL, 1, 1, 0, 0, '0000-00-00 00:00:00', '0000-00-00 00:00:00'),
(491, 'Renaud', 'Theuillon', 'mdtob@hotmail.com', '7e44a21b11f98f191a3baf590c0c3ebc2cb3a3674fceddf8ac9840d8a5df4fed3696d8a09f1cb23196f2c9871fdab8a1df384483107449a1033de6b7d96afa8f', '1981-02-27', 2, 1, '0', '0', '07966978383', 2, 2, 0, 1, 1, 0, 1, '', '', NULL, NULL, NULL, NULL, NULL, 1, 1, 0, 0, '0000-00-00 00:00:00', '0000-00-00 00:00:00'),
(492, 'Renaud', 'Theuillon', 'ssotp@hotmail.com', '3d29a109cfd4f068cfb0183f4831ab35f8af4de1ecb3f4fc2adbaaac5961d4f29c10e004109c35b8dac6efebe6babc0b7f6b8adb7ab4caec929bc303fed0ba66', '1981-02-27', 2, 2, '0', '0', '07966978383', 2, 2, 4, 1, 1, 0, 1, 'J''adore les vieux', '', NULL, NULL, NULL, NULL, NULL, 1, 1, 1, 0, '0000-00-00 00:00:00', '0000-00-00 00:00:00'),
(493, 'Violeta', 'Ivanova', 'violeta.ivanova16@yahoo.com', '3b50c45113c730147484c0b9a90608d2b2a921c51d3bae497ff4200a5edea8e5979eb5c3da80a0e9fd481e0c97220a1b24dc5d617694fb3431e311997c4a6618', '1982-03-14', 2, 1, '0', '0', '07540774354', 2, 2, 0, 1, 1, 0, 1, '', '', NULL, NULL, NULL, NULL, NULL, 1, 1, 0, 0, '0000-00-00 00:00:00', '0000-00-00 00:00:00'),
(494, 'Ina', 'Baranowska', 'ina.baranowska02@gmail.com', '6978793d823fd4e0505b9cc76a39e82eb544ca06ab5ce40c03639d7188892bf91eab2faa64bb2c04552d7f95702c3f61cac848b7215614e067d7e821f0fe7be9', '1981-09-10', 2, 1, '0', '0', '07418234182', 2, 3, 0, 0, 1, 0, 1, 'I love it ', '', NULL, NULL, NULL, NULL, NULL, 1, 1, 1, 0, '0000-00-00 00:00:00', '0000-00-00 00:00:00'),
(495, 'Aneta', 'Szymanska', 'aneta.szymanska31@hotmail.com', '2af034ee09e1a6b65e0924a2cd4efe47fa193b028e804d90079e0ea5a334c92cd2289c5178411fcaf7fb6a937c178a6abfa69b501ebde43fc04bca226d264bd2', '1978-04-15', 2, 1, '0', '0', '07312027467', 2, 2, 0, 1, 1, 0, 1, '', '', NULL, NULL, NULL, NULL, NULL, 1, 1, 0, 0, '0000-00-00 00:00:00', '0000-00-00 00:00:00'),
(496, 'Petra', 'Gordova', 'petra.gordiva@hotmail.com', 'a78427b17279673e1ca961f1c73c36951bdd1bcc3544604ce954299291580d79ee5cee04e1a19f6a0e8e27aa1b5feb13c3fe09e692b125e028bed0f21533ad75', '1978-02-01', 1, 1, '0', 'Afghanistan', '0735453345432', 2, 4, 0, 0, 1, 0, 1, '', '', NULL, NULL, NULL, NULL, NULL, 1, 1, 0, 0, '0000-00-00 00:00:00', '0000-00-00 00:00:00'),
(497, 'Renaud', 'Theuillon', 'petra.gordiva2@hotmail.com', 'f3c2b104dabc61a0110b23c8fc3809f05645ef1f4f1e48428059b7be74fae84a5f30e791ce2a9330a20275e5e056796c420c3bb23b5afa9bfdfb4551babd35b7', '1983-02-02', 2, 1, '0', '0', '07966978383', 2, 5, 0, 1, 1, 0, 1, '', '', NULL, NULL, NULL, NULL, NULL, 1, 1, 0, 0, '0000-00-00 00:00:00', '0000-00-00 00:00:00'),
(498, 'Yana', 'Wadowska', 'yana.wadowska65@yahoo.com', '35d68a26630da9b65beeb900f4c2d103e79bb057df49659a95dd62203540a91ec6839060c696bcf62e1c1ea7128d740686f6672d84ef1e50ae6360d8df031b28', '1990-01-21', 2, 2, '0', '0', '07786423367', 2, 20, 50, 0, 1, 0, 2, 'je lkiffe les vieucx', 'je suis super cool', NULL, NULL, NULL, NULL, NULL, 1, 1, 1, 1, '0000-00-00 00:00:00', '0000-00-00 00:00:00'),
(499, 'Anna', 'Koleva', 'anna.koleva47@gmx.com', '6161425bb59a9fc1e8cccee3b3f0a27827d367d763f581d1f6f7b805112ec5765e04a9b52eeb60e75d857e70d2ee4ed45a6df11e617aca61dc68e47e5e5d70b7', '1990-01-17', 2, 1, '0', '0', '07078869742', 2, 2, 0, 1, 1, 0, 1, '', '', NULL, NULL, NULL, NULL, NULL, 1, 1, 0, 0, '0000-00-00 00:00:00', '2012-11-27 10:29:41'),
(500, 'Diana', 'Koleva', 'diana.koleva82@gmx.com', 'a0bbaa222d04654215b37c6dbd1ef4fa50a388a8d462bb6e4ea752f38e4fe0728315f49c9cb925634032855e97f82f0b759eaffe3bbdf41618cd6887dc98f525', '1984-08-18', 2, 1, '0', '0', '07357661394', 2, 2, 0, 1, 1, 0, 1, '', '', NULL, NULL, NULL, NULL, NULL, 1, 1, 0, 0, '0000-00-00 00:00:00', '2012-11-24 10:36:49'),
(501, 'Viola', 'Maneva', 'viola.maneva75@hotmail.com', '9372308aece0c64ee3a27d3ee6cf9e676163ca1397fc5e09c4eceb4ae415caf7bc5e912bf590513ba1b22bed89de72027fcf69d052993e648b3bb6b05e79caf0', '1975-08-21', 2, 1, '0', '0', '07934561629', 2, 2, 0, 1, 1, 0, 1, '', '', NULL, NULL, NULL, NULL, NULL, 1, 1, 0, 0, '2012-11-24 10:35:15', '2012-11-29 10:50:50');

-- --------------------------------------------------------

--
-- Table structure for table `tbl_carer_address`
--

CREATE TABLE IF NOT EXISTS `tbl_carer_address` (
  `id_carer` int(11) NOT NULL,
  `id_address` int(11) NOT NULL AUTO_INCREMENT,
  PRIMARY KEY (`id_address`,`id_carer`),
  KEY `FK_tbl_carer_address_tbl_carer_id` (`id_carer`)
) ENGINE=InnoDB  DEFAULT CHARSET=utf8 COLLATE=utf8_unicode_ci AVG_ROW_LENGTH=84 AUTO_INCREMENT=880 ;

--
-- Dumping data for table `tbl_carer_address`
--

REPLACE INTO `tbl_carer_address` (`id_carer`, `id_address`) VALUES
(283, 274),
(284, 275),
(285, 276),
(286, 277),
(287, 278),
(288, 279),
(289, 280),
(290, 281),
(294, 285),
(295, 288),
(296, 290),
(297, 291),
(298, 292),
(299, 293),
(300, 294),
(301, 295),
(302, 296),
(303, 297),
(304, 298),
(305, 299),
(306, 300),
(307, 301),
(308, 302),
(309, 303),
(310, 304),
(311, 305),
(312, 306),
(313, 307),
(314, 308),
(315, 309),
(316, 310),
(317, 326),
(318, 351),
(319, 357),
(320, 360),
(321, 361),
(322, 419),
(323, 422),
(324, 425),
(325, 426),
(326, 427),
(327, 428),
(328, 429),
(329, 430),
(330, 431),
(331, 432),
(332, 433),
(333, 435),
(334, 436),
(335, 437),
(336, 438),
(337, 439),
(338, 440),
(339, 441),
(340, 442),
(341, 443),
(342, 444),
(343, 445),
(344, 446),
(345, 447),
(346, 448),
(347, 449),
(348, 450),
(349, 451),
(350, 452),
(351, 453),
(352, 454),
(353, 455),
(354, 456),
(355, 457),
(356, 458),
(357, 459),
(358, 460),
(359, 461),
(360, 462),
(361, 463),
(362, 464),
(363, 466),
(364, 467),
(365, 468),
(366, 472),
(367, 473),
(368, 474),
(369, 475),
(370, 476),
(371, 477),
(372, 478),
(373, 479),
(374, 480),
(375, 481),
(376, 482),
(377, 483),
(378, 484),
(379, 485),
(380, 486),
(381, 487),
(382, 488),
(383, 489),
(384, 490),
(385, 491),
(386, 492),
(387, 496),
(388, 497),
(389, 498),
(390, 499),
(391, 500),
(392, 502),
(393, 506),
(394, 508),
(395, 509),
(396, 510),
(397, 511),
(398, 519),
(399, 549),
(400, 550),
(401, 595),
(402, 599),
(403, 601),
(404, 603),
(405, 605),
(406, 606),
(407, 607),
(408, 608),
(409, 609),
(410, 610),
(411, 611),
(412, 612),
(413, 613),
(414, 614),
(415, 615),
(416, 616),
(417, 617),
(418, 618),
(419, 619),
(420, 620),
(421, 621),
(422, 626),
(423, 639),
(424, 643),
(425, 649),
(426, 650),
(427, 654),
(428, 655),
(429, 660),
(430, 661),
(431, 662),
(432, 663),
(433, 664),
(434, 665),
(435, 666),
(436, 667),
(437, 668),
(438, 669),
(439, 694),
(440, 698),
(441, 699),
(442, 710),
(443, 712),
(444, 714),
(445, 719),
(446, 720),
(447, 721),
(452, 728),
(453, 729),
(454, 730),
(455, 731),
(456, 732),
(457, 733),
(458, 734),
(459, 735),
(460, 736),
(461, 737),
(462, 738),
(463, 739),
(464, 741),
(465, 742),
(466, 743),
(467, 744),
(468, 755),
(469, 760),
(470, 761),
(471, 762),
(472, 763),
(473, 766),
(474, 769),
(475, 774),
(476, 777),
(477, 799),
(478, 805),
(479, 806),
(480, 807),
(481, 808),
(482, 809),
(483, 810),
(484, 819),
(485, 820),
(486, 821),
(487, 824),
(488, 826),
(489, 829),
(490, 837),
(491, 845),
(492, 850),
(493, 859),
(494, 863),
(495, 864),
(496, 867),
(497, 869),
(498, 874),
(499, 877),
(500, 878),
(501, 879);

-- --------------------------------------------------------

--
-- Table structure for table `tbl_carer_availability`
--

CREATE TABLE IF NOT EXISTS `tbl_carer_availability` (
  `id` int(11) NOT NULL AUTO_INCREMENT,
  `day_week` int(1) NOT NULL,
  `time_slot` int(2) NOT NULL,
  `id_carer` int(11) NOT NULL,
  PRIMARY KEY (`id`),
  UNIQUE KEY `UK_tbl_availability_carer` (`day_week`,`time_slot`,`id_carer`),
  KEY `FK_tbl_availability_carer_tbl_carer_id` (`id_carer`)
) ENGINE=InnoDB  DEFAULT CHARSET=utf8 COLLATE=utf8_unicode_ci AVG_ROW_LENGTH=16384 AUTO_INCREMENT=30 ;

--
-- Dumping data for table `tbl_carer_availability`
--

REPLACE INTO `tbl_carer_availability` (`id`, `day_week`, `time_slot`, `id_carer`) VALUES
(1, 1, 0, 7),
(5, 1, 1, 277),
(7, 1, 1, 280),
(8, 1, 2, 280),
(4, 2, 1, 273),
(6, 2, 2, 277),
(19, 2, 2, 478),
(2, 3, 1, 253),
(14, 3, 1, 458),
(16, 3, 1, 462),
(20, 3, 1, 492),
(25, 3, 1, 498),
(3, 3, 2, 253),
(17, 3, 2, 462),
(21, 3, 2, 492),
(26, 3, 2, 498),
(18, 3, 3, 462),
(22, 3, 3, 492),
(27, 3, 3, 498),
(9, 3, 4, 280),
(23, 3, 4, 492),
(28, 3, 4, 498),
(10, 3, 5, 280),
(24, 3, 5, 492),
(29, 3, 5, 498),
(11, 5, 2, 280),
(12, 5, 3, 280);

-- --------------------------------------------------------

--
-- Table structure for table `tbl_carer_condition`
--

CREATE TABLE IF NOT EXISTS `tbl_carer_condition` (
  `id` int(11) NOT NULL AUTO_INCREMENT,
  `id_carer` int(11) NOT NULL,
  `id_condition` int(11) NOT NULL,
  PRIMARY KEY (`id`),
  UNIQUE KEY `UK_tbl_carer_condition` (`id_carer`,`id_condition`),
  KEY `FK_tbl_carer_condition_tbl_condition_id` (`id_condition`)
) ENGINE=InnoDB  DEFAULT CHARSET=utf8 COLLATE=utf8_unicode_ci AVG_ROW_LENGTH=1820 AUTO_INCREMENT=227 ;

--
-- Dumping data for table `tbl_carer_condition`
--

REPLACE INTO `tbl_carer_condition` (`id`, `id_carer`, `id_condition`) VALUES
(16, 202, 11),
(18, 202, 12),
(20, 202, 13),
(21, 202, 15),
(22, 202, 16),
(23, 202, 17),
(24, 202, 18),
(17, 202, 19),
(19, 202, 20),
(26, 253, 17),
(25, 253, 19),
(28, 254, 18),
(27, 254, 19),
(29, 255, 16),
(30, 255, 18),
(31, 256, 14),
(32, 257, 15),
(33, 265, 11),
(34, 275, 11),
(37, 275, 12),
(36, 275, 14),
(35, 275, 18),
(38, 277, 11),
(39, 277, 12),
(40, 280, 11),
(42, 280, 12),
(43, 280, 13),
(44, 280, 14),
(41, 280, 19),
(45, 312, 11),
(47, 312, 12),
(48, 312, 13),
(46, 312, 19),
(49, 313, 11),
(50, 313, 12),
(51, 314, 11),
(52, 314, 12),
(53, 384, 11),
(54, 384, 12),
(55, 384, 13),
(56, 385, 11),
(57, 385, 12),
(58, 385, 13),
(69, 452, 15),
(68, 452, 16),
(67, 452, 17),
(66, 452, 18),
(72, 455, 18),
(79, 456, 18),
(78, 456, 20),
(85, 457, 14),
(84, 457, 21),
(89, 458, 14),
(88, 458, 21),
(105, 459, 13),
(104, 459, 21),
(107, 460, 16),
(106, 460, 20),
(109, 461, 18),
(108, 461, 21),
(116, 462, 16),
(115, 462, 17),
(114, 462, 18),
(113, 462, 19),
(110, 462, 21),
(118, 463, 15),
(117, 463, 21),
(120, 464, 12),
(119, 464, 21),
(122, 465, 11),
(121, 465, 21),
(124, 467, 15),
(123, 467, 20),
(126, 468, 14),
(125, 468, 21),
(128, 469, 11),
(127, 469, 21),
(130, 470, 13),
(129, 470, 21),
(132, 471, 16),
(131, 471, 21),
(139, 472, 15),
(138, 472, 20),
(141, 473, 15),
(140, 473, 21),
(143, 474, 16),
(142, 474, 21),
(145, 475, 16),
(144, 475, 21),
(147, 476, 11),
(146, 476, 21),
(149, 478, 13),
(148, 478, 20),
(151, 479, 14),
(150, 479, 21),
(153, 480, 14),
(152, 480, 21),
(155, 481, 12),
(154, 481, 21),
(157, 483, 16),
(156, 483, 21),
(159, 484, 11),
(158, 484, 21),
(161, 485, 11),
(162, 485, 21),
(170, 486, 11),
(171, 486, 21),
(172, 487, 11),
(173, 487, 21),
(174, 488, 11),
(175, 488, 21),
(176, 489, 11),
(177, 489, 21),
(178, 490, 11),
(179, 490, 21),
(180, 491, 11),
(181, 491, 21),
(182, 492, 11),
(183, 492, 21),
(184, 493, 11),
(185, 493, 21),
(191, 494, 16),
(189, 494, 17),
(187, 494, 18),
(190, 494, 19),
(188, 494, 20),
(186, 494, 21),
(192, 495, 11),
(193, 495, 21),
(204, 496, 11),
(203, 496, 12),
(202, 496, 13),
(201, 496, 14),
(200, 496, 15),
(199, 496, 16),
(197, 496, 17),
(195, 496, 18),
(198, 496, 19),
(196, 496, 20),
(194, 496, 21),
(215, 497, 11),
(214, 497, 12),
(213, 497, 13),
(212, 497, 14),
(211, 497, 15),
(210, 497, 16),
(208, 497, 17),
(206, 497, 18),
(209, 497, 19),
(207, 497, 20),
(205, 497, 21),
(216, 498, 11),
(219, 498, 12),
(218, 498, 13),
(217, 498, 21),
(220, 499, 11),
(221, 499, 21),
(222, 500, 11),
(223, 500, 21),
(225, 501, 11),
(226, 501, 21);

-- --------------------------------------------------------

--
-- Table structure for table `tbl_carer_document`
--

CREATE TABLE IF NOT EXISTS `tbl_carer_document` (
  `id` int(11) NOT NULL AUTO_INCREMENT,
  `id_document` int(11) NOT NULL,
  `id_carer` int(11) NOT NULL,
  `year_obtained` int(4) NOT NULL DEFAULT '0',
  `status` int(1) NOT NULL,
  `id_content` int(11) DEFAULT NULL,
  PRIMARY KEY (`id`),
  UNIQUE KEY `UK_tbl_carer_document` (`id_carer`,`id_document`,`year_obtained`),
  KEY `FK_tbl_carer_document_tbl_document_id` (`id_document`),
  KEY `FK_tbl_carer_document_tbl_file_content_id` (`id_content`)
) ENGINE=InnoDB  DEFAULT CHARSET=utf8 COLLATE=utf8_unicode_ci AVG_ROW_LENGTH=8192 AUTO_INCREMENT=1326 ;

--
-- Dumping data for table `tbl_carer_document`
--

REPLACE INTO `tbl_carer_document` (`id`, `id_document`, `id_carer`, `year_obtained`, `status`, `id_content`) VALUES
(967, 4, 409, 1965, 0, NULL),
(996, 3, 411, 2012, 0, 201),
(1002, 4, 411, 1968, 0, NULL),
(1003, 1, 411, 1969, 0, NULL),
(1004, 2, 411, 1968, 0, NULL),
(1059, 3, 412, 2012, 1, 245),
(1086, 34, 412, 1967, 1, 263),
(1087, 34, 412, 1957, 1, 264),
(1088, 21, 412, 1966, 1, 268),
(1089, 21, 412, 1967, 1, 265),
(1090, 21, 412, 1959, 1, 266),
(1092, 34, 412, 1952, 1, 269),
(1094, 21, 412, 1964, 0, NULL),
(1099, 2, 412, 2012, 1, 274),
(1111, 45, 414, 2012, 1, 342),
(1184, 21, 416, 1965, 1, 432),
(1186, 21, 416, 1962, 1, 435),
(1187, 21, 416, 1966, 1, 441),
(1189, 34, 416, 1957, 1, 443),
(1191, 45, 417, 2012, 1, 445),
(1193, 21, 418, 1960, 1, 447),
(1196, 20, 418, 2012, 1, 450),
(1198, 3, 418, 2012, 1, 452),
(1233, 3, 421, 2012, 1, 487),
(1234, 45, 468, 2012, 1, 560),
(1235, 45, 476, 2012, 2, 561),
(1248, 21, 479, 1968, 1, 574),
(1249, 4, 479, 1967, 1, 575),
(1250, 20, 479, 2012, 1, 576),
(1252, 21, 479, 1965, 1, 577),
(1255, 3, 478, 2012, 1, 580),
(1256, 45, 478, 2012, 1, 581),
(1257, 21, 478, 1967, 1, 582),
(1258, 2, 478, 1966, 1, 583),
(1259, 20, 478, 2012, 1, 584),
(1260, 2, 479, 1967, 1, 585),
(1261, 45, 479, 2012, 1, 586),
(1265, 3, 480, 2012, 1, 590),
(1266, 45, 481, 2012, 1, 591),
(1267, 21, 481, 1967, 1, 592),
(1268, 20, 481, 2012, 1, 593),
(1269, 4, 481, 1967, 1, 594),
(1270, 3, 481, 2012, 1, 595),
(1271, 1, 481, 1968, 1, 596),
(1272, 21, 483, 1967, 1, 598),
(1273, 20, 490, 2012, 1, 605),
(1274, 21, 492, 1966, 1, 606),
(1276, 3, 494, 2012, 1, 608),
(1278, 3, 496, 2012, 1, 610),
(1279, 20, 496, 2012, 1, 611),
(1281, 3, 497, 2012, 1, 613),
(1283, 3, 498, 2012, 1, 616),
(1284, 45, 498, 2012, 1, 617),
(1285, 20, 498, 2012, 1, 618),
(1286, 21, 498, 1968, 1, 619),
(1320, 21, 500, 1966, 1, 650),
(1321, 4, 500, 1966, 1, 651),
(1322, 2, 500, 1967, 1, 652),
(1323, 21, 500, 1967, 1, 653),
(1324, 34, 500, 1958, 1, 654),
(1325, 34, 500, 1955, 1, 655);

-- --------------------------------------------------------

--
-- Table structure for table `tbl_carer_experience`
--

CREATE TABLE IF NOT EXISTS `tbl_carer_experience` (
  `id` int(11) NOT NULL AUTO_INCREMENT,
  `start_date` date DEFAULT NULL,
  `end_date` date DEFAULT NULL,
  `employer` varchar(50) COLLATE utf8_unicode_ci DEFAULT NULL,
  `id_carer` int(11) DEFAULT NULL,
  PRIMARY KEY (`id`),
  KEY `id_carer` (`id_carer`)
) ENGINE=InnoDB DEFAULT CHARSET=utf8 COLLATE=utf8_unicode_ci AUTO_INCREMENT=1 ;

--
-- Dumping data for table `tbl_carer_experience`
--


-- --------------------------------------------------------

--
-- Table structure for table `tbl_client`
--

CREATE TABLE IF NOT EXISTS `tbl_client` (
  `id` int(11) NOT NULL AUTO_INCREMENT,
  `first_name` varchar(50) COLLATE utf8_unicode_ci NOT NULL,
  `last_name` varchar(50) COLLATE utf8_unicode_ci NOT NULL,
  `email_address` varchar(80) COLLATE utf8_unicode_ci NOT NULL,
  `password` varchar(128) COLLATE utf8_unicode_ci NOT NULL,
  `date_birth` date DEFAULT NULL,
  `mobile_phone` varchar(15) COLLATE utf8_unicode_ci DEFAULT NULL,
  `wizard_completed` tinyint(1) NOT NULL DEFAULT '0',
  `created` datetime NOT NULL,
  `modified` datetime NOT NULL,
  PRIMARY KEY (`id`)
) ENGINE=InnoDB  DEFAULT CHARSET=utf8 COLLATE=utf8_unicode_ci AVG_ROW_LENGTH=296 AUTO_INCREMENT=324 ;

--
-- Dumping data for table `tbl_client`
--

REPLACE INTO `tbl_client` (`id`, `first_name`, `last_name`, `email_address`, `password`, `date_birth`, `mobile_phone`, `wizard_completed`, `created`, `modified`) VALUES
(3, 'Renaud', 'Thevillon', 'pgtbx@hotmail.com', 'test', '1981-02-27', NULL, 0, '0000-00-00 00:00:00', '0000-00-00 00:00:00'),
(4, 'Renaud', 'Thevillon', 'ywqoo@hotmail.com', 'test', '1981-02-27', NULL, 0, '0000-00-00 00:00:00', '0000-00-00 00:00:00'),
(5, 'Renaud', 'Thevillon', 'bhcdj@hotmail.com', 'test', '1981-02-27', NULL, 0, '0000-00-00 00:00:00', '0000-00-00 00:00:00'),
(6, 'Renaud', 'Thevillon', 'afgwq@hotmail.com', 'test', '1981-02-27', NULL, 0, '0000-00-00 00:00:00', '0000-00-00 00:00:00'),
(7, 'Renaud', 'Thevillon', 'vwjvc@hotmail.com', 'test', '1981-02-27', NULL, 0, '0000-00-00 00:00:00', '0000-00-00 00:00:00'),
(8, 'Renaud', 'Thevillon', 'keksp@hotmail.com', '8403862a37662931c0505c2aab3273fd8d8e5e8a', '1981-02-27', NULL, 0, '0000-00-00 00:00:00', '0000-00-00 00:00:00'),
(9, 'Renaud', 'Thevillon', 'hcjxj@hotmail.com', '53190bd4a02d0e8286ebf37752bb410531109521', '1981-02-27', NULL, 0, '0000-00-00 00:00:00', '0000-00-00 00:00:00'),
(10, 'Renaud', 'Thevillon', 'maiok@hotmail.com', '32b96c5b4e564e5f1d047e9cc3668621487ccb20e36d9d991c5d1d6b90e18cba5d93461c733c7e01ff12367fafe648fb3ae984e8065fb3929c1e260b347db596', '1981-02-27', NULL, 1, '0000-00-00 00:00:00', '0000-00-00 00:00:00'),
(11, 'Renaud', 'Thevillon', 'evfsb@hotmail.com', 'b597b879e3c9476bee4eaccbcccd08183cd1f694646dbad6877e856f2bbd3d04c8ee4d476f97ee5ef2c3d9babba7e000d184a287951d5f0f3f84362cb56c2b9f', '1981-02-27', NULL, 0, '0000-00-00 00:00:00', '0000-00-00 00:00:00'),
(12, 'Renaud', 'Thevillon', 'gqpse@hotmail.com', '87edc9da6eb52e552a9d0b3988493b3cad3d00f97ce00d0207500199072198cb0a262f378926ad6b83022762c7c037a731621b5284c70702667d6d58fed7f0cf', '1981-02-27', NULL, 0, '0000-00-00 00:00:00', '0000-00-00 00:00:00'),
(13, 'Renaud', 'Thevillon', 'yvmta@hotmail.com', 'b68fb1905475274c79f74b05edf36f20590c0c0ef9f48572ab0fdd4b383d03fd80b7859cf7bacddb37218e5cf881ae8c0cf68191d5e28d7ab9d944aeb146f081', '1981-02-27', NULL, 0, '0000-00-00 00:00:00', '0000-00-00 00:00:00'),
(14, 'Renaud', 'Thevillon', 'opujm@hotmail.com', '5dd7c417a1e46a7c51b8ed23626753d358ab314662c46d5ea0921fb5ea3f8582027ef3baeb4df5646deb1e744ec849c4b0bdb411c43a4a631cc4dc4bbaea452e', '1981-02-27', NULL, 0, '0000-00-00 00:00:00', '0000-00-00 00:00:00'),
(15, 'Renaud', 'Thevillon', 'yszcd@hotmail.com', '5ccce5a1ee5b563faa65a17bfd5769eeaea57dc57e42707a147e726cc78224eb8b964f2c34b12fdd320787c73039804726f748538e575fd6571e49a05909015c', '1981-02-27', NULL, 0, '0000-00-00 00:00:00', '0000-00-00 00:00:00'),
(16, 'Renaud', 'Thevillon', 'infqb@hotmail.com', '5a92d6581d6fb4b2fe846e390cb83a6a34ffa312bcc166c0f0557810888c1b5ee0f5c27011e504dec93f8daff7a6fb6f0faf504c86e59f1dd3d5c42a173a8d6f', '1981-02-27', NULL, 0, '0000-00-00 00:00:00', '0000-00-00 00:00:00'),
(17, 'Renaud', 'Thevillon', 'cggfs@hotmail.com', '4ad1ad416b3facb13e3ce54b2290009b27767f8dbcb2b0da5e7894e73e042650feb021d9d48652dd5ac645d4ea696d1c9d5ce67bf3b5edf184e08692e5315bcb', '1981-02-27', NULL, 0, '0000-00-00 00:00:00', '0000-00-00 00:00:00'),
(18, 'Renaud', 'Thevillon', 'khxke@hotmail.com', '9f8c63e91b28816dd88e27694d94449639caea6daf4919346f4fd9942b733ae3b4591d9d385c03d1b31554c0089498a25697ac30690c44482fbbfe92e31e900f', '1981-02-27', NULL, 0, '0000-00-00 00:00:00', '0000-00-00 00:00:00'),
(19, 'Renaud', 'Thevillon', 'zcssr@hotmail.com', '244b610867b283ab5e14082d29b3cd00b23cc053f2b47786cfb228f74ac2ecf4c9f63a8ea0fc67ad20646c4b3d37fe21420387e241290b9d51e33e2877fd55fe', '1981-02-27', NULL, 0, '0000-00-00 00:00:00', '0000-00-00 00:00:00'),
(20, 'Renaud', 'Thevillon', 'uquxb@hotmail.com', '7248c026f10138d7435c4f91d0100f8ce6d604039f0cccb1acd8f0cd6d2e798965d146ce2f5550946db07dca82ca704980aec41618566d6208fba981d705a721', '1981-02-27', NULL, 0, '0000-00-00 00:00:00', '0000-00-00 00:00:00'),
(21, 'Renaud', 'Thevillon', 'gtuxn@hotmail.com', '1885f105868079a011932aa0f0d060514957340565f8a1fe11f5d55a2eb249558e301d6ef35f0ce9e92b091a0ce84e7fc7edcb78e0b40638b4303828c711c81b', '1981-02-27', NULL, 0, '0000-00-00 00:00:00', '0000-00-00 00:00:00'),
(22, 'Renaud', 'Thevillon', 'yjlol@hotmail.com', '040f6dc913510df250015888e38637cdf46d89d6e85e7e6eca26ac8e71d70727666d3ae37d2768a5a5d87094cae9e5e7b6f8cefb32a43174696602c3cdbf3c14', '1981-02-27', NULL, 0, '0000-00-00 00:00:00', '0000-00-00 00:00:00'),
(23, 'Renaud', 'Thevillon', 'ladip@hotmail.com', '093678298c6a886824758ea1a892a397987f75a4e8294acbe4d2c431347cba5cc3fa32e60520438b26bd518592b6ee144cfbd0179a2e066b28d93724263685b4', '1981-02-27', NULL, 0, '0000-00-00 00:00:00', '0000-00-00 00:00:00'),
(24, 'Renaud', 'Thevillon', 'wvmof@hotmail.com', 'fbf58970f9e2829db8188b43c6980ba58c9c04955580c61b5786519f75bec0978806b21a7b3efbbb80f102d6423318eb9f153341f84511091bae588662b917ea', '1981-02-27', NULL, 0, '0000-00-00 00:00:00', '0000-00-00 00:00:00'),
(25, 'Renaud', 'Thevillon', 'xweof@hotmail.com', '6aca90f382aabdbdb4fb51132a0f8bb57957478ad34d4cb4e1b9af52932d8088b35b8a794a219f2abddaa49397e149ebae0c79a86aaf590681e9ca9a6b96b455', '1981-02-27', NULL, 0, '0000-00-00 00:00:00', '0000-00-00 00:00:00'),
(26, 'Renaud', 'Thevillon', 'uwdua@hotmail.com', 'bd914d354efc9fb768a6e08a71bbd6f705c361d6333e7f6ca2f066deae48ba6945375d07357f6ef89bcd2936cc90c72faa43cdcb77f8792ff38e6455876b0a19', '1981-02-27', NULL, 0, '0000-00-00 00:00:00', '0000-00-00 00:00:00'),
(27, 'Renaud', 'Thevillon', 'uayzt@hotmail.com', 'e8bea6e690dbbff8b0a3ba6c6aa85d6033487f2d9637d4c0e8ae4f193252a5a373b84fe5096e4a0cd2e225cf050f776e1f0cd7a3d8b8fb5f2dc04760709f875d', '1981-02-27', NULL, 0, '0000-00-00 00:00:00', '0000-00-00 00:00:00'),
(28, 'Renaud', 'Thevillon', 'pzkou@hotmail.com', '9f23dd98f3274a8c82a7e3b749a95e9e74e71860e0937025ad6c14d57c5301ddee00dec8e409704f7563eeb4afe3fd8659ffc0e37a77ac6adf418189a4e3d8ca', '1981-02-27', NULL, 0, '0000-00-00 00:00:00', '0000-00-00 00:00:00'),
(29, 'Renaud', 'Thevillon', 'vvlnr@hotmail.com', 'be74ffc96a61c75b6cb50746b4374bbf878f647e6f22d961c4710fd28cd45e359f86421e1fd9fa2cb1903c16b717d6fa9c20b5e3aa1db68649434d3e2161c8f9', '1981-02-27', NULL, 0, '0000-00-00 00:00:00', '0000-00-00 00:00:00'),
(30, 'Renaud', 'Thevillon', 'hlada@hotmail.com', '70406b0d7d91ca742faf23e53de19e0afaa127e09ef13051cc13045a44c82589082d7f1c0b36463312533dc9b51d942c2cb00bf916e28ae62d9b4afcc2a0a8ae', '1981-02-27', NULL, 0, '0000-00-00 00:00:00', '0000-00-00 00:00:00'),
(31, 'Renaud', 'Thevillon', 'oapyk@hotmail.com', 'ca0a68a19781103cdafc73adf5d0777f86faf3c9ef288d1df3fbb62018b78cd7cea8990e113924a1a3deaf2794b0a8fd313e6f8e2bd31b32ecb566353842671b', '1981-02-27', NULL, 0, '0000-00-00 00:00:00', '0000-00-00 00:00:00'),
(32, 'Renaud', 'Thevillon', 'ebccx@hotmail.com', '0ead325d86df906eac4b03e8f2013ed5a46abd9fd78edd735edf84437e4494835fa5984d20d7e48856f2474dff96b3adade199f254939b78c9fe6dc17899a9a4', '1981-02-27', NULL, 0, '0000-00-00 00:00:00', '0000-00-00 00:00:00'),
(33, 'Renaud', 'Thevillon', 'gergu@hotmail.com', '78de352d283b47243c421c6daa2708ee0355189bbcaca38ce73d464d8f44b6c285013997f4a0f0dc99f7821a3e272c1c1ed549c977e21a6561fb8de9aebfa697', '1981-02-27', NULL, 0, '0000-00-00 00:00:00', '0000-00-00 00:00:00'),
(34, 'Renaud', 'Thevillon', 'tkksa@hotmail.com', 'edd282658051ecc7e3bfae5b23f95403b742434f8da8e09649c567b14b5000f9ef2b89bc0b8b493e5f90cd2b7e86f80b2cc9c2d6ca376c197b2e32f39b150211', '1981-02-27', NULL, 0, '0000-00-00 00:00:00', '0000-00-00 00:00:00'),
(35, 'Renaud', 'Thevillon', 'wnrgw@hotmail.com', '61947c6e6897d6b2b42e0c05ef791be6f712a602e7ba3b8d063bfec80444fa9af96d9311e0a63adaa8f35cc70283cd23a8afe40394d7104076f08f531077aa27', '1981-02-27', NULL, 0, '0000-00-00 00:00:00', '0000-00-00 00:00:00'),
(36, 'Renaud', 'Thevillon', 'onoid@hotmail.com', 'fbb4f0edf5109c2855899a82942e11639ce6419cf05e2986fe9644ec63a0215c421059acc5ccf91988682df7d6681a61372eccf88fd0d7f32b7d5f01b4aaa6ec', '1981-02-27', NULL, 0, '0000-00-00 00:00:00', '0000-00-00 00:00:00'),
(37, 'Renaud', 'Thevillon', 'ucevn@hotmail.com', 'e80ea3bc331d2a8f4c98c419449dcd5a556d064d51e918d0d9abb6f5df805537e0cc78281f636c598321f244afe71842acc9ec059932bc8a48eeeacaeb1a386b', '1981-02-27', NULL, 0, '0000-00-00 00:00:00', '0000-00-00 00:00:00'),
(38, 'Renaud', 'Thevillon', 'xyuds@hotmail.com', 'c0e58e8cda2dd24e5c5984e58b14298807c1cb10dea828f2e6b20115797a097b7d382b5aeca107944626b4c388e4d550c5bf5523a8ff1755f0064904f620de1c', '1981-02-27', NULL, 0, '0000-00-00 00:00:00', '0000-00-00 00:00:00'),
(39, 'Renaud', 'Thevillon', 'wcifq@hotmail.com', 'b491d25663c1f58720cce0b01d5d3ffec2953cb3c499f9366fa7b4d1f6986fb804f7be43e4f26cac7549c562c13180f22400c82344fa21d9486a053c361d7f83', '1981-02-27', NULL, 0, '0000-00-00 00:00:00', '0000-00-00 00:00:00'),
(40, 'Renaud', 'Thevillon', 'hvmcw@hotmail.com', 'dcedaeaec8ceb370053be1394f19b60909856e4488bf50623252615b2bfaf20b28d4d867b5f4fac046cf792955ee6891e2973c9f546693c89a54f262efeabde7', '1981-02-27', NULL, 0, '0000-00-00 00:00:00', '0000-00-00 00:00:00'),
(41, 'Renaud', 'Thevillon', 'hisoq@hotmail.com', 'c4e6d359d504cbc48c735163bd3856125621aac2065cf4341e947a178cf2f03e6a457cc05dcaf46c385c4b0a0c3f27634ffe28bfcab6396ecb3d9d9d3b63ce76', '1981-02-27', NULL, 0, '0000-00-00 00:00:00', '0000-00-00 00:00:00'),
(42, 'Renaud', 'Thevillon', 'xaauk@hotmail.com', '14624d8c9237c0db3954721f5f8457b193c410a0a298e98f87505be99dac5b9dfb59aa60cb92899e1bfcea8219f50b09b724ebe598d232f0a6c7681c5ad41b54', '1981-02-27', NULL, 0, '0000-00-00 00:00:00', '0000-00-00 00:00:00'),
(43, 'Renaud', 'Thevillon', 'ehbnv@hotmail.com', '86f5ecfb969aa6a642d8f2d567927f7697381224381e210a89c1bc9d8f379168fd636e5d4bccc7ff4ff867684d4893c71a4feb1e70c084f2a905c98a6f926055', '1981-02-27', NULL, 0, '0000-00-00 00:00:00', '0000-00-00 00:00:00'),
(44, 'Renaud', 'Thevillon', 'ynfty@hotmail.com', '3498e9aa8e50b5498f59f944215fa9da7739cd24148230174bb2e75dfa87c9b395619c2921cc76fbeb7d4e7e0a6f526e191d714460836f20787c40e6cc8689a2', '1981-02-27', NULL, 0, '0000-00-00 00:00:00', '0000-00-00 00:00:00'),
(45, 'Renaud', 'Thevillon', 'ibcjr@hotmail.com', '46ad08c7b85d91df5e9156c8c3967f33a76a6354695fb1706d9ec0643b4f27c8cdda6c9bfb0dcf226e4e199067fc485e233debc45a5635b9324d90c87b4388e0', '1981-02-27', NULL, 0, '0000-00-00 00:00:00', '0000-00-00 00:00:00'),
(46, 'Renaud', 'Thevillon', 'dzhkx@hotmail.com', '3b4b3e7cc0256f2e7eedbda4487460057edef93e6a38ad4845036c31c858ee0022d0b933d39422a9c9d769b6984b7d450541aea3396afae7bac00009f4da18de', '1981-02-27', NULL, 0, '0000-00-00 00:00:00', '0000-00-00 00:00:00'),
(47, 'Renaud', 'Thevillon', 'nvcgx@hotmail.com', 'e54468b737d6c04590ccc2ea635ad7d39751887a3141790a06c4933e365cebe92959e00c65542a0fbd9e8337000147aa3ae4cb46ce5cf7a2acccaf0f0eb40373', '1981-02-27', NULL, 0, '0000-00-00 00:00:00', '0000-00-00 00:00:00'),
(48, 'Renaud', 'Thevillon', 'ckdmz@hotmail.com', '7324f1fb835e7c769dfda33e5cb7bac235513a07e6e725424989aba61a56651d00f8d43ad99fdbad38defaf17dbe0661959f3298552fcd0c349d8b87eab27fcd', '1981-02-27', NULL, 0, '0000-00-00 00:00:00', '0000-00-00 00:00:00'),
(49, 'Renaud', 'Thevillon', 'hofpj@hotmail.com', '3c2053a386f86f29f1db7971c40a8576a995b8cb6069a47230687613ec77f0b530fcc805562b92bca0d3484c4be20c4cca97af303aa4ff21c3e4bccaf40fa3df', '1981-02-27', NULL, 0, '0000-00-00 00:00:00', '0000-00-00 00:00:00'),
(50, 'Renaud', 'Thevillon', 'ueslo@hotmail.com', '0c9606a870aacc4a714d713c8a8416a5d6d84d19efc243c7ac1d171a74274af10f75e73e07dc8a9d60a5b6ea5693941fc2d0e691e2f8d402015e48ad292cff02', '1981-02-27', NULL, 0, '0000-00-00 00:00:00', '0000-00-00 00:00:00'),
(51, 'Renaud', 'Thevillon', 'hgjwb@hotmail.com', '4484be6e4f14e5ef42a4ad3237bc91e70322da2fa3c4449a1389cb687ee2cfcc7d2079fb458eab967e745253616b2b5202254dc4d0c627365904f4f81123542f', '1981-02-27', NULL, 0, '0000-00-00 00:00:00', '0000-00-00 00:00:00'),
(52, 'Renaud', 'Thevillon', 'tofpw@hotmail.com', '18a96aa2c9fb0c61538eebd44194dcf2774e021438443f44b9a8cbdcfeb6b22384ee3a8c7bbda86244c53d1b24500b75652d5da82a88eb84a944374dcaa607f8', '1981-02-27', NULL, 0, '0000-00-00 00:00:00', '0000-00-00 00:00:00'),
(53, 'Renaud', 'Thevillon', 'imsvw@hotmail.com', 'a663e19220725fb875667eb77b776d9f3ca1268dfcd081d6daf280be7f8c73f4660564cf58813c65969114b6aa7c2992664fa97c02d0ed50d264916856ff8a97', '1981-02-27', NULL, 0, '0000-00-00 00:00:00', '0000-00-00 00:00:00'),
(54, 'Renaud', 'Thevillon', 'sejqq@hotmail.com', 'fd9a5959ea227424b1d9934d7c0eb81210c25b25f9e4dce5c2a5134b28ef2760209ccae6f149f7de217d2f1ecc95b437ad976f9aaadd01c1249d12822d761032', '1981-02-27', NULL, 0, '0000-00-00 00:00:00', '0000-00-00 00:00:00'),
(55, 'Renaud', 'Thevillon', 'aymrq@hotmail.com', 'a89054bce65e74a4b0b1457426fe9ea7551bbcfffd7edb54e9702f54656d1277bafa3fbba52c057e5a8214bd97afbdbbc7a8991d48a2de0092358fa6d8928258', '1981-02-27', NULL, 0, '0000-00-00 00:00:00', '0000-00-00 00:00:00'),
(56, 'Renaud', 'Thevillon', 'feqlk@hotmail.com', '5c599f21137f523d5eb4c9a38976a39fdb5e41d966651fa3272611d0343d079cb0f552bed50733217542a86cbf8b691a49317b6fb8031b32366e8d1a696f848b', '1981-02-27', NULL, 0, '0000-00-00 00:00:00', '0000-00-00 00:00:00'),
(57, 'Renaud', 'Thevillon', 'eorzt@hotmail.com', 'c3d38013c3e6b04abe8b9ad1d021f0446ca7fb6bf14811679f94be5e25725560d258836437a571b8523ebb7265b9f8b6496a180c09e372a4a8f6f984c5320005', '1981-02-27', NULL, 0, '0000-00-00 00:00:00', '0000-00-00 00:00:00'),
(58, 'Renaud', 'Thevillon', 'rryus@hotmail.com', '28aab4820d7834f298c0f3875c3cfd5396f433ebd433bac03530242de99f5560c4e4fef4dc0a098e4c4cfe91d95726d73c1aa0b082e553f1ffc482972bb26300', '1981-02-27', NULL, 0, '0000-00-00 00:00:00', '0000-00-00 00:00:00'),
(59, 'Renaud', 'Thevillon', 'zbjdv@hotmail.com', '3a33a9bae3cf223933f2f9ba611e775f3aac4f94bdb302f438d1f54543869c33572e4318596f468de995c0b8c4fcc68f3abd1a0679dc0943a0c95d2decc66aae', '1981-02-27', NULL, 0, '0000-00-00 00:00:00', '0000-00-00 00:00:00'),
(60, 'Renaud', 'Thevillon', 'vvzef@hotmail.com', 'cb23a8497808355a272fc1d89e20ce2f7d81a5a1216433a3a0c26bb67d04c5f8608589334f37919c58588eff142e6f8c0c4e8e5517a1935aa36fe4e9c8bb9b1c', '1981-02-27', NULL, 0, '0000-00-00 00:00:00', '0000-00-00 00:00:00'),
(61, 'Renaud', 'Thevillon', 'xhldy@hotmail.com', 'ce0394d9342275277fc7bbb5f6fbb69be36c387d78813f0681c915a8957aa3ae76542328555772877449f1134f56904a19c206e20698b9a5596152fd8bfc0515', '1981-02-27', NULL, 0, '0000-00-00 00:00:00', '0000-00-00 00:00:00'),
(62, 'Renaud', 'Thevillon', 'hveyj@hotmail.com', 'cc2b668c4274e02114e22236029682a5a3a752e0df7df186884465e185c63de484ebea6fa85826ff6b12d506b8206d9a90fdc6d5b7302269928dc3821ce980e9', '1981-02-27', NULL, 0, '0000-00-00 00:00:00', '0000-00-00 00:00:00'),
(63, 'Renaud', 'Thevillon', 'mtphq@hotmail.com', '9a066afa56435549de41dcbd08ac89523674e335ef23bec8b0d1e81c3774b1d25369d44c919f76bcdceb743f1edb3e1ea8723741f10d0df7fdcd36e2f4afe6fe', '1981-02-27', NULL, 0, '0000-00-00 00:00:00', '0000-00-00 00:00:00'),
(64, 'Renaud', 'Thevillon', 'vhrqe@hotmail.com', 'f5b3b2fde3e5a308b776b99f23db59f1d875d7c3b8406f1f48eb3add5dac90eb9d6c8fa3cbe334414177052de9b121dfa1f1d5aaf91dda2e0c002f507055c1e5', '1981-02-27', NULL, 0, '0000-00-00 00:00:00', '0000-00-00 00:00:00'),
(65, 'Renaud', 'Thevillon', 'kwumm@hotmail.com', '516704ba9f2e2ba1ee92f3cb7b7537f76882da16a9ef5b3f1f06ed61bd97c9d7e25a780e3588a300dad9f5cab93b2090f6df78ea0f4f6b516c1b8fd17863d968', '1981-02-27', NULL, 0, '0000-00-00 00:00:00', '0000-00-00 00:00:00'),
(66, 'Renaud', 'Thevillon', 'asmsd@hotmail.com', 'f92336903379d7523b1df5183a83d1554b93e27db2d77e2ff01c8403bd835dfc1740c0ef433fca99d2846cded77d55f6e1701421afb5249b9090c643318e28e5', '1981-02-27', NULL, 0, '0000-00-00 00:00:00', '0000-00-00 00:00:00'),
(67, 'Renaud', 'Thevillon', 'oymdz@hotmail.com', 'db6496a86082c643f7719db8d3712740388a36ff97da938cfd7d2f17eb4c363d0a3715e35acefa56b1fcb8b003e5a8c40efc384a9267afedba71f0d88ea637e2', '1981-02-27', NULL, 0, '0000-00-00 00:00:00', '0000-00-00 00:00:00'),
(68, 'Renaud', 'Thevillon', 'rkmwb@hotmail.com', '798547a9435e78acfded316eac4d9114a6cd6e2c184b5f611949da3eb084270049831a3e59e8e25f72a7726ef42bb457a894e633a9b55544ff3ce31e659398a2', '1981-02-27', NULL, 0, '0000-00-00 00:00:00', '0000-00-00 00:00:00'),
(69, 'Renaud', 'Thevillon', 'daqlo@hotmail.com', 'd1b9ebe0cf732511c7e6889950f48af52f6c8e282b3f6c219aa7454bba401ff823b0e3dd0af3033fbd469fc5c5e96fc715b29b468064023551d3fe67d9693875', '1981-02-27', NULL, 0, '0000-00-00 00:00:00', '0000-00-00 00:00:00'),
(70, 'Renaud', 'Thevillon', 'xigfy@hotmail.com', '733db053e544edccd26636d569161e3854014fb3064022c072ee57449a431610a171f109a6f0f59ebaa82df244d4ccbe6ce183a36ed192ccd81db51eac6db9d5', '1981-02-27', NULL, 0, '0000-00-00 00:00:00', '0000-00-00 00:00:00'),
(71, 'Renaud', 'Thevillon', 'jbbwx@hotmail.com', '29eb113cecc863316e929941d613b4901c1c09bac7550827f161957e4b19927107b2578c35632daa4eb32bd7130d8358f0c99268b290bafc13e1c7d57a476026', '1981-02-27', NULL, 0, '0000-00-00 00:00:00', '0000-00-00 00:00:00'),
(72, 'Renaud', 'Thevillon', 'cmqsb@hotmail.com', '88aa561605e3a3f8a3aa7fe74535abcb63bfc275e252d68eecd0117a2ef512933a37de7bd5c4bf2057e9aa6e1ffb85992ef58db6f0349ca9ea6d6df29257fb8f', '1981-02-27', NULL, 0, '0000-00-00 00:00:00', '0000-00-00 00:00:00'),
(73, 'Renaud', 'Thevillon', 'mjmgt@hotmail.com', '72db224b58f5f47fc65d4c1155615aeeaab5dd4d50d85892f026d6634e1ae163e55827e277d654cef23b14e03449fe7360496e5aeebc6e1ca9a8bff5a27f3283', '1981-02-27', NULL, 0, '0000-00-00 00:00:00', '0000-00-00 00:00:00'),
(74, 'Renaud', 'Thevillon', 'ifuvo@hotmail.com', 'e9b10f4d90cdd75b1c6f4895f60b851c8e3a11b23beb3876f67938a256cb8dab561032f5e5567cddebf5a4ff8cb63ad989913bc40a41770d9ba7b7ad8e2037e5', '1981-02-27', NULL, 0, '0000-00-00 00:00:00', '0000-00-00 00:00:00'),
(75, 'Renaud', 'Thevillon', 'xwanr@hotmail.com', '3d8d3ea0f52cba2daf1ba0be9a58904d24ed138b9ddf7365bb20e51ced583502532f9915c5ca6bcf4aeb30acd89e12b894dc1f04b73fb11aad97578dbbd58982', '1981-02-27', NULL, 0, '0000-00-00 00:00:00', '0000-00-00 00:00:00'),
(76, 'Renaud', 'Thevillon', 'vjnwa@hotmail.com', '5a213182b3975e8146a41b4940a5531cd92fcefb048a090bc1761255606d05294a08a3f3f346110f286594bf11aaa41d2bde389204daa24f7aba4582c8643f5f', '1981-02-27', NULL, 0, '0000-00-00 00:00:00', '0000-00-00 00:00:00'),
(77, 'Renaud', 'Thevillon', 'ujyhk@hotmail.com', '0e78a06886104129d19f0115444b6a452aaee381ecfc3c1a34e91a838d86dd9504751e36a4dbbfce4aabe9eb20aea03e7b367d95c78c0db6719a3d4771c05fe5', '1981-02-27', NULL, 0, '0000-00-00 00:00:00', '0000-00-00 00:00:00'),
(78, 'Renaud', 'Thevillon', 'serdn@hotmail.com', '04cca778a2af66853b1bd5eb030f7f43915eb6fb6d705a40149216faf3a6d8e5377a91fb17e9e5a649d7f502fdbf0aa60843a973e5717787f739c8a7b38262de', '1981-02-27', NULL, 0, '0000-00-00 00:00:00', '0000-00-00 00:00:00'),
(79, 'Renaud', 'Thevillon', 'abeoh@hotmail.com', 'f27f1e7277b8562b38a319d4216846167167e957b74208c943adc34db09b72726124c9c6a3c73fd276d3c5894915beb3af203afc41aace5b0e43547c75ef6a7a', '1981-02-27', NULL, 0, '0000-00-00 00:00:00', '0000-00-00 00:00:00'),
(80, 'Renaud', 'Thevillon', 'mshay@hotmail.com', '06fc4070aa69ddaeeec6be3029a5ae2175eb3233d123fc581158bd3c6605bab9d1ecd9f6d95521ab42e6ea2160f7b48997385c7b2494cadd1c5691bfd78a65b9', '1981-02-27', NULL, 0, '0000-00-00 00:00:00', '0000-00-00 00:00:00'),
(81, 'Renaud', 'Thevillon', 'rojbr@hotmail.com', '25347cc1c57cc051e9104b72f79ff256734bd41fda660c1be0eb5539bdf37c209278ba87ec8a0ee848e72375e528514c49994951a8dcf1ec4944bf38cdb3134f', '1981-02-27', NULL, 0, '0000-00-00 00:00:00', '0000-00-00 00:00:00'),
(82, 'Renaud', 'Thevillon', 'bsccj@hotmail.com', '1504a701de8a6de890e05508130b143ec17aaa8285b2a1367bb4f197c34cc45081b95207a2a252149eaf7a8866284e4e3736fcbd5670557db8da47d74c1bb331', '1981-02-27', NULL, 0, '0000-00-00 00:00:00', '0000-00-00 00:00:00'),
(83, 'Renaud', 'Thevillon', 'defsw@hotmail.com', '717910d818d4b9e11ce648029614fbde22c0347c629687ade1ca6a79458783744ed2a6ff080dd138326ce31a69d367c2afc45ae221c2b122ba92ccef5435f782', '1981-02-27', NULL, 0, '0000-00-00 00:00:00', '0000-00-00 00:00:00'),
(84, 'Renaud', 'Thevillon', 'clvvw@hotmail.com', '8a6bd1a5197fb3ae52b32ea1f11505917b03612ddce436fc8d4cbb8ab9e7388e660af9a3804894814bd41effa65ddef6435661df8c0cfdc51c01f73ec1caa191', '1981-02-27', NULL, 0, '0000-00-00 00:00:00', '0000-00-00 00:00:00'),
(85, 'Renaud', 'Thevillon', 'rjdho@hotmail.com', 'c6557928b8426449f3b0f56ca19856c006c41ce14ee35de5693ead64ab3e63946dc139de95751e09a271509884271ff83bf05a5c19221a3636add573aadb5868', '1981-02-27', NULL, 0, '0000-00-00 00:00:00', '0000-00-00 00:00:00'),
(86, 'Renaud', 'Thevillon', 'vykcb@hotmail.com', '5b43171473316d83ebb3a31cf3f64db2b8b8ad6749247bfd7baa9adff32e6130c225ccd4eb92b59e53b802328a9a9e0119397ee843069497ef892f3f208a3311', '1981-02-27', NULL, 0, '0000-00-00 00:00:00', '0000-00-00 00:00:00'),
(87, 'Renaud', 'Thevillon', 'vjfad@hotmail.com', 'fc4c256943b414e2ba7b3d72f75c3128e2f301e3171f34b49ddb671ac3bd64126339d719bedc90c0f6b578b8d52e34fb99a378e8016aafaadaef58a9dec1d472', '1981-02-27', NULL, 0, '0000-00-00 00:00:00', '0000-00-00 00:00:00'),
(88, 'Renaud', 'Thevillon', 'klxgw@hotmail.com', 'a077fd6665bc7f38be1dd035e5017782a22a16a9523046b2a844d4f3f80f2d49fb2e420e7faae15e9176a597960b2a3986e4c66010accb3f72e5c8772ad9be2e', '1981-02-27', NULL, 0, '0000-00-00 00:00:00', '0000-00-00 00:00:00'),
(89, 'Renaud', 'Thevillon', 'jtxcv@hotmail.com', 'c5245f2ee1a6406820896f6ad185510be2fe7840327acbf39c8ae708ede6e0e44cdaf06d35e7e559d628bb02967ebe1d1fb0d69d7e8dca93a2bfc477a4c5b29e', '1981-02-27', NULL, 0, '0000-00-00 00:00:00', '0000-00-00 00:00:00'),
(90, 'Renaud', 'Thevillon', 'eptzi@hotmail.com', '9629045918854ebdea7f1c7e87567c546bcc11bde93ffcaa916898f2230cfef5af43bd24b7fbe088bb097a20854107b8f403999a7112f7ee55b0ef89add12f7e', '1981-02-27', NULL, 0, '0000-00-00 00:00:00', '0000-00-00 00:00:00'),
(91, 'Renaud', 'Thevillon', 'lgdtw@hotmail.com', 'a7b3977c2166543077a8fa820fa181efcd038dab7c0e5dfe3cc0eb20a5fbf278e42163f434df49f1f0637d9d12666f6b0d17ec0fc0e8a0a0d353fc19fc9b8461', '1981-02-27', NULL, 0, '0000-00-00 00:00:00', '0000-00-00 00:00:00'),
(92, 'Renaud', 'Thevillon', 'ixazm@hotmail.com', '6eba091421952b9dd88068fe71abba9a9bb6be63dfdaf564c6128abd8e05e4a524ebd0df8f07d074eb6f57d1ac47a8a4cb43db28020b9f4fb267d50d5e7f0c28', '1981-02-27', NULL, 0, '0000-00-00 00:00:00', '0000-00-00 00:00:00'),
(93, 'Renaud', 'Thevillon', 'ciczz@hotmail.com', '377088803e00b8cf81d58efefe1a547ddef74e47176f286da00b3ec28eada5ed5e5d630a84ff7afea6c568d50e488e7826bddd824039fba1579220f5b92066af', '1981-02-27', NULL, 0, '0000-00-00 00:00:00', '0000-00-00 00:00:00'),
(94, 'Renaud', 'Thevillon', 'mhgjh@hotmail.com', '7c6de2719710c680706c7231aa7003031c4d90d9d035c1e6be2bc3c9f0842931a3e1d58a914c8bafaf49508033040e0a2e18f97463143ee9a4a6547bce453b69', '1981-02-27', NULL, 0, '0000-00-00 00:00:00', '0000-00-00 00:00:00'),
(95, 'Renaud', 'Thevillon', 'xkvwd@hotmail.com', '3c8fc112465289879d39486e690902ba4f3f7b6d7b0e2544a65dfa49b611e938ee579fd0c8ea0377575303ee748a22d4ae21d29c61164ace3d06db9ca6bdc33a', '1981-02-27', NULL, 0, '0000-00-00 00:00:00', '0000-00-00 00:00:00'),
(96, 'Renaud', 'Thevillon', 'cbmbs@hotmail.com', '91c109bd3e990f12c9fe74c2c21fb0e226e2c55255f8b2808b70259bfce2b31bf64fc811cd3233f2928c7612ca9d7284df4804f88a89d9549358a52dfd61eb06', '1981-02-27', NULL, 0, '0000-00-00 00:00:00', '0000-00-00 00:00:00'),
(97, 'Renaud', 'Thevillon', 'puehw@hotmail.com', 'ac5f5fcf6ad47ccb8b7ab95b64c4897c542f6eb8184b41f63f96af7e09fab78fffe540b28e6971378125f30b06c89f1c339da5549c1d8493e1e3a3d644c6d360', '1981-02-27', NULL, 0, '0000-00-00 00:00:00', '0000-00-00 00:00:00'),
(98, 'Renaud', 'Thevillon', 'ctyxp@hotmail.com', '0dbf2ff47328fcf287a7eda2f494fb0bd3415c3dcac4526dea06c190e48b559db6691bfd02e3e17bd22cfe1744cfa7cc53617eae1c7a733a7c8e6f975787c6be', '1981-02-27', NULL, 0, '0000-00-00 00:00:00', '0000-00-00 00:00:00'),
(99, 'Renaud', 'Thevillon', 'zunrq@hotmail.com', 'd54b60bf1c36c4bdb2c6e37095bb304e8c93e911e9bc92d8f45d10d02931a4ef5d6e37e0c7b5930b437bb7cc79645a94a5ba74863191537fe50e157257219cf9', '1981-02-27', NULL, 0, '0000-00-00 00:00:00', '0000-00-00 00:00:00'),
(100, 'Renaud', 'Thevillon', 'jrazm@hotmail.com', 'cfbd08619559c35515dd561d6f944706b5d35d779ba70e76c83cbe482b5b6173ca3a037ba314add1ba8256917880f6ada0bd22410b36d53eabeb22bbea18c82f', '1981-02-27', NULL, 1, '0000-00-00 00:00:00', '0000-00-00 00:00:00'),
(101, 'Renaud', 'Thevillon', 'htuuv@hotmail.com', '7d383834a8b1759b3813eb4ba09a37a81f9f40e9a246d9f560b681dd38599f948c76239b96043c3ef690a81710974e2fb9fedc44c429a8ef9308c2d1ff0a593d', '1981-02-27', NULL, 0, '0000-00-00 00:00:00', '0000-00-00 00:00:00'),
(102, 'Renaud', 'Thevillon', 'mllqs@hotmail.com', 'c5d1a13ccfe3f760d4c0914bda18f4f7a4aea67e4519a25b7f2907f80a555c329434f88d30e7afe01c11599decfa254cd5642089b7f6e53c361dae76dfcbc2a2', '1981-02-27', NULL, 1, '0000-00-00 00:00:00', '0000-00-00 00:00:00'),
(103, 'Renaud', 'Thevillon', 'twvbx@hotmail.com', '9c59018c302f31c57534deb671f325c18fdcb5c822107ca7d5ff4833813f3dc1447e2ba5cf47abb0a01f3eae093b0f4f37b2557dd757ff8061f2668607d31e9f', '1981-02-27', NULL, 0, '0000-00-00 00:00:00', '0000-00-00 00:00:00'),
(104, 'Renaud', 'Thevillon', 'mlnuv@hotmail.com', '1f81391e6ce7068a64d2d4fedf839f1f6f14fda1197d84f56b2c9de604e686a2c1571de6ee95e5aa85a0fcec608da15aeedc0bf2ef480acf18eb485ac1b93313', '1981-02-27', NULL, 1, '0000-00-00 00:00:00', '0000-00-00 00:00:00'),
(105, 'Renaud', 'Thevillon', 'pvubm@hotmail.com', 'b51d0548d3be7a9fb0d6831866aae2b12ddcec92084fe05ac02128a1dcd7991bd264b97fa0c86a2db633bef2274eba79721ec380258909b7063245f64ee31012', '1981-02-27', NULL, 1, '0000-00-00 00:00:00', '0000-00-00 00:00:00'),
(106, 'Renaud', 'Thevillon', 'hmgnh@hotmail.com', 'b4edc085ce4a95120566143723cd7c6b2db4ee4ff80a725b5eeacb7a9b7c88dbba71a84f6c4aa9dfcbea766b849ce4260458848f956fc63370193d16c48fd157', '1981-02-27', NULL, 1, '0000-00-00 00:00:00', '0000-00-00 00:00:00'),
(107, 'Renaud', 'Thevillon', 'jnxnl@hotmail.com', 'b86466a87db1d1f998f556744938f8e72152a43587ddfd74798c922e7ca458ec6986a3f8f993d41b22a5b7626ef8f68e24d3a70e9cc535b223a29839109636f3', '1981-02-27', NULL, 1, '0000-00-00 00:00:00', '0000-00-00 00:00:00'),
(108, 'Renaud', 'Thevillon', 'bfjuj@hotmail.com', 'f1187611a3de7abd2148ac3d9a8e5095426eb8b9172f3171002fe373416ee84a59cf8a0fc74f5a3a2e2859d5b92e6d5c8816313c1de998865169b79fba85fd65', '1981-02-27', NULL, 1, '0000-00-00 00:00:00', '0000-00-00 00:00:00'),
(109, 'Renaud', 'Thevillon', 'dechh@hotmail.com', 'a1b3c62b0d9b329e87bcc942cb204a8f26ea1c538048d0e70e313e4d9302f7af052ff98c5157e948d5407ee701576ccf304487ef862c6c5b5a6e430a1585e605', '1981-02-27', NULL, 0, '0000-00-00 00:00:00', '0000-00-00 00:00:00'),
(110, 'Renaud', 'Thevillon', 'qqffu@hotmail.com', 'fc9ba93e23e028eb17ecf602b275fc6cb530c3ebb472aa7b3d1e048dfe983ffd89dad1f8fbffc911a4fee6d3020f7e0b824cfff59735d4f48f1032fbc0b75579', '1981-02-27', NULL, 0, '0000-00-00 00:00:00', '0000-00-00 00:00:00'),
(111, 'Renaud', 'Thevillon', 'qywzi@hotmail.com', '962935174aeac4a86c79fcbc5bc7d130007ea89ff5ea0eab4e81f1163fd35a72b0b18611b53c7402eeef03661fda0e35d7d894a19f2b2856d4979377bb41eccd', '1981-02-27', NULL, 1, '0000-00-00 00:00:00', '0000-00-00 00:00:00'),
(112, 'Renaud', 'Thevillon', 'qcxgv@hotmail.com', '224b258cfe8fd6e09d101dd80f24920a462cddb255822694af1143dcbf8bc22c7edec51aab997a6476dc53fae16db2ab0695346db5ba895962072d5344637ba2', '1981-02-27', NULL, 1, '0000-00-00 00:00:00', '0000-00-00 00:00:00'),
(113, 'Renaud', 'Thevillon', 'mkhgp@hotmail.com', '8a48ac37be3cf4e7c5c1d7faaa8f0f80043be1d905f0659f066576f04de83f2e5d6c7f5db7c8acc43a6363a8b12805d6377181ba4fb93b38427ba3010409b0b2', '1981-02-27', NULL, 0, '0000-00-00 00:00:00', '0000-00-00 00:00:00'),
(114, 'Renaud', 'Thevillon', 'hbfij@hotmail.com', 'a92f60e8373c80e7629d007488f073504855ccbbb314f27c80ae36fd378aa7a9115255eb21c63c89564be49e229e74bc47800ddc0d5380a04827776ae07c9d15', '1981-02-27', NULL, 0, '0000-00-00 00:00:00', '0000-00-00 00:00:00'),
(115, 'Renaud', 'Thevillon', 'qcgdy@hotmail.com', 'b0fd9cc1fe456abbfa22de782d60c9595f5141600b06c9a147e7f5f6abc22ae29e0197bef4da9e0e49bd9fef8e2f4351f5a62ba3d8ba8a2c05e8c1b7c209a8f5', '1981-02-27', NULL, 0, '0000-00-00 00:00:00', '0000-00-00 00:00:00'),
(116, 'Renaud', 'Thevillon', 'flagb@hotmail.com', 'ca7f36576f684bd9bba9ad23b4e988d686db094283beb0be85983ea9bc0e73bb59b5286cdbbb121a4b8b62d6d90da2f80514a4be3373ed806be8d19ea94c554d', '1981-02-27', NULL, 0, '0000-00-00 00:00:00', '0000-00-00 00:00:00'),
(117, 'Renaud', 'Thevillon', 'uplqs@hotmail.com', 'bc552b38f22d698dd286fc1e356839fc1ff0b3c06e9d89dd6d61c43d3c831b3f01aff595f821d8b9fd241db3572032e37d0e46779858ba3e58fde4db0d58d0e7', '1981-02-27', NULL, 0, '0000-00-00 00:00:00', '0000-00-00 00:00:00'),
(118, 'Renaud', 'Thevillon', 'yerwz@hotmail.com', '5caefe23f18a906293a5b708f342fa01547226e2ec51b8534be4fd67f42bb66641cd162ae2d9cd64b6f190b95e974c326690093f75e9fd5a36cbee8d32c0d1fb', '1981-02-27', NULL, 0, '0000-00-00 00:00:00', '0000-00-00 00:00:00'),
(119, 'Renaud', 'Thevillon', 'ildtz@hotmail.com', '26751c0cf09c256362504bee1aad4ef3ad69d4177921bb9165633729f8de9e5a8bc7036a7e680ed03927b4aae3461f0671dfbfa00e5c9723781a71fe88f0569e', '1981-02-27', NULL, 0, '0000-00-00 00:00:00', '0000-00-00 00:00:00'),
(120, 'Renaud', 'Thevillon', 'diaqt@hotmail.com', '25d88f0ed6b6ad0088f2fdb63d0c9a034665c3c20e9636b090554a183085bd9acda18d393a53ce98fd2d81c8ac6cae1052b0d45f5333eeec744fb880df194c75', '1981-02-27', NULL, 1, '0000-00-00 00:00:00', '0000-00-00 00:00:00'),
(121, 'Renaud', 'Thevillon', 'xgwqd@hotmail.com', '85a8e625ff3d488e474e6f2baa1b81090eee2b2694b085d3aef66d8c07f17abf799c830f2e31f9fa900eb5eae63d0b11ad454ff709dfb81bf703a5a2e997f14f', '1981-02-27', NULL, 1, '0000-00-00 00:00:00', '0000-00-00 00:00:00'),
(122, 'Renaud', 'Thevillon', 'zxdmx@hotmail.com', '37ad24abcd9e68329abcdb902f952f7005df3e62dfca06e7642d84a13ee3eb467e8f7fafe5fbce5b6975958228b87121fbc6d4dd05fe714fc419a481dcf01b46', '1981-02-27', NULL, 1, '0000-00-00 00:00:00', '0000-00-00 00:00:00'),
(123, 'Renaud', 'Thevillon', 'vulrp@hotmail.com', 'b9752763a4c31ed6c0da3be51d6c2941af2c0504b1f477bafa8f4899fa91d460a30ea2fd16d46fdda380774b8ddb965f2ac29ae7fc5856fa43e6ba47f4a4b04c', '1981-02-27', NULL, 1, '0000-00-00 00:00:00', '0000-00-00 00:00:00'),
(124, 'Renaud', 'Thevillon', 'qgayv@hotmail.com', '524bedb538ff230d55155e556593f52cfb8ccf29da83c0152b5f85ae069cb571c5be0c6a8d6626a71633cb3db5c83b58a829329d389cead9281bf5a95c57d324', '1981-02-27', NULL, 1, '0000-00-00 00:00:00', '0000-00-00 00:00:00'),
(125, 'Renaud', 'Thevillon', 'cdlsc@hotmail.com', '9435e4894ad52a5ce4913e6cdbf9dba58e9b219e201c53c2ab23401e01afe71cdb01eb56324a81150c04eb7451f87a412634f924433261043af9a2c07ccbd372', '1981-02-27', NULL, 1, '0000-00-00 00:00:00', '0000-00-00 00:00:00'),
(126, 'Renaud', 'Thevillon', 'qqath@hotmail.com', 'fec598b08e52ff6c47e4c0330d23f7a233b14c5ab3a91fdfe8fa4aff5058a6fc6ee395795d373c248208d7cdaecaa4bb9c205ece9db575e629140a96e4eb9a76', '1981-02-27', NULL, 1, '0000-00-00 00:00:00', '0000-00-00 00:00:00'),
(127, 'Renaud', 'Thevillon', 'zqbuk@hotmail.com', 'aae3d81c2a1b646f707d2c4689711b89fe306e2881753f590924fb4c1c7e6ed8b4f96e94759f0b8a8a67353c57f5b2d4244c65fb7fb8de928c1e1aaa11d60fa1', '1981-02-27', NULL, 1, '0000-00-00 00:00:00', '0000-00-00 00:00:00'),
(128, 'Renaud', 'Thevillon', 'hyjoh@hotmail.com', '4495768ef06c00ace3bfb894aca7e355a9de40c9635eb15f1b2cd177c2ed899112f589fcab5dfe342fe5b9b36106235dce5858c976d8d6706c35aad13671fd7d', '1981-02-27', NULL, 1, '0000-00-00 00:00:00', '0000-00-00 00:00:00'),
(129, 'Renaud', 'Thevillon', 'qqxkg@hotmail.com', '3d2765d764bb83466e9ea19c8e25d3fa25d7e3fb08de81670244e60ab4f07eea07022aa2988362c72cc6910fc14e4332ea0882282c9480082ebde41ed117a537', '1981-02-27', NULL, 1, '0000-00-00 00:00:00', '0000-00-00 00:00:00'),
(130, 'Renaud', 'Thevillon', 'dibhu@hotmail.com', '8bcd710018a24d4b228963fad1d5311e168d73a3b1011f021632b51c91871a5080da4e52158b757d4afc2ac331381b30184b1951282792f5995c3059b7de2a6f', '1981-02-27', NULL, 1, '0000-00-00 00:00:00', '0000-00-00 00:00:00'),
(131, 'Renaud', 'Thevillon', 'jhfqg@hotmail.com', '1b7ff986018d3bbe884c7ef939683d1940e252386e25d56c66411b6c9a47f86b27538bb9605fe607ad105a19a835a5aa8c72246817294be5bc2a2d96169f0f9d', '1981-02-27', NULL, 0, '0000-00-00 00:00:00', '0000-00-00 00:00:00'),
(132, 'Renaud', 'Thevillon', 'gcsce@hotmail.com', 'b1d81b652cfc673f0344d5303ddb8e5fab883951e9c4624d287139f73439d8fe665d48295e1eb3cebee65e3661a5c1ed37385ac40bbaa96b7bf5d4d1958dc068', '1981-02-27', NULL, 0, '0000-00-00 00:00:00', '0000-00-00 00:00:00'),
(133, 'Renaud', 'Thevillon', 'ftzjb@hotmail.com', 'b8f65d0b9bad4a582d81e9d7f5eb3c728769cba15d0f3422daa6948fcf6c9ef387692497126176277d54ac53f0b00b5bb229c350d12c84a67eab8bbf07ee9492', '1981-02-27', NULL, 1, '0000-00-00 00:00:00', '0000-00-00 00:00:00'),
(134, 'Renaud', 'Thevillon', 'rpeou@hotmail.com', '995d1ce52808c59e7c9ed5ff6300483fbf5ca7ff16c29b505df26b317993e0a35a8035c87e3044abd124f10c9b154ff7e8b07ea58f5cf411ee3997fa3ce0e45c', '1981-02-27', NULL, 1, '0000-00-00 00:00:00', '0000-00-00 00:00:00'),
(135, 'Renaud', 'Thevillon', 'mdjyf@hotmail.com', 'd81be67b24f52badc6ceee64dd8b72e875f77b42b5b13309d5636db77130556b59fb115325585531b1a82437ec721908ec0185a24e1a83ab25c276d0e6ac97be', '1981-02-27', NULL, 1, '0000-00-00 00:00:00', '0000-00-00 00:00:00'),
(136, 'Renaud', 'Thevillon', 'limyh@hotmail.com', '690cef01ddb787f8fceef7138397b5c826d1879601bdd7d93c67316428c5a71cd87e26b0e108af1cccdb3772cfb484a7a28f222d494d9cd73e6f313f71e7a98b', '1981-02-27', NULL, 1, '0000-00-00 00:00:00', '0000-00-00 00:00:00'),
(137, 'Renaud', 'Thevillon', 'qbovq@hotmail.com', '6e43388848d0960b789e4c63ee0faf0cbd47f6504eea40b305275269fa704719a91207fce13b46a913e6548f19b5055687e4d2f18e718955290e1f98e538ae0d', '1981-02-27', NULL, 1, '0000-00-00 00:00:00', '0000-00-00 00:00:00'),
(138, 'Renaud', 'Thevillon', 'pzaiy@hotmail.com', 'e4287c4bb94f49c55e175d3f679e3b53ce625c68971f7934899b7b4e18ca5e096f49f27bbb5ce81fc99080e166b7c3d5bb97a0406bf7a7c4c3a8373e814dadf0', '1981-02-27', NULL, 0, '0000-00-00 00:00:00', '0000-00-00 00:00:00'),
(139, 'Renaud', 'Thevillon', 'hrwlt@hotmail.com', '358961b78fb45efbe64020d70fbe0dabd1c0c2c743734d74f80d6a3ab37fb9007f43ef051be6c659e012f79da1efd5131a2865e0d01aa896a0584b73a7d1c3e3', '1981-02-27', NULL, 1, '0000-00-00 00:00:00', '0000-00-00 00:00:00'),
(140, 'Renaud', 'Thevillon', 'oehfs@hotmail.com', 'ef9cab0f1c112f44465e50dc77b12c5f0abd3b98a2a30948b3662416ea3c004fff3a0159ea5e5d061acf61558ee3fb888343aaccf0acbd5a61b725ae68a8f5e0', '1981-02-27', NULL, 1, '0000-00-00 00:00:00', '0000-00-00 00:00:00'),
(141, 'Renaud', 'Thevillon', 'unoru@hotmail.com', '46192047caea63d7099bb905b94fe0ab14e588040c4a6fffd0d82029004a4e906e62ad965e3b40bd0507a3c754dabab6f81d0d35616df215132522c77556ce85', '1981-02-27', NULL, 1, '0000-00-00 00:00:00', '0000-00-00 00:00:00'),
(142, 'Renaud', 'Thevillon', 'xuepf@hotmail.com', 'ed54cc18ae387e54934c954079bce49863022749d4e488960b1d14daa535f352e66d9489403d1c145128bf47d839eb45e9eb9bfc7969508ee707ff98b76a2084', '1981-02-27', NULL, 1, '0000-00-00 00:00:00', '0000-00-00 00:00:00'),
(143, 'Renaud', 'Thevillon', 'rseyv@hotmail.com', '4a30554558df6381a97c7e9935e19abbda4582a63975d087b41b4300244e4dc8ec5c3e3cbc0f63b1d05157137b22384ac726bd6e796de0f77eee42624a5612e9', '1981-02-27', NULL, 1, '0000-00-00 00:00:00', '0000-00-00 00:00:00'),
(144, 'Renaud', 'Thevillon', 'ooyor@hotmail.com', '3313f30a5d2182425acaa8bb168818b794cb255eae881ff76262e1fba3d8aca6794fc200f8b97e94abe4a44640828476206f30e1d055b159c4af716a14eeaa9f', '1981-02-27', NULL, 1, '0000-00-00 00:00:00', '0000-00-00 00:00:00'),
(145, 'Renaud', 'Thevillon', 'wqcak@hotmail.com', 'a7ee1325b4a7173e0199976b02f2b7e306db3ced44e1aa1532b521ce1fc85e16765c92f8b7b5c9580742c13c898de51d0f7f33e65257ffbab4dead68a132c56f', '1981-02-27', NULL, 0, '0000-00-00 00:00:00', '0000-00-00 00:00:00'),
(146, 'Renaud', 'Thevillon', 'uiolx@hotmail.com', 'a39fb12c9b95c4fdf88214721b9f1a4503b9610c4559b9fb961db9d413720a2b0ec485872a63398ee77cdc9fbe7a90af4c7bfe774626118f15be35319fb72cb4', '1981-02-27', NULL, 1, '0000-00-00 00:00:00', '0000-00-00 00:00:00'),
(147, 'Renaud', 'Thevillon', 'zqpco@hotmail.com', '044bee8d968e80a03f4525a082089337351496d7d91508c440db867262362162125dadb51eaf0d002573acd8b78b4e130f5b24fd4f439a4635b0fce0d3b2c328', '1981-02-27', NULL, 1, '0000-00-00 00:00:00', '0000-00-00 00:00:00'),
(148, 'Renaud', 'Thevillon', 'jmrsg@hotmail.com', '21ef81ecc6476a8af326b3756e02e82bef5fa1f9c2fdecea6bb9edf7a3157160e91c76d2f075f9b31d419eac2a3384a70da42fc1bc8f57e6e7d4b545cc036e91', '1981-02-27', NULL, 1, '0000-00-00 00:00:00', '0000-00-00 00:00:00'),
(149, 'Renaud', 'Thevillon', 'hrzot@hotmail.com', 'ca7dc856b86f4b9ec4d09df8c21923c943a5bee1a8abf62b045560fba5820abab4e97d427ffcd65407524ab262bf0d10a58e83107891a9d825b8b0b11f52b616', '1981-02-27', NULL, 1, '0000-00-00 00:00:00', '0000-00-00 00:00:00'),
(150, 'Renaud', 'Thevillon', 'qsqfl@hotmail.com', '1c516b41254618fa1e8c1008902694586359a17dc54ed5222dba1929068bdecc8de7beac70523a4e680d7d18bf1a0e741bb485e48535dbc398cb45d05b311e7d', '1981-02-27', NULL, 0, '0000-00-00 00:00:00', '0000-00-00 00:00:00'),
(151, 'Renaud', 'Thevillon', 'nvbgb@hotmail.com', '2f81734f513bfeca7ff311a452442f83c1c57a03d8d4a2165b72b3877b719a16223c443d5aa4806d9cb4436ecfca95012c7bf24445f019d6f11584ee37f4d2f7', '1981-02-27', NULL, 1, '0000-00-00 00:00:00', '0000-00-00 00:00:00'),
(152, 'Renaud', 'Thevillon', 'tksgg@hotmail.com', 'f45b3f6f2370443ac7f6cd1607528a575a4a67588d2e33fbc2e39988978b4661ab9ee1611a792bb764c8bfc364e78ee43ef96d0a1782d49207cef880b3746e0d', '1981-02-27', NULL, 1, '0000-00-00 00:00:00', '0000-00-00 00:00:00'),
(153, 'Renaud', 'Thevillon', 'ahtwp@hotmail.com', 'b58cdec8961fd97f1cd82fadad550b6122d5610f28907ca047c08691d95e57d079559d0c79dde25f6a869783fba54c89b73ee529486b0ca882b516c66d8c34e6', '1981-02-27', NULL, 1, '0000-00-00 00:00:00', '0000-00-00 00:00:00'),
(154, 'Renaud', 'Thevillon', 'zadvo@hotmail.com', '09a2bd8e58559ed263b63b06184a0d3bc3519c954240dd17328094b6813ed4f9f7ae4c0a208cf33b3617e691a3dc535a341d9327701ddf9049f9fb98ac5b5f27', '1981-02-27', NULL, 0, '0000-00-00 00:00:00', '0000-00-00 00:00:00'),
(155, 'Renaud', 'Thevillon', 'yrlad@hotmail.com', 'e1332e5c542c0bd53309b389fed948b0143fa6b81a4c12aa2c9e46612ebf4bdec3c38d984f5098fa385faafcfbff812883a642645606d3ca41d9e039e04b5b9f', '1981-02-27', NULL, 0, '0000-00-00 00:00:00', '0000-00-00 00:00:00'),
(156, 'Renaud', 'Thevillon', 'sxswx@hotmail.com', '7db4df12f1f0aab7e96e65eea027ff82a1d14a864164f43dcf6f22fdf5636ab804ee8c1e8c56271d882792f9a7a6688f6a66eef44870f632bd6a68699df70655', '1981-02-27', NULL, 0, '0000-00-00 00:00:00', '0000-00-00 00:00:00'),
(157, 'Renaud', 'Thevillon', 'meyjp@hotmail.com', 'c754f735abc0164ab06d9213f38399cc3d3a3cc374dd74a87ef047316c45dd708b14757113f870fb1bee5c211002f0582ef4c733dda60dbdb05f08eaf781f01b', '1981-02-27', NULL, 0, '0000-00-00 00:00:00', '0000-00-00 00:00:00'),
(158, 'Renaud', 'Thevillon', 'ipykg@hotmail.com', '5fff83692a5eb69b29fe59dd9f3348ecf96485351148e792b00a4dd8e3791d9439373093977348fcf4405822429abfd00d093f3ccc91b5d89488606031252dd0', '1981-02-27', NULL, 0, '0000-00-00 00:00:00', '0000-00-00 00:00:00'),
(159, 'Renaud', 'Thevillon', 'swcco@hotmail.com', '2ddf8f90f80db393bde954e3439b8ff7825a0ab04583c70b7f84375d00bf4f85ea6478f57105a9213035153cc9ae839187d4ff69af24c70efaecb1f4e40f7f16', '1981-02-27', NULL, 1, '0000-00-00 00:00:00', '0000-00-00 00:00:00'),
(160, 'Renaud', 'Thevillon', 'jefwe@hotmail.com', '99e0ead457c5d5f45933b80080f787acfe9928dc6c7464e5ad36266ed0e86b86298a4328d41db11e9c9c58c0fa424c066875e34be8ec1afe54dfe6e17e5aabaf', '1981-02-27', NULL, 0, '0000-00-00 00:00:00', '0000-00-00 00:00:00'),
(161, 'Renaud', 'Thevillon', 'htkqq@hotmail.com', 'ceee7e1f3f3d95424fd5be050463b5f3bee2c4d186ee941e16ed855d4618e400ee189a7d38d1e1d82e75a0447526c2951581e9ab6a67d9876870bf948de6e35c', '1981-02-27', NULL, 0, '0000-00-00 00:00:00', '0000-00-00 00:00:00'),
(162, 'Renaud', 'Thevillon', 'ggcbx@hotmail.com', '03b6bfbc0a20131fb61aa83e276aa12432e5dca76ae374484e0e99ddb05a583109841fbb549badf2e0fd6f119eae3ebc62ee422663f520018ca9f158a54a0bb9', '1981-02-27', NULL, 0, '0000-00-00 00:00:00', '0000-00-00 00:00:00'),
(163, 'Renaud', 'Thevillon', 'jdnpm@hotmail.com', 'f4067d933718c84ba700353e44d7875c59fbf3c400b4c59b0bac9d2821a82cd7f8f76268c962c7d757a19b05aad48194f6a41b1cac38ca4a8e0d65f1d5c0e9b6', '1981-02-27', NULL, 0, '0000-00-00 00:00:00', '0000-00-00 00:00:00'),
(164, 'Renaud', 'Thevillon', 'xekkl@hotmail.com', '9cab7b5a59290c36dc224e8469b149e81448a5f7c18b0e003353f5cfbd80248710bcd0eb97010bb275c0a16902656c9a0a5f9423a3506986bed849936b6e3395', '1981-02-27', NULL, 0, '0000-00-00 00:00:00', '0000-00-00 00:00:00'),
(165, 'Renaud', 'Thevillon', 'tnera@hotmail.com', '322b93f02fa2b8a793b0702642f959d3710542284f36ec660983c36a9df8efdd2faf120f069cbe05d7a9a76408468967abd9c0ebd916ec1ff8c2a91a907a21b6', '1981-02-27', NULL, 0, '0000-00-00 00:00:00', '0000-00-00 00:00:00'),
(166, 'Renaud', 'Thevillon', 'chgzt@hotmail.com', 'aa818fbde8caa0c187092a48bd48015ce9d4e2d597c36d1ef2ed67aa72720527c690119e0ff8059d070254f949f4bdbaa469a977039340c32a6d24e68e496cb1', '1981-02-27', NULL, 0, '0000-00-00 00:00:00', '0000-00-00 00:00:00'),
(167, 'Renaud', 'Theuillon', 'rtheuillon2@hotmail.com', 'f1df08610382fe30f0c33fa590ad86d57169a9516edaca86671889525d860d71731c96a9d996ec606bc379941322a5f2bf4d356872287402580f2de1da42bd20', '1994-02-02', NULL, 0, '0000-00-00 00:00:00', '0000-00-00 00:00:00'),
(168, 'Test2', 'Test2', 'test@test.com', 'fd74746fff3a0220157abe486c83dfd6ce6f9ac1154d12be4e8c28048ee3f10bf4ad875a8dc707d9e9348639d2f72d0df3990035b592d8985f05448c0ca0a4d2', '1994-01-01', NULL, 1, '0000-00-00 00:00:00', '0000-00-00 00:00:00'),
(169, '', '', 'test@test.com', '933ee552e67c4ea2391213d598a64beaa058fcb4364f78d3362096b9864dcad2e8e67a584b319572405ef92b8766d4f701165d74a1528d29ffe871b4d7f596a1', '0000-00-00', NULL, 0, '0000-00-00 00:00:00', '0000-00-00 00:00:00'),
(170, 'Renaud', 'Thevillon', 'aurey@hotmail.com', '9f4d034953dd9d5e8480396c5b3b59730d1eacf7a10ef9a969c6cf30b4273e47132c47d8f9cb2b68b189bdaf06910711a3eb5c5ff8c11b3a3a7ee1c33a4fdfcb', '1981-02-27', NULL, 1, '0000-00-00 00:00:00', '0000-00-00 00:00:00'),
(171, 'Renaud', 'Thevillon', 'dpgjf@hotmail.com', '3c4cefdb646bb47dcfa55def3c7064466c85c628ad5eaa76ee9d5b7d647d1d9324e2fc52baa9b4d558e5980a33ba9746b27f548e0d8605568855007834b00f7e', '1981-02-27', NULL, 1, '0000-00-00 00:00:00', '0000-00-00 00:00:00'),
(172, 'Renaud', 'Thevillon', 'qmaqe@hotmail.com', 'ce628def7ee773070eb88b0659d3aeb48b72de9608a7d327f3884da345af082d3d8973959d50baf9771ed03d626c12f25eb1669bfb6f83deb1d841a6d525a080', '1981-02-27', NULL, 0, '0000-00-00 00:00:00', '0000-00-00 00:00:00'),
(173, 'Renaud', 'Thevillon', 'vabjj@hotmail.com', '06ee96a9057a24791feda6b659fe376df4b1fa6e377a34afbefcf3265949e52127ae346b11f4b4d5bfd213443091e57f134b348821251b2bc0f38988e58e0508', '1981-02-27', NULL, 0, '0000-00-00 00:00:00', '0000-00-00 00:00:00'),
(174, 'Renaud', 'Thevillon', 'ucbez@hotmail.com', '05acddd67f3eb82dbd2068847c59631a9b891876c2d2bd9dc356ea4298e219e9d3bc956b51942f5e8140d867beac5220d02e85538ae0eb4c66c773b41ac66d49', '1981-02-27', NULL, 1, '0000-00-00 00:00:00', '0000-00-00 00:00:00'),
(175, '', '', 'test@test.com', 'e9927e4d709a39e453a9390609263034d6be7894829f52049e8e0ca94cfc7c73dd9a6495168905ef3160f4829d8a33ca1aba530d78728f3e2cbba3fb831b0b79', '0000-00-00', NULL, 0, '0000-00-00 00:00:00', '0000-00-00 00:00:00'),
(176, 'Renaud', 'Thevillon', 'jlekz@hotmail.com', 'a3b91a03520ad9ee9e0f2e0bf07ed16b788a8b8abd7ae257b9e2bd4fb388f5ab806dde0fcd2b758e2da2f8c94eb237f09285c51f0af5c33f804e9552378d0c9e', '1981-02-27', NULL, 0, '0000-00-00 00:00:00', '0000-00-00 00:00:00'),
(177, 'Renaud', 'Thevillon', 'qnyku@hotmail.com', '626ee59e21dfedbcb22fbefc41d57e5b793ec4502c5f404765b6e45521e3ab4eaf4a135fd3c4e417d992843f275e5da348d9b80785fdecb0001a612511efc624', '1981-02-27', NULL, 0, '0000-00-00 00:00:00', '0000-00-00 00:00:00'),
(178, 'Renaud', 'Thevillon', 'rupbv@hotmail.com', '0becb54bc0a9bec2e560f4615271b76ff8a3a9a0383bd57b01b8ed3a87023905b9ad01ede367afa5013c2638a2551564ac6df397e2fb82170cfc4052a013a890', '1981-02-27', NULL, 0, '0000-00-00 00:00:00', '0000-00-00 00:00:00'),
(179, 'Renaud', 'Thevillon', 'fwkdh@hotmail.com', '3b59e0a2c291f97cd13990b055641aad7032a77a2858a45051fae4ba20ffffc04105d7d07f594f1a110a0b3ed0210de42865b479f762dd918286e82c79a8f32f', '1981-02-27', NULL, 0, '0000-00-00 00:00:00', '0000-00-00 00:00:00'),
(180, 'Renaud', 'Thevillon', 'hydzr@hotmail.com', 'ae59dea33972696266eb3e23e2fa011e908eb6a6e076694cf7c54b172ba80510d8ee179611560a73fa12f015a66284e34e5eb51c30e962bd149a3bc90bdd6a8f', '1981-02-27', NULL, 0, '0000-00-00 00:00:00', '0000-00-00 00:00:00'),
(181, 'Renaud', 'Thevillon', 'kcsdj@hotmail.com', '2a52e115031d0aebb6ba924750145d5ce50a6d8fd71b4f109681e276d658ecc33c772ae1fb20d21a75b5fef3b949d8af78ca5b2db5cd290ee1e7826bbd7b1cd1', '1981-02-27', NULL, 0, '0000-00-00 00:00:00', '0000-00-00 00:00:00'),
(182, 'Renaud', 'Thevillon', 'iwuod@hotmail.com', '85877070a091c92fc972b09f1772e7ee057d0645432229b1a4dd65d532699aab94eca098fa20a87f2a669bac43c993cdb98beb3894b9bcfe41fbb5d19bc448e5', '1981-02-27', NULL, 0, '0000-00-00 00:00:00', '0000-00-00 00:00:00'),
(183, 'Renaud', 'Thevillon', 'jqtit@hotmail.com', '33d2080a64737f6a37201fe50e630a313a6cd769f9f0bdefd2ac0885157c1739f6d2e0be1c03acd5eda06fd0eb6ca7ce2638b6071c0546de25ef6c4b72573e8d', '1981-02-27', NULL, 0, '0000-00-00 00:00:00', '0000-00-00 00:00:00'),
(184, 'Renaud', 'Thevillon', 'dsnkn@hotmail.com', '73e992fdc7ea72c5ec39a3d091224ea8d645853f3c907a328958b088fe37ba3fc0992710ebd8b756b77292a2b284f30b3f8430aa0b288dc22a2368ae5af686e5', '1981-02-27', NULL, 0, '0000-00-00 00:00:00', '0000-00-00 00:00:00'),
(185, 'Renaud', 'Thevillon', 'wnccp@hotmail.com', 'aaa10186759db39472aebf3bff9623dcdc98a885cd6ae122b7db0ac919343f4497304ff458bc15d90ee9eccc812c4abb6cad9473a744e32bbfb9d7c332751ff9', '1981-02-27', NULL, 0, '0000-00-00 00:00:00', '0000-00-00 00:00:00'),
(186, 'Renaud', 'Thevillon', 'howej@hotmail.com', 'b4f554b0a75c85117723248304efa36e3da1cb45fb21c7a938bc394c6ba377e1847a1e8d12b364d701e8d8484b875620f7dc3694c5bae755dd09fa57aa8fd146', '1981-02-27', NULL, 0, '0000-00-00 00:00:00', '0000-00-00 00:00:00'),
(187, 'Renaud', 'Thevillon', 'btoli@hotmail.com', '78517667612f875fc0811e921053254ceed80eb83ba46d7a0ed561f2d1bb53f3818f9e940b6b4364f8c4e144af3e289ff106adecd33ee3eaca5dfd75f1c30b4e', '1981-02-27', NULL, 0, '0000-00-00 00:00:00', '0000-00-00 00:00:00'),
(188, 'Renaud', 'Thevillon', 'mudeg@hotmail.com', '68f6d22ac9239c688756743465e9f44f6556e9ba8b3c6731576ee4c799d48e6e9d570b6a64baa6b00fb83d41a55599565c86a47368bba18a500779f67b44120a', '1981-02-27', NULL, 0, '0000-00-00 00:00:00', '0000-00-00 00:00:00'),
(189, 'Renaud', 'Thevillon', 'yktdq@hotmail.com', '12dece252280f780cd2712c1359137616d2dfa98494f1755cd09ff522b5928c59d936595fc6a2cb7ba23d7a895ad4f50cc0e3005132651801bfce88edf897c01', '1981-02-27', NULL, 0, '0000-00-00 00:00:00', '0000-00-00 00:00:00'),
(190, 'Renaud', 'Thevillon', 'tiohv@hotmail.com', 'c94bef42bf7d3770e7f11b882d456cca7766d75b7291063fe3e0dbdee8d14c68b96690762ef7bfbdd6565e4d9a1115eef9915ce57914301f07548264f33c250a', '1981-02-27', NULL, 0, '0000-00-00 00:00:00', '0000-00-00 00:00:00'),
(191, 'Renaud', 'Thevillon', 'yiysa@hotmail.com', '56842d76cdd8214ce2386a8d214ae6939080f56e6cf3e719a9cd4986e7e0c6e37e16296439d837c2204b3aca340616cbc57e9aa3066f16bbadb6d17392aea78a', '1981-02-27', NULL, 0, '0000-00-00 00:00:00', '0000-00-00 00:00:00'),
(192, 'Renaud', 'Thevillon', 'akfen@hotmail.com', 'e30f0d37e0eb6909ce822c9accc87eb7ff696586c010c833af86ddb43a2e9f0ead09ae58be9d257ea7019f5b383df6471017e5705ebaa17705630f2f6b91b5ae', '1981-02-27', NULL, 0, '0000-00-00 00:00:00', '0000-00-00 00:00:00'),
(193, 'Renaud', 'Thevillon', 'alola@hotmail.com', 'b5d012f758b7791db4b77b4674f6adfedd6f4356f78ab2e6af69d93b0b191e4eeb7677dd0a738203cd2c229a6f96fd8621b8e9e40063d2c61c2c4a68208f43f6', '1981-02-27', NULL, 0, '0000-00-00 00:00:00', '0000-00-00 00:00:00'),
(194, 'Renaud', 'Thevillon', 'tqyce@hotmail.com', '6248266019cb2d05245af558f1f4180b0961d3526c5ffe8aea97fdd67345eb022156cc889542da37ff40f5cd64cb1d31a53f92aa8dd382154b785b767c25e7ba', '1981-02-27', NULL, 0, '0000-00-00 00:00:00', '0000-00-00 00:00:00'),
(195, 'Renaud', 'Thevillon', 'kwpld@hotmail.com', '962d276b433183197ec026aad698ea8ca64165bcb2246bd76956c4f805ee3b037c6d14eb3194a77e71d3cbdf3aa9ae4d1c0c94a3f0f6411509c7239657ce3a4f', '1981-02-27', NULL, 0, '0000-00-00 00:00:00', '0000-00-00 00:00:00'),
(196, 'Renaud', 'Thevillon', 'mvcyu@hotmail.com', 'd87ca7cfe5fa1a9043ab77345be09fa3f1edfae81227868b34106a7f5aec854384fc38a7e554a13b5381ca54e4536120a0ebc09f4f1cd169e979e9ec68ddf26a', '1981-02-27', NULL, 0, '0000-00-00 00:00:00', '0000-00-00 00:00:00'),
(197, 'Renaud', 'Thevillon', 'epedf@hotmail.com', 'c5ea3cbf712900ae9f938d1dc8d32766838598bce7b2eb096e01a69e4f72379ec8fa27b5e8986556dae589f9ec59e4a64438dcb34315a8ecbfcb102b2e117bfd', '1981-02-27', NULL, 0, '0000-00-00 00:00:00', '0000-00-00 00:00:00'),
(198, 'Renaud', 'Thevillon', 'cdgyk@hotmail.com', '06f273f1d8b74047653e6ae3d73b55f1865509deee9cf85c698bde30370a8e1ab88653291e680ce03187923b1f1690b40bec21b68ede849f462377e09ee577f5', '1981-02-27', NULL, 1, '0000-00-00 00:00:00', '0000-00-00 00:00:00'),
(199, 'Renaud', 'Thevillon', 'phdga@hotmail.com', '42a8b01c123eaf69ce264b6c18c894006c96e2d9f52f8fafb12c072ad7777f496113b6b1bfc8dd2a70a96617f7908356535077bba9daf128dbf398c57d6c4a2a', '1981-02-27', NULL, 1, '0000-00-00 00:00:00', '0000-00-00 00:00:00'),
(200, 'Renaud', 'Thevillon', 'srwbl@hotmail.com', '8cb2763ef4cb123b903e0ecb652f73686513f739f39aca450fe5f3cecbf19cacdb05541b4e4b9c2e6bc10b4b691b20597d0a502fef09b86afef40569695c33d7', '1981-02-27', NULL, 0, '0000-00-00 00:00:00', '0000-00-00 00:00:00'),
(201, 'Renaud', 'Thevillon', 'obrvl@hotmail.com', 'd91a88a836da140c259e1788ef1bd23bd5f81295484c5d50d940c5e6c685d1202e99a9d69c589c03f7bbaa131e6caadd3c138da7ca259ad4d5a29cd46a613689', '1981-02-27', NULL, 0, '0000-00-00 00:00:00', '0000-00-00 00:00:00'),
(202, 'Renaud', 'Thevillon', 'ierrx@hotmail.com', 'fec0e04bab7af41dc60afcc313a44ce2903355ca78b851b987df48f1ee5505ec7b8f35f3a8845c9991456edaac4719ed5102088c8d66b44c65858ab485b1195e', '1981-02-27', NULL, 0, '0000-00-00 00:00:00', '0000-00-00 00:00:00'),
(203, 'Renaud', 'Thevillon', 'qdouf@hotmail.com', '9a22fbca322852b7cba436e8a80d792918c4fbb3c7280cc4c05ed366486b6be2befc707524c22c8376a6e06be0a5f11fa2b0e7b63eca8f256c32c34d412e8876', '1981-02-27', NULL, 1, '0000-00-00 00:00:00', '0000-00-00 00:00:00'),
(204, 'Renaud', 'Thevillon', 'zlmkj@hotmail.com', 'b3155a0e3db832f3f7ffa123c6e9938b42040a27118b9ff200e3a68ec80a27d2434f25c8d2ecd0165ffc4b824284c5c62114cb57110fecea2060ed5b8b194821', '1981-02-27', NULL, 0, '0000-00-00 00:00:00', '0000-00-00 00:00:00'),
(205, 'Renaud', 'Thevillon', 'hzopx@hotmail.com', 'ea1b48f93537940015ae6d2f47ed52b7377bbaaf5ea682151465641c2a3793c4f4010e56747e1fcd65222b2c238b2c194b21ae4b94a169be29ca57e09e35f1ef', '1981-02-27', NULL, 0, '0000-00-00 00:00:00', '0000-00-00 00:00:00');
REPLACE INTO `tbl_client` (`id`, `first_name`, `last_name`, `email_address`, `password`, `date_birth`, `mobile_phone`, `wizard_completed`, `created`, `modified`) VALUES
(206, 'Renaud', 'Thevillon', 'zubsy@hotmail.com', '0299732ba607e9549a4ecf22b0b84eff57761bd36665c913ebf0e0d30724f41d87abf48611b83c534f3668edd13279d12b6e3391ed37b8de6d99b1f414a9ed7d', '1981-02-27', NULL, 1, '0000-00-00 00:00:00', '0000-00-00 00:00:00'),
(207, 'Renaud', 'Thevillon', 'btfgc@hotmail.com', '69bce6ebeb1f0682934ec6c34c0eac81ae68feb28e5f9bffb8e0d6052215a91d920c91110a0115c249e86781b1406ca86f0b25b0120058a4c43543334540ce5f', '1981-02-27', NULL, 1, '0000-00-00 00:00:00', '0000-00-00 00:00:00'),
(208, '', '', 'test@test.com', '61f0b62a5e9e0bb0ca9c111a96f7524e7bbb6e2f40979dbcbfd1939cc70eb4993ac025590fb63a31178c2b08c36a48d37d0d526a939da1f9e4a0f7ef4b8db9c4', '0000-00-00', NULL, 0, '0000-00-00 00:00:00', '0000-00-00 00:00:00'),
(209, 'Renaud', 'Thevillon', 'gftig@hotmail.com', 'c70ac6a6d379f7b082c97934873369289fbccf693626ddb9d1d4937ee9414a91259ddfd74341267db37ad5cec39a3b555466faa2292ebda3752040bf7571e55b', '1981-02-27', NULL, 0, '0000-00-00 00:00:00', '0000-00-00 00:00:00'),
(210, 'Renaud', 'Thevillon', 'ppafr@hotmail.com', '37f65aa56647136e1ec9f2f5bbc3ff8cb91acd043e9764df6db3a9e72d236fda465206dc1d0714fd31d02d7cc984f6146c9b04b1db97452c060cf214be1c6245', '1981-02-27', NULL, 0, '0000-00-00 00:00:00', '0000-00-00 00:00:00'),
(211, 'Renaud', 'Thevillon', 'ojfqi@hotmail.com', '4cb672d714bcf68250c1bec8819f88821decbfcd0a73e83dfd45e2775d96ce9ec3829ff7a0111892191aea0492eccf233b7fdfe03bb63dc079a5848f60e8370c', '1981-02-27', NULL, 0, '0000-00-00 00:00:00', '0000-00-00 00:00:00'),
(212, 'Renaud', 'Thevillon', 'bfccn@hotmail.com', '938ff8fda1696e81eea229e0d0c4b2fd848158c610219f65541b4ecc7839e06f7254a916d545afd6bb47d04bd5583d338c43623880c4871898fb024f46cb722e', '1981-02-27', NULL, 0, '0000-00-00 00:00:00', '0000-00-00 00:00:00'),
(213, 'Renaud', 'Thevillon', 'ocbla@hotmail.com', 'f51cea162245d8f324f74e20d56e60af098548acc129fdf93b9ac9521fa78ca03000ed61cd7c3ef2509d78ba91a33dfc445fde05ec6323aaf8198b0c6c1bb5ad', '1981-02-27', NULL, 0, '0000-00-00 00:00:00', '0000-00-00 00:00:00'),
(214, 'Renaud2', 'Thevillon', 'bodyh@hotmail.com', '9790eb41af305879d0de66a5aafb6964b8c54749b6c321d5aa5d1db836102f7e15f97da4a591bae3bdb409f078c42a32fb086322e31fd6ab447e59534ae7836c', '1981-02-27', NULL, 1, '0000-00-00 00:00:00', '0000-00-00 00:00:00'),
(215, 'Renaud', 'Thevillon', 'bodyh@hotmail.com', 'a470a47ca78b0ca62cd64a5769fff026c745ff74de4291cb10a27862ec976ba8e9ec1d89ee171e65c762aea1e194e6ee5b10b5fbdbb1d665bd1d485124938653', '1981-02-27', NULL, 0, '0000-00-00 00:00:00', '0000-00-00 00:00:00'),
(216, 'Renaud2', 'Thevillon', 'bodyh@hotmail.com', '98edb72d8bbe9b8ef8198434263e0ade6aa43ac91604f0b09ad7c0d9c39f66b509856f746b5a4591272ab7331c2ab6f3d67d97aa847b04c060617478d4d04b6b', '1981-02-27', NULL, 0, '0000-00-00 00:00:00', '0000-00-00 00:00:00'),
(217, 'Renaud2', 'Thevillon', 'bodyh@hotmail.com', 'fdd20a484cb043d21685aec1d73af8aa52cbf6df0f1f238e7827b65017c0079be423d56ee6a744019232328fcca13045e574d32e086b1ba21cfded1561ae32b4', '1981-02-27', NULL, 0, '0000-00-00 00:00:00', '0000-00-00 00:00:00'),
(218, 'Renaudh', 'Thevillon', 'bodyh@hotmail.com', 'c4fcbf645ac1cc262bb2a9cd2c7cee88853a55773659a1b34dfc7019fb5eca38dc438da953e50363bf54046529f9c68f0fb52f0841121a83eb031f6bf44ca62d', '1981-02-27', NULL, 0, '0000-00-00 00:00:00', '0000-00-00 00:00:00'),
(219, '', 'Thevillon', 'bodyh@hotmail.com', '360b176c485ac164d5281e2a80122584ce5fd051ea3d13b73d1d2ec1ad0ab7086a3c5c941bfc375e2cd69a289c2fcf8d28b7bfc97c261d8a65e26387fc6c2b28', '1981-02-27', NULL, 0, '0000-00-00 00:00:00', '0000-00-00 00:00:00'),
(220, '', 'Thevillon', 'bodyh@hotmail.com', '344acd9ef3543a9ee0de383a2498f9595025883c40522bc21ebf6be73b4d0a8d140003a3b5f2227536f5114ccc58f2932ac5a902c8b0634f73afc36db2919975', '1981-02-27', NULL, 0, '0000-00-00 00:00:00', '0000-00-00 00:00:00'),
(221, '', 'Thevillon', 'bodyh@hotmail.com', '40c61d5ce24c148e5ef12b1c69a9db843091ef7198d65e1e83f5e55c0d79657d65c1183c4b8562d2642a153e5627eb85963d719b2bef54c9806bd2a4079e226a', '1981-02-27', NULL, 0, '0000-00-00 00:00:00', '0000-00-00 00:00:00'),
(222, 'Renaud', 'Thevillon', 'bodyh@hotmail.com', '18a4d137331ec6161c7754a1f3d8a1780afb5dabcad0e1f595c464c2cfd5f6f9d5c719c4ac2901f0c32491f96e7a4f83077d6a09a4ed36c5df3afa121c83944d', '1981-02-27', NULL, 0, '0000-00-00 00:00:00', '0000-00-00 00:00:00'),
(223, 'Renaud', 'Thevillon', 'bodyh@hotmail.com', 'e0116250dd8181e6649c9acbe1a9831b2887ad3d3ae43a72e5c85e5be67cdf4dd868fbb6ef0fc53c006612964da1210820dd2e69032f2e4ea335f3249e7251a8', '1981-02-26', NULL, 0, '0000-00-00 00:00:00', '0000-00-00 00:00:00'),
(224, 'Test', 'Thevillon', 'bodyh@hotmail.com', '46f13b1bbd2fbd1e1d2425553b38ce48287244505883e4c7c5b22e672957b21b79c021da895150d21a2d46d4b654a720a3305ba9b6012e1c8ac465e5d2a29a16', '1981-02-27', NULL, 0, '0000-00-00 00:00:00', '0000-00-00 00:00:00'),
(225, 'Renaud2', 'Thevillon', 'bodyh@hotmail.com', 'b0243ff1aebed5008f92eb55c2e758b490f9629f516fdeede5fdc0a53dd2abfe742f866b665c0fc266f75f3870f216ebefff21823898eb91f7a864f2a83ca4cc', '1981-02-27', NULL, 0, '0000-00-00 00:00:00', '0000-00-00 00:00:00'),
(226, 'wqewq', 'Thevillon', 'bodyh@hotmail.com', '3ba8806dda8c9447451d7274a2bd1cbc164456ae6d35e6bd62d705f2e3dce8cf6eec949d5c3bf6d188ccd099e9b985a0bb5ac4c36da0a5e631b76a171f56c077', '1981-02-27', NULL, 0, '0000-00-00 00:00:00', '0000-00-00 00:00:00'),
(227, 'sa', 'Thevillon', 'bodyh@hotmail.com', 'd98e2b786c76df15aa52fb809e34685f6bd16dc000dd91d8eeab62b810f654219f5967dd41760139279c2ea28e4d2b4be2363ba673e972205d824ab0eb50bfd7', '1981-02-27', NULL, 0, '0000-00-00 00:00:00', '0000-00-00 00:00:00'),
(228, 'fsfdsfd', 'Thevillon', 'bodyh@hotmail.com', 'a8a152c7305e3c30438f96072d6a82ed069df7fc0ecec1e6945f7285be56fb4644270f7dd7d755c63ea093a6b7b202e19506322f30863455e547c48272f2b538', '1981-02-27', NULL, 0, '0000-00-00 00:00:00', '0000-00-00 00:00:00'),
(229, 'ss', 'Thevillon', 'bodyh@hotmail.com', 'a92c06b7c70c7ca74a93257b6d3ddded851a84cf88ace88c043033d87c2d5ebcfaba48bc53371895ca45d0002279e560973746cc08cf351a3538963502cf961b', '1981-02-27', NULL, 0, '0000-00-00 00:00:00', '0000-00-00 00:00:00'),
(230, 'Renaud', 'safsdf', 'bodyh@hotmail.com', 'e723e873eaf7539060b06f8a48bf6da7148a85ba03838f2ac83aeb36fa418bb0f1fb736e7cc26ddcb4f86219fc16798e72f92eb7f629ea338d562f7c6281dfc8', '1981-02-27', NULL, 0, '0000-00-00 00:00:00', '0000-00-00 00:00:00'),
(231, 'Renaud', 'sdfs', 'bodyh@hotmail.com', '8b3e20042ca968655af59cedfa17f787eee1823926a97354c1993a87b0aa701de32742ab978f8bc725e8ac7734b6de61c77639a1d6e5394f8437ba7df976ad13', '1981-02-27', NULL, 0, '0000-00-00 00:00:00', '0000-00-00 00:00:00'),
(232, 'Renaudw', 'Thevillon', 'bodyh@hotmail.com', '370929e86b7f006a3d22878e3b388ab806589c845c399be56a6477435ece9e38dbfb2cbecc0fc45c62ec6c3b69b79d044bb318b634ea2a925dad8556a9f9eb68', '1981-02-27', NULL, 0, '0000-00-00 00:00:00', '0000-00-00 00:00:00'),
(233, 'Renaud', 'Thevillon', 'bodyh@hotmail.com', '0da51dfaafa5e06865a4adf8a102169d7e6508e24c1f57518eacaf06603d9f77e421422c3c72f55ff6a65432c6dd70dbaf7bec8f0bc4604a47bbda08006e7776', '1981-02-27', NULL, 0, '0000-00-00 00:00:00', '0000-00-00 00:00:00'),
(234, 'Renaud', 'Thevillon', 'bodyh@hotmail.com', '7dc6af4ad93b82ceed3cd75be2e73751ec0568265c9d08768683ea5cce72f58ac4430434661718bee09e5bb7a96a6ff5da5497a47ffae97d7529907ee10cd70e', '1981-02-27', NULL, 0, '0000-00-00 00:00:00', '0000-00-00 00:00:00'),
(235, 'Test', 'Thevillon', 'bodyh@hotmail.com', 'cc913cdec0e308c22f88ec21c6b3c4ff7756bb82bf14875c9e333419ab544870911d1f48f3c6b25c0647510a235e9cba5f30f7efbe7ad4748a187724b2fb5986', '1981-02-27', NULL, 0, '0000-00-00 00:00:00', '0000-00-00 00:00:00'),
(236, 'Renaud2', 'Thevillon', 'bodyh@hotmail.com', '469d33027a7cf9ce6b126b70c360b0b9d7295c402eb02685abb48e3749883eaa072490adf40afbb8c4c38d72ee53d8d2d5f6ce4a0f0c67c9523782025addd633', '1981-02-27', NULL, 0, '0000-00-00 00:00:00', '0000-00-00 00:00:00'),
(237, 'Renaud3', 'Thevillon', 'bodyh@hotmail.com', '4fbf70ceebbf10ffb2bab7a77c65e14c5cff4ab74644a56b2f94d1620a00226410accec17d9507f4ae8a40eb11ca80806498dd60bd7f183dc92f4f08f324e686', '1981-02-27', NULL, 0, '0000-00-00 00:00:00', '0000-00-00 00:00:00'),
(238, 'Renaud', 'Thevillon', 'gyqga@hotmail.com', '0e88a693c0297689a7f18bd1d62afe2cbf10bda42090a25898f1131571e173cf8b7af26cbe073eaf57d67d16de5a463424a787ef29fae7f116b0c93fe5436ada', '1981-02-27', NULL, 0, '0000-00-00 00:00:00', '0000-00-00 00:00:00'),
(239, 'Renaud', 'Thevillon', 'zjpmw@hotmail.com', 'b763c50cd569a7c2f9ab2397c69c0305c1840d2fff920147de518ccd4ab378d724604e350477d925ae3a22a3af05f6e9c51a5930fafaa4692c3dcf983bad9f66', '1981-02-27', NULL, 0, '0000-00-00 00:00:00', '0000-00-00 00:00:00'),
(240, 'Renaud2', 'Thevillon', 'aovpb@hotmail.com', '5ab225c15397364dad94bdfdce2e83241216a2740d6a596c19b0167accd61f10d66adb31b02f99585f104e392a7b48ec4c42feda0221df57b95b36856e08aea7', '1981-02-27', NULL, 0, '0000-00-00 00:00:00', '0000-00-00 00:00:00'),
(241, 'Renaud', 'Thevillon', 'fshmd@hotmail.com', '057cd4c2cd526997bab306be5d8a65e4f536e96b705fa0645d9978d248d47e39625da5c9378667ddae2217960564d4418bdc9a784f1ad8df28aa360b4c2dc2c3', '1981-02-27', NULL, 0, '0000-00-00 00:00:00', '0000-00-00 00:00:00'),
(242, 'Renaud2', 'Thevillon', 'gitim@hotmail.com', '425780e3430a7478fb47d16b9b46be2e76952efa33a256bd8e6d0c40d5538942772fbe65dbf79f1d86821aaf1c11fd5efa8532eee71ab591e77ebd0e08b2d05d', '1981-02-27', NULL, 0, '0000-00-00 00:00:00', '0000-00-00 00:00:00'),
(243, 'Renaud2', 'Thevillon', 'qqlen@hotmail.com', '8938b844bc6d7c70da6f15bfbe2b3ae905cfc781dea6a7d9f7ee3d2024d098fd53776bdab0bda84a5847b922c302417041aceec5e0f05e6ae6d89d583fab3885', '1981-02-27', NULL, 0, '0000-00-00 00:00:00', '0000-00-00 00:00:00'),
(244, '', '', 'test@test.com', '2987eae7fcfff33a716b9d9608da8011e907d92ced1c893071afed06e9ef0d0c4f8669ef01904e0f344967ed1c23928139054b9457410928048e28c994518c4e', '0000-00-00', NULL, 0, '0000-00-00 00:00:00', '0000-00-00 00:00:00'),
(245, 'Renaud', 'Thevillon', 'a@b.com', 'adac3611f18ea56d185e66bed9da3db8b92b9b7991fed6428f91097ebdd327236354cf8683f66bb6d24d6608063a8d76faa426bec45e144ae7e4c9f538427f04', '1981-02-27', NULL, 0, '0000-00-00 00:00:00', '0000-00-00 00:00:00'),
(246, 'Toto2', 'Thevillon', 'toto@toto.com', '550a31627acad7cdaaf17797ad1d566baf98883f18b241b46b49c4f260a833e413f73292f22bb030494cb52978384f8909c13ae87fa8a7508a21fd2f9ca7915d', '1981-02-28', NULL, 1, '0000-00-00 00:00:00', '0000-00-00 00:00:00'),
(247, 'TEst', 'Thevillon', 'frdjs@hotmail.com', '44b23b53e0795f34790289e5f403f3829d465630feaf015f007a0a4543d52f3ef90460ea74fb7c7610ec04a917d601e108b2706b961e5a77b6882baaa06d14cf', '1981-02-27', NULL, 1, '0000-00-00 00:00:00', '0000-00-00 00:00:00'),
(248, 'Renaud', 'Thevillon', 'akmho@hotmail.com', '36af12f6cde192a223274b9a7d3a025e198eb7dec24daee7da4bb79c2f74bc0d64faf9c3050ebb3ec85bdfd554800276d0a154a98c1d0e604f090d265430eb01', '1981-02-27', NULL, 1, '0000-00-00 00:00:00', '0000-00-00 00:00:00'),
(249, 'Renaud2', 'Thevillon', 'olwmh@hotmail.com', '944abeada237975c33920b2ffc25bcacf6f321fa074aa880b5162b406952f1bfd701ca73770cef9adab8a93c0c8b22b35a4c361b127d311fb3f7861da6f08020', '1981-02-27', NULL, 1, '0000-00-00 00:00:00', '0000-00-00 00:00:00'),
(250, 'Renaud', 'Thevillon', 'faudc@hotmail.com', 'cd815200307cf223d118b7c463d8eb081fa1d6a5d5e5cdd96119f6ee3088da74f5b95d441125e5c46135ad67e61106b018dffd16835080e9e04df29bb8b03cc0', '1981-02-27', NULL, 1, '0000-00-00 00:00:00', '0000-00-00 00:00:00'),
(251, 'Renaud', 'Thevillon', 'naqib@hotmail.com', 'e72fb71ecc45084d77bab798c064b5a96e465feb3708685acff698831304a4c6091d68de3a2b78e1b2adc83f32308a8f5326282e37741c041c9a1e35ae5452fb', '1981-02-27', NULL, 0, '0000-00-00 00:00:00', '0000-00-00 00:00:00'),
(252, 'Renaud', 'Thevillon', 'eujcu@hotmail.com', '37dc2fe71237e74d0d98bd59caad1ab79fb845d968e658619620e2b9d285b4025a872a3d78ec797474db7ed8e6e14cee13ef681e55fa95b282dab444f5803914', '1981-02-27', NULL, 1, '0000-00-00 00:00:00', '0000-00-00 00:00:00'),
(253, 'Renaud', 'Thevillon', 'jdbuh@hotmail.com', 'c62262ca23a77abdf7fe8cca759b96f28cdd71570d612c9d71df310584fa086876c6caf75be45fa1bb089a8a2460dd3c5b67235f30a93e4803de548f8c511610', '1981-02-27', NULL, 1, '0000-00-00 00:00:00', '0000-00-00 00:00:00'),
(254, 'Renaudss', 'Thevillon', 'jnysn@hotmail.com', '97bee858d6082b128c8cc18d2b937243b6e9952f0d2cfbf0a9d8417c85091a8a193fbfedf2cd0e22d5f91ab87452e9fdd95730506ef4879f5ca13bbc5a3d01c0', '1981-02-27', NULL, 1, '0000-00-00 00:00:00', '0000-00-00 00:00:00'),
(255, 'Renaud3', 'Thevillonq', 'hkfdr@hotmail.com', '0a15e52d8c0ed39c1e75d65edbb83bd1a2d34b453503013bbbe79e2504bc1ce75bc285c49e220723e235598a9ed6e26b959332949e5c648bc6425c4a57a15878', '1981-02-24', NULL, 1, '0000-00-00 00:00:00', '0000-00-00 00:00:00'),
(256, 'Renaud', 'Thevillon', 'eoume@hotmail.com', 'd5835d76408ce96500a969067ec526a4e07690a6959eb6c0b667c0a3c9feae40bac9bfd86e03e2c9285cfac3c6383f85a7125ac26dc49ee06e1b050e0cad9139', '1981-02-27', NULL, 1, '0000-00-00 00:00:00', '0000-00-00 00:00:00'),
(257, 'Renaud', 'Thevillon', 'prxss@hotmail.com', 'e6114e742ef17111b496972afa1ac7c2d456308014aa9dd5bd3fc526c8f38fa2266d9cdb1624d35d71f487a326117b777ac6966a3c09c4e8894731146e619422', '1981-02-27', NULL, 0, '0000-00-00 00:00:00', '0000-00-00 00:00:00'),
(258, 'Renaud', 'Thevillon', 'zmnts@hotmail.com', '62c2507d5d48167d8d346a71cf8e978d361fac9482d69e09951d570cf1b4b08d995d509c12aecbdcf096a71f75cdd290024b9cf20277ffb45105798c1d016a7e', '1981-02-27', NULL, 1, '0000-00-00 00:00:00', '0000-00-00 00:00:00'),
(259, 'Renaud', 'Thevillon', 'uxkqv@hotmail.com', '836e60ad26c29307372ad9420b51df8c74a12e575cebacde6b891338f4a1032f08c1c844ef5ac6b3c71ba8f9532fea0cd5abd57f5795d10da73d5f5b591f3917', '1981-02-27', NULL, 1, '0000-00-00 00:00:00', '0000-00-00 00:00:00'),
(260, 'Renaud', 'Thevillon', 'klaot@hotmail.com', 'ff27e68ea662dd68c21f862e41a578659d0fbeafcf09147a0fb6b44d8e31ccb7d11fdc39dbb4f74d1d4f06f40baf5b976e206f899b5e1b1f8659d3f847fe7f7a', '1981-02-27', NULL, 1, '0000-00-00 00:00:00', '0000-00-00 00:00:00'),
(261, 'Renaud', 'Thevillon', 'fdjio@hotmail.com', '142f672e341febdbddc5b8e5f7c1515b6864e90f235e7717e5900fa38e1c4013bdf8af07916b7134cd9e032e998e5b4a58dafb190e2e9e9aa50f5d7dfc25fc95', '1981-02-27', NULL, 0, '0000-00-00 00:00:00', '0000-00-00 00:00:00'),
(262, 'Renaud', 'Thevillon', 'amdkj@hotmail.com', '4684c1c8ad6fa0cb19dc601c9d51547db0b5b505d5a2ba6d5b0cc18ca906478dc336b50959c238567581565c793a327bd6eaf41c7aa880a3bb168d1cff3e95ac', '1981-02-27', NULL, 1, '0000-00-00 00:00:00', '0000-00-00 00:00:00'),
(263, 'Renaud4', 'Thevillon', 'gehwu@hotmail.com', '547a45fd6ff57d036379ba00507ce245826182c18ee89c5d21c2dedb34688ac053dc0698530c7f6f35063757363f8af226febc866c18d5b5c2f18cf028754eaa', '1981-02-27', NULL, 1, '0000-00-00 00:00:00', '0000-00-00 00:00:00'),
(264, 'Renaud2345', 'Theuillon23', 'rakrr@hotmail.com', 'ca2cc5365b395d4759a62e1a5c0ab627330b052c28510b1bfafdb9083ca5bbd0f784e810b01be10b50e2a641be8f821b4e663d3f2886e6206dfa2c628cd7498f', '1981-02-27', NULL, 1, '0000-00-00 00:00:00', '0000-00-00 00:00:00'),
(265, 'Renaud', 'Thevillon', 'okocm@hotmail.com', '29f5ccc8fbd93d882d379d0bce10c263bc384895679ddf4bf5fec30ff79d8527262ea1643069bebc5a4f46046fc58952b079f8d637adfef7a96e0f4c290e3c2e', '1981-02-27', NULL, 0, '0000-00-00 00:00:00', '0000-00-00 00:00:00'),
(266, 'Renaud', 'Thevillon', 'ddngi@hotmail.com', '2e88126b03d767ce86f088e952e90cb0370e39a43165e840134f6e467655a4ce3b47e769a8e70c72aaa78e1b4a0114f884f702fec54d63ddba34be9be58b7195', '1981-02-27', NULL, 1, '0000-00-00 00:00:00', '0000-00-00 00:00:00'),
(267, 'Renaud', 'Thevillon', 'wlnoo@hotmail.com', '7a44456d649b49e27b6b5f9d5417068c2de4ec076a8a543336bc5e9e28dc2df4eae43a6ea55bfc7e70c340807b37d5df08830847a45f98d13271e5177cbe569d', '1981-02-27', NULL, 0, '0000-00-00 00:00:00', '0000-00-00 00:00:00'),
(268, 'Renaud67', 'Thevillon', 'tpdzr@hotmail.com', '77df4e49745c6879d13582f5ad2e1f6d19fa9fe4d2dd8803e25f2d2ec374fa88fcf320b0cd214abee08221999013ae5e356058c559606694e24a85978676313d', '1981-02-27', NULL, 1, '0000-00-00 00:00:00', '0000-00-00 00:00:00'),
(269, 'Renaud', 'Thevillon', 'vipvx@hotmail.com', '6b204b620fdfe2407b100bbd3ca14f426d1933d4c2e1e51c738261f7292f9bc53f7d9d0b6ebccf507d011ea4f6b9209df2fca0bf123d726a49a6eb2a4a551265', '1981-02-27', NULL, 1, '0000-00-00 00:00:00', '0000-00-00 00:00:00'),
(270, 'Renaud', 'Thevillon', 'shfqo@hotmail.com', '04b7dd0cb8b09cb6bac19cc7305958de7e4257f949303131cb5a3944ac13032780590ad0d8bad62fed50f1c6f98a7f2b40ac44075e719fcfb5b9c3cdfe5dd904', '1981-02-27', NULL, 0, '0000-00-00 00:00:00', '0000-00-00 00:00:00'),
(271, 'Renaud', 'Thevillon', 'sgdez@hotmail.com', '1136280681d009370d86d6313026d515162f54297ad2f4827ffca36653816fb2ca25eda3152e08bf86a1d3c3e1bc968bdbfe5ec7b393ec4cb7fbbe634a00fb80', '1981-02-27', NULL, 0, '0000-00-00 00:00:00', '0000-00-00 00:00:00'),
(272, 'Renaud', 'Thevillon', 'ovgrh@hotmail.com', 'fb71385cb5f68ef1c61ec180cc4d362d34d2317b0b7440a278fbf2ff89729cd89f79d50da518b4a8d85d52b6b7fe456635fab1fac02921b438b1b0583d9487db', '1981-02-27', NULL, 0, '0000-00-00 00:00:00', '0000-00-00 00:00:00'),
(273, 'Renaud', 'Thevillon', 'uvfqz@hotmail.com', '1bf2853b85efa819eeaab21e8ed8b63e34414e0c5f5202813c6b1b62705df9c9ec6931e7e400a8cadde00f93f2c7578eeade667b49b83562de41499453f4098b', '1981-02-27', NULL, 1, '0000-00-00 00:00:00', '0000-00-00 00:00:00'),
(274, 'Renaud', 'Thevillon', 'zdhsd@hotmail.com', 'eb448b3d57082911144e8b2b5014848c235192c41da340fc87311596ef59e0c779488187ee62a22e00866c208f2dbaf6f22471fe8531fc11840b6532c2c7239c', '1981-02-27', NULL, 0, '0000-00-00 00:00:00', '0000-00-00 00:00:00'),
(275, 'Renaud', 'Thevillon', 'agzfa@hotmail.com', '48f4c321130580a58ff1dd7e19d25e6d4e1bffe90de2634d9896ed3c621b9b3a36ee42a524d7741d3ec55952a470df6002dc55f797fe93dc7bf5eb1667883466', '1980-02-27', NULL, 0, '0000-00-00 00:00:00', '0000-00-00 00:00:00'),
(276, 'Renaud', 'Thevillon', 'edvfn@hotmail.com', '2f40d22dc382bc6beb7fcfb5c4d45a2ff442a539833dca9409553033a758c7162eb49221912cfc67368ba9aa67dab5e8ae53e6c2b1427e066ded1baa35142304', '1981-02-27', NULL, 0, '0000-00-00 00:00:00', '0000-00-00 00:00:00'),
(277, 'Renaud', 'Thevillon', 'ojpku@hotmail.com', '4a1d7567227ca49c5f35f8e2f92038ac0b0ea9cd9e1c2b2729713123f93b73aba89b9cf7fee6d71306c4c4da55448b5b0ef549970c8e7e56acb519c11b93a3c8', '1981-02-27', NULL, 0, '0000-00-00 00:00:00', '0000-00-00 00:00:00'),
(278, 'Renaud', 'Thevillon', 'tmvar@hotmail.com', '81fea1e07d4863b685d59b4b3a07a92f97bfa59483a4932f335857c7fb01d4a7d61e231228843bd360279c34a5cc3d52f4ace446e9263464d309a017f7deca8e', '1981-02-27', NULL, 0, '0000-00-00 00:00:00', '0000-00-00 00:00:00'),
(279, 'Renaud', 'Thevillon', 'ydzqf@hotmail.com', '2809e8a8556223b2a758d10014df66da36a8a135ca34bf7e8544238c6fe572fc42008939054a9a0187ccbb5f15598caf2ecf761e583246f115ed80bff8f94faa', '1981-02-27', NULL, 0, '0000-00-00 00:00:00', '0000-00-00 00:00:00'),
(280, 'Renaud', 'Thevillon', 'ntjrq@hotmail.com', '14ba12922da0c2cde70b3828255d2db204d08975c2b0f127d3f0818b04a43d31403c154fde88f0916f30d05ee99a664f2b1eba9b5e46d32d035ac5edf90a9a9a', '1981-02-27', NULL, 0, '0000-00-00 00:00:00', '0000-00-00 00:00:00'),
(281, 'Renaud', 'Thevillon', 'shzmm@hotmail.com', '614f286b1efd8507255cc3fd122d584cf4ecf6343d2293d47dd751d80db55cc53063cfcb9cec5a57aa707771e15bef55392b8dc581955a0096be670a90e140e6', '1981-02-27', NULL, 0, '0000-00-00 00:00:00', '0000-00-00 00:00:00'),
(282, 'Renaud', 'Thevillon', 'ztopc@hotmail.com', '6a9e20f904591a22aae52a4700aef34a95e5d74726c91137b8aaa704c7f166ed62793887ab9cdbaac78a9dc14ab51cd4cd9b2dbd0b55a0880e6c41a43626c3bc', '1981-02-27', NULL, 1, '0000-00-00 00:00:00', '0000-00-00 00:00:00'),
(283, 'Renaud', 'Thevillon', 'qtpgk@hotmail.com', '954feebc13ab1cc348213e40298d8e58aaee70d6bb02be2498cd0c8050c60a9b8e2a3a1791002c5cbbc46f00d89111b743365d2aafae3eee98139ce572fd6d08', '1981-02-27', NULL, 1, '0000-00-00 00:00:00', '0000-00-00 00:00:00'),
(284, 'Renaud', 'Thevillon', 'mgjux@hotmail.com', '038236fa7d2f0e0df6499a0a10543b112e5b81d146a9a4fe589a1ca6f64cdb6d69ca00a2c46a2873a548ee3bec3b3b7ae67fcac891608049dfdb8c196dcd6ac1', '1981-02-27', NULL, 1, '0000-00-00 00:00:00', '0000-00-00 00:00:00'),
(285, 'Renaud', 'Thevillon', 'fblqd@hotmail.com', 'bac79ed53bb86cc1f588f6bc9ea8e44d90c9ce3f2fd06e69472e7f682a699bef738814cb8b20a0cb8c08ddb2e93f75df462e9cc819f0ff17560a2d90f18880e4', '1981-02-27', NULL, 1, '0000-00-00 00:00:00', '0000-00-00 00:00:00'),
(286, 'Renaud', 'Thevillon', 'shfeu@hotmail.com', 'f7ea97e4a1675f2b30b08eceedff21ec15ada25eafb24225dd94aa64041fb62517efedc992263b1ae09a5486c91e1c60b52cd9ed73368f816631899c7aba04cb', '0000-00-00', NULL, 0, '0000-00-00 00:00:00', '0000-00-00 00:00:00'),
(287, 'Renaud', 'Thevillon', 'gxuoq@hotmail.com', 'e27d82e4807b2c70883629e1a203bd48b0881cb42f121ba46acd77a99d1287aae077aa07bd4b10303b99d371f665accd7add492e6fd6a0ca5796001bc68810a6', '0000-00-00', NULL, 0, '0000-00-00 00:00:00', '0000-00-00 00:00:00'),
(288, 'Renaud', 'Thevillon', 'rumcl@hotmail.com', '1f9ca0584d24ecb55f0b99cdd6334c47142f2a03bac705efc6ddaf7e42b89f87c32cb0a2d13cdf975648e20127c6e91a1f3c7f264536709f4cb5e457c1961a22', '0000-00-00', NULL, 0, '0000-00-00 00:00:00', '0000-00-00 00:00:00'),
(289, 'Renaud', 'Thevillon', 'qdlrc@hotmail.com', '0d4707889e1b68b2ed5532bdf817197e333b572149a61799b79498fbfeb8c1e740335650e9573540b2de7fd03c8a828bb52784e1d429cc4ffc8737aa9b810200', '0000-00-00', NULL, 1, '0000-00-00 00:00:00', '0000-00-00 00:00:00'),
(290, 'Renaud', 'Thevillon', 'esiou@hotmail.com', '1b4ef8105ea34b505e760283990434b7164016c40dd393bb228e8cc77f1def398068206bee731e82f3ec7d40f5ba73121cda0910f24e9eaee0cba7700ef683a7', '0000-00-00', '07966978383', 0, '0000-00-00 00:00:00', '0000-00-00 00:00:00'),
(291, 'Renaud', 'Thevillon', 'pqczx@hotmail.com', 'bc7234650b345d5785d8d2b8020a72b4c97420818eba29084e70e1b7db91f3dbee8703f03c73218847d26f7cb622885fc5b117361ee5dffe83897043c6c01256', '0000-00-00', '07966978383', 0, '0000-00-00 00:00:00', '0000-00-00 00:00:00'),
(292, 'Renaud', 'Thevillon', 'muezk@hotmail.com', '2bc3ac50086c24cfd3d2bd1bb09af9152f6669a9fc41fed47a458cfb04a94ba981ea8a8a3e1a10d4b07da854d9ad51722132a729266b4b40bc7f2457774cbf57', '0000-00-00', '', 0, '0000-00-00 00:00:00', '0000-00-00 00:00:00'),
(293, 'Renaud', 'Thevillon', 'yjbaz@hotmail.com', 'a22343376e4f387e1ac2cb5a658ea2964081c535bb16e88746e12bf6db45f9fbe83abf0d47cea1197d8e6eac85de4b6478f8f1f83dd4abb0da92aca2c6bda2e6', '0000-00-00', '', 0, '0000-00-00 00:00:00', '0000-00-00 00:00:00'),
(294, 'Renaud', 'Thevillon', 'gfmpt@hotmail.com', '0a0da39db62221d1076f8e05a30aa2b5b8e2cd928dd6401ab7c23d06bac5fbd6b14d041fcd664a46dc6cca3b055bf7d09a31aa1b11b0c0444f1a899e55958f4a', '0000-00-00', '', 1, '0000-00-00 00:00:00', '0000-00-00 00:00:00'),
(295, 'Renaud', 'Thevillon', 'jknte@hotmail.com', 'a3a7d99797a60194a7ac85bb900117e99a954866f1261422bdb993a748d7c6c05f5d038de18f0147965e9ee3b89e7085729b2e4f4eb686b8118d75162d1e7050', '0000-00-00', NULL, 1, '0000-00-00 00:00:00', '0000-00-00 00:00:00'),
(296, 'Renaud', 'Thevillon', 'tulpo@hotmail.com', 'e22096a7acc02694a153c69b3c2d0c0709c166da9127e63d183929ea8f78fcd1845e7d4d6327dc604d08d20356aa4a64c4478b8837ab50875688239ec13e87c4', '0000-00-00', NULL, 1, '0000-00-00 00:00:00', '0000-00-00 00:00:00'),
(297, 'Renaud', 'Thevillon', 'cmgol@hotmail.com', 'fab48d01789d816d780f8c457a6dadb97d6d861de1cc7022a531c85a4974607ef3cb55fdffd491e858b0e48b60e7cb30d0341389d3efd981ba058d3aea1b8380', '0000-00-00', NULL, 1, '0000-00-00 00:00:00', '0000-00-00 00:00:00'),
(298, 'Renaud2', 'Thevillon', 'hgvww@hotmail.com', '6cfe2f019ef4e8e7ccce06df6b6bbc8c328af5efca2ca975c5abee1c34d03b0f7709a2a16c7b25e644060a57ca357cafd2b1ef3d7928faff393d952ad4a0e60b', '0000-00-00', '', 1, '0000-00-00 00:00:00', '0000-00-00 00:00:00'),
(299, 'Renaud', 'Thevillon', 'xgete@hotmail.com', 'f1d032d343ba9710fe618df85aac0aaf26e273b76681cc1fda4f5d27fbf5d09cd81167580140c7a13f70213a1a2980aa24eca630c63896e8eeef2f51312cf523', NULL, NULL, 1, '0000-00-00 00:00:00', '0000-00-00 00:00:00'),
(300, 'Renaud2', 'Thevillon', 'fxdvj@hotmail.com', '3a5c987ba27a18cf6f6de7b091031cace6b84968fbbec522565d62d73215e3196037efc3067cfa410d8e8997fe90783d9ac65ea750912ba30485b0350e990384', NULL, '', 1, '0000-00-00 00:00:00', '0000-00-00 00:00:00'),
(301, 'Renaud', 'Thevillon', 'qjawi@hotmail.com', 'bfcc976a736edaa2bb7fc8ab19d139fb6121bd3deb4d53259eab4f25f2db2321ef8290381a407d56f6a257ed4b5d22f0fadc7b92e67268eaf08a6b3b7d4d7f3c', NULL, '', 1, '0000-00-00 00:00:00', '0000-00-00 00:00:00'),
(302, 'Renaud', 'Thevillon', 'rambr@hotmail.com', 'dd1ac35bcb7b106c26bebd4854d30e24622f7c6a2a9528108f1c7bc41eabc482c9565b0e76c1bea58409046ddc1cb2dd322c82e4ec37879d1f5d23d5dea280d4', NULL, NULL, 1, '0000-00-00 00:00:00', '0000-00-00 00:00:00'),
(303, 'Renaud', 'Thevillon', 'zazcf@hotmail.com', '24b4618fadd095c09efdd078a892904288a386d7c206f9c47a8876dde943308b9b224a3cf17f473e34e15d611c2eaa1c4a6c58a16c946999989c5bb5474f2b3b', NULL, '', 1, '0000-00-00 00:00:00', '0000-00-00 00:00:00'),
(304, 'Renaud', 'Thevillon', 'mmqwz@hotmail.com', '6f1b8c6d35b102bfffd100de253b6bcd0621cb1623506e218e2b6fba1eac1edcfafabedb03931a1427b2ddeac01b48e922ffd722ec86fbd95e25cafa9562f59a', NULL, '', 1, '0000-00-00 00:00:00', '0000-00-00 00:00:00'),
(305, 'Renaud', 'Thevillon', 'hzsft@hotmail.com', 'ba1dc463c6f5e3ada8ece5f3dc0471355e7af5651202e67cc1dd210e2a0038676d3b8b0073f5ff94faff82cad87598a16b31248cf75ab03460a7f96212410f85', NULL, '', 1, '0000-00-00 00:00:00', '0000-00-00 00:00:00'),
(306, 'Renaud', 'Thevillon', 'brmqr@hotmail.com', 'ec210da8e1cc5d455095f13e6a2e6b174e7b1c534379224f7b667350ab58e4bb0edbfc65b605566444b238b297f55807e2f45975f603bf5fcf8a87d37a190862', NULL, NULL, 1, '0000-00-00 00:00:00', '0000-00-00 00:00:00'),
(307, 'Stuart', 'Bale', 'stuart.bale54@hotmail.com', '337abc304daffe1a343d48e4cf996dc7417541d49cd9102b66d65a36ae9f8fdea955c57a055d0292c0ce8458d1188c26e447c151cdf97d938e0338483a0ab669', NULL, '', 1, '0000-00-00 00:00:00', '0000-00-00 00:00:00'),
(308, 'Phil', 'Brown', 'phil.brown24@gmail.com', 'd6dd57a9d6eb616b6ad1f8290c08360a821955ec6715b74ea641cde60c9f33d3de120af456dcee332557c87dc9e9d0166c70058e66f795514cfc3f9dc9382761', NULL, '', 1, '0000-00-00 00:00:00', '0000-00-00 00:00:00'),
(309, 'Sebastian', 'Boyes', 'sebastian.boyes93@hotmail.com', '6613d60984e5b424d3ccc5a8e570ae5293c62f7edba446a914e25f09f1c40580b648983b4aa64048d72031ddedc2ceca1c60fb65675df67e1911185d72b31738', NULL, '', 1, '0000-00-00 00:00:00', '0000-00-00 00:00:00'),
(310, 'Stuart', 'Baileys', 'stuart.baileys30@hotmail.com', '67b7948f33cda8bd0130f25b1bb47b69f8b78332de552d0358d0a4595e58e553239760698ac9f1533cb1a76cc3c44f743f702727992e4931af2886c3dd54684f', NULL, '', 1, '0000-00-00 00:00:00', '0000-00-00 00:00:00'),
(311, 'Jean', 'Dupont', 'jean.dupont@hotmail.com', '2d0df9d4ebc7ba41d7ccf54ffc07b1818bf42b305e3dfac5b88ebf6a4d42733b2ae96047903e3bc2e768230282df32aa002f0025a4e7f5a1c08200ae6b314fab', NULL, NULL, 1, '0000-00-00 00:00:00', '0000-00-00 00:00:00'),
(312, 'Renaud', 'Theuillon', 'rnausdds.theiu@hotmail.com', 'baf841e2733ef447a97d39749e9290b6a8850bd8c2af0517d1fc25ed11f20aa6c7235a5b170ccee03385f6d8be46cf7b73b511cd10b2eaf8462ecf45a630f380', NULL, '0734873847', 1, '0000-00-00 00:00:00', '0000-00-00 00:00:00'),
(313, 'Renaud', 'Theuillon', 'renuad.rrtrrt@hotmail.com', '9860e821742348b88bb1bf124ff721304c6399e0ce47201210c23cbd8701741220c8dcb1252026aec3f3a6dabb2e048f38f4ffd3914e03f39bd8e43f903d5a05', NULL, '0750384840', 1, '0000-00-00 00:00:00', '0000-00-00 00:00:00'),
(314, 'Graham', 'Bridge', 'graham.bridge59@gmail.com', '5ef37ea45f530e2b25604a1348f5b6c6db190c94940e8d017b50006165f537aa8ef5600bb0120e2879395c192ee40ad6bcce3db6cf4b4e7d631414e224fa8376', NULL, NULL, 1, '0000-00-00 00:00:00', '0000-00-00 00:00:00'),
(315, 'Luke', 'Beauchamp', 'luke.beauchamp62@yahoo.com', '64030f9e1240132a6968aa0aa39ece515ff47c69463bd1035a40875991736de747e50f3d65f6ca0310b0cbfb0e15a3e3a571e686733e7dbcb878aee51248134c', NULL, NULL, 0, '0000-00-00 00:00:00', '0000-00-00 00:00:00'),
(316, 'Mark', 'Bray', 'mark.bray39@hotmail.com', 'a1d32118d17e2833c70bc66905d7ce76cb589e199269efc610c6185c66a2c85c6f903a51a20dc9b7d82acaaf10776d4df6da3fac897a6e522564ea15bd2aec5c', NULL, NULL, 1, '0000-00-00 00:00:00', '0000-00-00 00:00:00'),
(317, 'Tim', 'Bowers', 'tim.bowers20@gmx.com', '9da7e4c598dcb4471851d0b8f89722a9ac030a5ab48f6e5b74d03abba966cbfcad76ac38f1cda6d1cf1864f79a0bf09e1befccab868fb06cb92d83337fe5a44b', NULL, NULL, 0, '0000-00-00 00:00:00', '0000-00-00 00:00:00'),
(318, 'Sebastian2', 'Bridge', 'sebastian.bridge15@aol.com', '64019f3163d6b4ecadb945a1e7d8b7cdfe24d67d646b77525fde574f4909ee8efbfaf1d99e1fdd89d5d614943224307888350ae65a578c38a3b5d86b679cdea3', NULL, NULL, 0, '0000-00-00 00:00:00', '0000-00-00 00:00:00'),
(319, 'Tim', 'Bradshaw', 'tim.bradshaw21@aol.com', '9d326aaca12d0f41a5d3e1a4d41b5336db7a13c15846b3fbe47873690f36937462405b087f721b9809b14db8fb608859b69854d0288ede8ef5d7c096d202835c', NULL, NULL, 0, '0000-00-00 00:00:00', '0000-00-00 00:00:00'),
(320, 'Stuart', 'Bowley ', 'stuart.bowley 00@gmx.com', '909396249d15d50dd3cfa441a8492ef7b4ee481fca530b65715f1b7da2d71a5da6239c7b05ae7cf0ed0a13d21a6e683bb7c5332ec6fe11fad974dd7efa1b5c08', NULL, NULL, 1, '0000-00-00 00:00:00', '0000-00-00 00:00:00'),
(321, 'Stuart', 'Bray', 'stuart.bray56@gmail.com', '5764b5925f7ceaafc6a0dd5cc857dce966765f0e57aeadcc3cf56134cb5993c3e937d1fc3731160ff47304c348b7ecb95e664ef518e8c1d4f748f03edff717b4', NULL, NULL, 0, '0000-00-00 00:00:00', '0000-00-00 00:00:00'),
(322, 'Stuart', 'Burke', 'stuart.burke88@gmail.com', '22fb12b94085ee68b4523bab07a01be7f56194737e0561ad3277792bc04acb248e48f29fade0518debfa9d6a1cf467fdbda1b2bad1c1f308b1c67df5da7707fc', NULL, NULL, 0, '2012-12-04 12:40:17', '0000-00-00 00:00:00'),
(323, 'Graham', 'Beauchamp', 'graham.beauchamp54@gmail.com', 'ff4e6ba4f8a4b763964d0a527052e3e71b984ceed8148db8dbcf2ee2337309bb4ecc8dcd41299bde64e050cdb4826d02777d87a5d2a6d067bbabf25843d4664f', NULL, '', 1, '2012-12-06 17:56:41', '0000-00-00 00:00:00');

-- --------------------------------------------------------

--
-- Table structure for table `tbl_client_address`
--

CREATE TABLE IF NOT EXISTS `tbl_client_address` (
  `id_client` int(11) NOT NULL,
  `id_address` int(11) NOT NULL,
  PRIMARY KEY (`id_client`,`id_address`),
  UNIQUE KEY `id_address` (`id_address`),
  KEY `id_client` (`id_client`)
) ENGINE=InnoDB DEFAULT CHARSET=utf8 COLLATE=utf8_unicode_ci;

--
-- Dumping data for table `tbl_client_address`
--


-- --------------------------------------------------------

--
-- Table structure for table `tbl_client_carer_rating`
--

CREATE TABLE IF NOT EXISTS `tbl_client_carer_rating` (
  `id` int(11) NOT NULL AUTO_INCREMENT,
  `id_carer_availability` int(11) DEFAULT NULL,
  `id_client` int(11) DEFAULT NULL,
  `carer_rating` int(11) DEFAULT NULL,
  `client_rating` int(11) DEFAULT NULL,
  PRIMARY KEY (`id`),
  KEY `id_carer_availability` (`id_carer_availability`),
  KEY `id_client` (`id_client`)
) ENGINE=InnoDB DEFAULT CHARSET=utf8 COLLATE=utf8_unicode_ci AUTO_INCREMENT=1 ;

--
-- Dumping data for table `tbl_client_carer_rating`
--


-- --------------------------------------------------------

--
-- Table structure for table `tbl_client_document`
--

CREATE TABLE IF NOT EXISTS `tbl_client_document` (
  `id` int(11) NOT NULL AUTO_INCREMENT,
  `id_document` int(11) NOT NULL,
  `id_client` int(11) NOT NULL,
  `year_obtained` int(4) NOT NULL DEFAULT '0',
  `status` int(1) NOT NULL,
  `id_content` int(11) DEFAULT NULL,
  PRIMARY KEY (`id`),
  UNIQUE KEY `UK_tbl_carer_document` (`id_client`,`id_document`,`status`,`year_obtained`),
  UNIQUE KEY `id_content` (`id_content`),
  KEY `FK_tbl_carer_document_tbl_document_id` (`id_document`)
) ENGINE=InnoDB DEFAULT CHARSET=utf8 COLLATE=utf8_unicode_ci AUTO_INCREMENT=1 ;

--
-- Dumping data for table `tbl_client_document`
--


-- --------------------------------------------------------

--
-- Table structure for table `tbl_client_fin_trans`
--

CREATE TABLE IF NOT EXISTS `tbl_client_fin_trans` (
  `id` int(11) NOT NULL AUTO_INCREMENT,
  `id_client` int(11) DEFAULT NULL,
  `date` date DEFAULT NULL,
  `amount` int(11) DEFAULT NULL,
  PRIMARY KEY (`id`),
  KEY `id_carer` (`id_client`)
) ENGINE=InnoDB DEFAULT CHARSET=utf8 COLLATE=utf8_unicode_ci AUTO_INCREMENT=1 ;

--
-- Dumping data for table `tbl_client_fin_trans`
--


-- --------------------------------------------------------

--
-- Table structure for table `tbl_condition`
--

CREATE TABLE IF NOT EXISTS `tbl_condition` (
  `id` int(11) NOT NULL AUTO_INCREMENT,
  `name` varchar(30) COLLATE utf8_unicode_ci NOT NULL,
  `type` int(2) NOT NULL,
  `order` int(3) NOT NULL,
  PRIMARY KEY (`id`),
  UNIQUE KEY `UK_tbl_condition` (`name`,`type`,`order`)
) ENGINE=InnoDB  DEFAULT CHARSET=utf8 COLLATE=utf8_unicode_ci AVG_ROW_LENGTH=1489 AUTO_INCREMENT=22 ;

--
-- Dumping data for table `tbl_condition`
--

REPLACE INTO `tbl_condition` (`id`, `name`, `type`, `order`) VALUES
(19, 'alzheimer', 2, 3),
(17, 'cant_dressup', 1, 2),
(16, 'cant_wakeup', 1, 3),
(14, 'cant_walk', 1, 5),
(15, 'cant_washup', 1, 4),
(20, 'memory_problems', 2, 2),
(21, 'no_mental_problems', 2, 1),
(18, 'no_physical_problems', 1, 1),
(12, 'paraplegic', 1, 7),
(13, 'parkinson', 1, 6),
(11, 'tetraplegic', 1, 8);

-- --------------------------------------------------------

--
-- Table structure for table `tbl_document`
--

CREATE TABLE IF NOT EXISTS `tbl_document` (
  `id` int(11) NOT NULL AUTO_INCREMENT,
  `name` varchar(30) COLLATE utf8_unicode_ci NOT NULL,
  `type` int(3) NOT NULL,
  `order` int(2) NOT NULL,
  PRIMARY KEY (`id`),
  UNIQUE KEY `UK_tbl_document` (`name`,`order`,`type`)
) ENGINE=InnoDB  DEFAULT CHARSET=utf8 COLLATE=utf8_unicode_ci AVG_ROW_LENGTH=5461 AUTO_INCREMENT=46 ;

--
-- Dumping data for table `tbl_document`
--

REPLACE INTO `tbl_document` (`id`, `name`, `type`, `order`) VALUES
(21, 'crb_check', 4, 1),
(8, 'dementia', 1, 7),
(45, 'driving_licence', 5, 1),
(7, 'emergency_first_aid', 1, 6),
(34, 'enhanced_crb_check', 4, 2),
(11, 'food_hygiene', 1, 10),
(20, 'id', 2, 1),
(5, 'moving_and_handling', 1, 4),
(1, 'nvq_1', 1, 1),
(2, 'nvq_2', 1, 2),
(4, 'nvq_3', 1, 3),
(10, 'parkinson_s_disease', 1, 9),
(6, 'personal_care_for_the_elderly', 1, 5),
(3, 'photo', 3, 1),
(9, 'stroke_awarness', 1, 8);

-- --------------------------------------------------------

--
-- Table structure for table `tbl_file_content`
--

CREATE TABLE IF NOT EXISTS `tbl_file_content` (
  `id` int(11) NOT NULL AUTO_INCREMENT,
  `name` varchar(70) COLLATE utf8_unicode_ci NOT NULL,
  `type` varchar(50) COLLATE utf8_unicode_ci NOT NULL,
  `size` int(11) NOT NULL,
  `path` varchar(255) COLLATE utf8_unicode_ci NOT NULL,
  PRIMARY KEY (`id`)
) ENGINE=InnoDB  DEFAULT CHARSET=utf8 COLLATE=utf8_unicode_ci AVG_ROW_LENGTH=1365 AUTO_INCREMENT=656 ;

--
-- Dumping data for table `tbl_file_content`
--

REPLACE INTO `tbl_file_content` (`id`, `name`, `type`, `size`, `path`) VALUES
(152, 'cv10.png', 'application/octet-stream', 5706, '/directhomecare/protected/upload/carers/409/photos/cv10.png'),
(153, 'cv.png', 'application/octet-stream', 5706, '/directhomecare/protected/upload/carers/409/photos/cv.png'),
(158, 'cv49.png', 'application/octet-stream', 5706, '/directhomecare/protected/upload/carers/409/photos/cv49.png'),
(159, 'cv.png', 'application/octet-stream', 5706, '/directhomecare/protected/upload/carers/409/diplomas/cv.png'),
(160, 'cv.png', 'application/octet-stream', 5706, '/directhomecare/protected/upload/carers/411/photos/cv.png'),
(161, 'cv39.png', 'application/octet-stream', 5706, '/directhomecare/protected/upload/carers/411/photos/cv39.png'),
(162, 'cv66.png', 'application/octet-stream', 5706, '/directhomecare/protected/upload/carers/411/photos/cv66.png'),
(163, 'cv13.png', 'application/octet-stream', 5706, '/directhomecare/protected/upload/carers/411/photos/cv13.png'),
(164, 'cv64.png', 'application/octet-stream', 5706, '/directhomecare/protected/upload/carers/411/photos/cv64.png'),
(165, 'cv70.png', 'application/octet-stream', 5706, '/directhomecare/protected/upload/carers/411/photos/cv70.png'),
(166, 'cv46.png', 'application/octet-stream', 5706, '/directhomecare/protected/upload/carers/411/photos/cv46.png'),
(167, 'cv83.png', 'application/octet-stream', 5706, '/directhomecare/protected/upload/carers/411/photos/cv83.png'),
(168, 'cv92.png', 'application/octet-stream', 5706, '/directhomecare/protected/upload/carers/411/photos/cv92.png'),
(169, 'cv16.png', 'application/octet-stream', 5706, '/directhomecare/protected/upload/carers/411/photos/cv16.png'),
(170, 'cv1680.png', 'application/octet-stream', 5706, '/directhomecare/protected/upload/carers/411/photos/cv1680.png'),
(171, 'cv84.png', 'application/octet-stream', 5706, '/directhomecare/protected/upload/carers/411/photos/cv84.png'),
(172, 'cv32.png', 'application/octet-stream', 5706, '/directhomecare/protected/upload/carers/411/photos/cv32.png'),
(201, 'cv88.png', 'application/octet-stream', 5706, '/directhomecare/protected/upload/carers/411/photos/cv88.png'),
(205, 'cv74.png', 'application/octet-stream', 5706, '/directhomecare/protected/upload/carers/412/diplomas/cv74.png'),
(206, 'cv37.png', 'application/octet-stream', 5706, '/directhomecare/protected/upload/carers/412/diplomas/cv37.png'),
(207, 'cv16.png', 'application/octet-stream', 5706, '/directhomecare/protected/upload/carers/412/diplomas/cv16.png'),
(208, 'cv45.png', 'application/octet-stream', 5706, '/directhomecare/protected/upload/carers/412/diplomas/cv45.png'),
(209, 'cv28.png', 'application/octet-stream', 5706, '/directhomecare/protected/upload/carers/412/diplomas/cv28.png'),
(210, 'cv7428.png', 'application/octet-stream', 5706, '/directhomecare/protected/upload/carers/412/diplomas/cv7428.png'),
(211, 'cv.png', 'application/octet-stream', 5706, '/directhomecare/protected/upload/carers/412/diplomas/cv.png'),
(212, 'cv64.png', 'application/octet-stream', 5706, '/directhomecare/protected/upload/carers/412/diplomas/cv64.png'),
(213, 'cv54.png', 'application/octet-stream', 5706, '/directhomecare/protected/upload/carers/412/diplomas/cv54.png'),
(214, 'cv51.png', 'application/octet-stream', 5706, '/directhomecare/protected/upload/carers/412/diplomas/cv51.png'),
(215, 'cv52.png', 'application/octet-stream', 5706, '/directhomecare/protected/upload/carers/412/diplomas/cv52.png'),
(216, 'cv72.png', 'application/octet-stream', 5706, '/directhomecare/protected/upload/carers/412/diplomas/cv72.png'),
(217, 'cv19.png', 'application/octet-stream', 5706, '/directhomecare/protected/upload/carers/412/diplomas/cv19.png'),
(218, 'cv50.png', 'application/octet-stream', 5706, '/directhomecare/protected/upload/carers/412/diplomas/cv50.png'),
(221, 'cv2230.png', 'application/octet-stream', 5706, '/directhomecare/protected/upload/carers/412/diplomas/cv2230.png'),
(245, 'cv.png', 'application/octet-stream', 5706, '/directhomecare/protected/upload/carers/412/photos/cv.png'),
(263, 'cv.png', 'application/octet-stream', 5706, '/directhomecare/protected/upload/carers/412/criminals/cv.png'),
(264, 'xc.JPG', 'application/octet-stream', 161631, '/directhomecare/protected/upload/carers/412/criminals/xc.JPG'),
(265, 'cv55.png', 'application/octet-stream', 5706, '/directhomecare/protected/upload/carers/412/criminals/cv55.png'),
(266, 'cv94.png', 'application/octet-stream', 5706, '/directhomecare/protected/upload/carers/412/criminals/cv94.png'),
(268, 'cv74.png', 'application/octet-stream', 5706, '/directhomecare/protected/upload/carers/412/criminals/cv74.png'),
(269, 'cv26.png', 'application/octet-stream', 5706, '/directhomecare/protected/upload/carers/412/criminals/cv26.png'),
(272, 'cv.png', 'application/octet-stream', 5706, '/directhomecare/protected/upload/carers/412/identifications/cv.png'),
(273, 'cv95.png', 'application/octet-stream', 5706, '/directhomecare/protected/upload/carers/412/identifications/cv95.png'),
(274, 'cv97.png', 'application/octet-stream', 5706, '/directhomecare/protected/upload/carers/412/identifications/cv97.png'),
(275, 'cv.png', 'application/octet-stream', 5706, '/directhomecare/protected/upload/carers/413/photos/cv.png'),
(276, 'xc.JPG', 'application/octet-stream', 161631, '/directhomecare/protected/upload/carers/413/criminals/xc.JPG'),
(277, 'xc.JPG', 'application/octet-stream', 161631, '/directhomecare/protected/upload/carers/413/driving_licence/xc.JPG'),
(278, 'xc35.JPG', 'application/octet-stream', 161631, '/directhomecare/protected/upload/carers/413/driving_licence/xc35.JPG'),
(280, 'xc65.JPG', 'application/octet-stream', 161631, '/directhomecare/protected/upload/carers/413/driving_licence/xc65.JPG'),
(281, 'xc71.JPG', 'application/octet-stream', 161631, '/directhomecare/protected/upload/carers/413/driving_licence/xc71.JPG'),
(282, 'xc86.JPG', 'application/octet-stream', 161631, '/directhomecare/protected/upload/carers/413/driving_licence/xc86.JPG'),
(285, 'xc61.JPG', 'application/octet-stream', 161631, '/directhomecare/protected/upload/carers/413/driving_licence/xc61.JPG'),
(286, 'xc33.JPG', 'application/octet-stream', 161631, '/directhomecare/protected/upload/carers/413/driving_licence/xc33.JPG'),
(287, 'xc38.JPG', 'application/octet-stream', 161631, '/directhomecare/protected/upload/carers/413/driving_licence/xc38.JPG'),
(288, 'xc68.JPG', 'application/octet-stream', 161631, '/directhomecare/protected/upload/carers/413/driving_licence/xc68.JPG'),
(289, 'cv.png', 'application/octet-stream', 5706, '/directhomecare/protected/upload/carers/413/identification/cv.png'),
(290, 'cv57.png', 'application/octet-stream', 5706, '/directhomecare/protected/upload/carers/413/photos/cv57.png'),
(291, 'cv43.png', 'application/octet-stream', 5706, '/directhomecare/protected/upload/carers/413/photos/cv43.png'),
(292, 'cv63.png', 'application/octet-stream', 5706, '/directhomecare/protected/upload/carers/413/photos/cv63.png'),
(293, 'cv93.png', 'application/octet-stream', 5706, '/directhomecare/protected/upload/carers/413/photos/cv93.png'),
(294, 'cv85.png', 'application/octet-stream', 5706, '/directhomecare/protected/upload/carers/413/photos/cv85.png'),
(295, 'xc.JPG', 'application/octet-stream', 161631, '/directhomecare/protected/upload/carers/413/photos/xc.JPG'),
(296, 'cv81.png', 'application/octet-stream', 5706, '/directhomecare/protected/upload/carers/413/photos/cv81.png'),
(297, 'cv34.png', 'application/octet-stream', 5706, '/directhomecare/protected/upload/carers/413/photos/cv34.png'),
(300, 'cv21.png', 'application/octet-stream', 5706, '/directhomecare/protected/upload/carers/413/photos/cv21.png'),
(301, 'cv83.png', 'application/octet-stream', 5706, '/directhomecare/protected/upload/carers/413/photos/cv83.png'),
(302, 'cv82.png', 'application/octet-stream', 5706, '/directhomecare/protected/upload/carers/413/photos/cv82.png'),
(303, 'cv20.png', 'application/octet-stream', 5706, '/directhomecare/protected/upload/carers/413/photos/cv20.png'),
(304, 'cv71.png', 'application/octet-stream', 5706, '/directhomecare/protected/upload/carers/413/photos/cv71.png'),
(305, 'cv8575.png', 'application/octet-stream', 5706, '/directhomecare/protected/upload/carers/413/photos/cv8575.png'),
(306, 'cv87.png', 'application/octet-stream', 5706, '/directhomecare/protected/upload/carers/413/photos/cv87.png'),
(307, 'xc39.JPG', 'application/octet-stream', 161631, '/directhomecare/protected/upload/carers/413/photos/xc39.JPG'),
(308, 'xc95.JPG', 'application/octet-stream', 161631, '/directhomecare/protected/upload/carers/413/photos/xc95.JPG'),
(309, 'xc58.JPG', 'application/octet-stream', 161631, '/directhomecare/protected/upload/carers/413/photos/xc58.JPG'),
(310, 'xc18.JPG', 'application/octet-stream', 161631, '/directhomecare/protected/upload/carers/413/photos/xc18.JPG'),
(311, 'xc99.JPG', 'application/octet-stream', 161631, '/directhomecare/protected/upload/carers/413/photos/xc99.JPG'),
(312, 'xc62.JPG', 'application/octet-stream', 161631, '/directhomecare/protected/upload/carers/413/photos/xc62.JPG'),
(313, 'xc59.JPG', 'application/octet-stream', 161631, '/directhomecare/protected/upload/carers/413/photos/xc59.JPG'),
(314, 'xc47.JPG', 'application/octet-stream', 161631, '/directhomecare/protected/upload/carers/413/photos/xc47.JPG'),
(315, 'xc91.JPG', 'application/octet-stream', 161631, '/directhomecare/protected/upload/carers/413/photos/xc91.JPG'),
(316, 'xc.JPG', 'application/octet-stream', 161631, '/directhomecare/protected/upload/carers/413/photo/xc.JPG'),
(319, 'xc18.JPG', 'application/octet-stream', 161631, '/directhomecare/protected/upload/carers/413/photo/xc18.JPG'),
(320, 'xc44.JPG', 'application/octet-stream', 161631, '/directhomecare/protected/upload/carers/413/photo/xc44.JPG'),
(323, 'xc4429.JPG', 'application/octet-stream', 161631, '/directhomecare/protected/upload/carers/413/photo/xc4429.JPG'),
(325, 'cv.png', 'application/octet-stream', 5706, '/directhomecare/protected/upload/carers/413/photo/cv.png'),
(326, 'xc.JPG', 'application/octet-stream', 161631, '/directhomecare/protected/upload/carers/414/photo/xc.JPG'),
(327, 'cv.png', 'application/octet-stream', 5706, '/directhomecare/protected/upload/carers/414/photo/cv.png'),
(328, 'cv.png', 'application/octet-stream', 5706, '/directhomecare/protected/upload/carers/414/driving_licence/cv.png'),
(329, 'xc17.JPG', 'application/octet-stream', 161631, '/directhomecare/protected/upload/carers/414/photo/xc17.JPG'),
(330, 'xc.JPG', 'application/octet-stream', 161631, '/directhomecare/protected/upload/carers/414/driving_licence/xc.JPG'),
(331, 'xc12.JPG', 'application/octet-stream', 161631, '/directhomecare/protected/upload/carers/414/driving_licence/xc12.JPG'),
(332, 'xc67.JPG', 'application/octet-stream', 161631, '/directhomecare/protected/upload/carers/414/driving_licence/xc67.JPG'),
(333, 'cv26.png', 'application/octet-stream', 5706, '/directhomecare/protected/upload/carers/414/driving_licence/cv26.png'),
(334, 'xc34.JPG', 'application/octet-stream', 161631, '/directhomecare/protected/upload/carers/414/photo/xc34.JPG'),
(335, 'cv32.png', 'application/octet-stream', 5706, '/directhomecare/protected/upload/carers/414/driving_licence/cv32.png'),
(336, 'xc66.JPG', 'application/octet-stream', 161631, '/directhomecare/protected/upload/carers/414/driving_licence/xc66.JPG'),
(337, 'cv43.png', 'application/octet-stream', 5706, '/directhomecare/protected/upload/carers/414/driving_licence/cv43.png'),
(338, 'xc94.JPG', 'application/octet-stream', 161631, '/directhomecare/protected/upload/carers/414/driving_licence/xc94.JPG'),
(339, 'xc73.JPG', 'application/octet-stream', 161631, '/directhomecare/protected/upload/carers/414/driving_licence/xc73.JPG'),
(341, 'xc48.JPG', 'application/octet-stream', 161631, '/directhomecare/protected/upload/carers/414/driving_licence/xc48.JPG'),
(342, 'xc14.JPG', 'application/octet-stream', 161631, '/directhomecare/protected/upload/carers/414/driving_licence/xc14.JPG'),
(343, 'cv.png', 'application/octet-stream', 5706, '/directhomecare/protected/upload/carers/415/identification/cv.png'),
(344, 'xc.JPG', 'application/octet-stream', 161631, '/directhomecare/protected/upload/carers/415/identification/xc.JPG'),
(345, 'cv.png', 'application/octet-stream', 5706, '/directhomecare/protected/upload/carers/415/photo/cv.png'),
(346, 'cv.png', 'application/octet-stream', 5706, '/directhomecare/protected/upload/carers/415/driving_licence/cv.png'),
(347, 'cv27.png', 'application/octet-stream', 5706, '/directhomecare/protected/upload/carers/415/identification/cv27.png'),
(348, 'cv12.png', 'application/octet-stream', 5706, '/directhomecare/protected/upload/carers/415/photo/cv12.png'),
(349, 'cv16.png', 'application/octet-stream', 5706, '/directhomecare/protected/upload/carers/415/driving_licence/cv16.png'),
(350, 'xc47.JPG', 'application/octet-stream', 161631, '/directhomecare/protected/upload/carers/415/identification/xc47.JPG'),
(351, 'xc.JPG', 'application/octet-stream', 161631, '/directhomecare/protected/upload/carers/415/photo/xc.JPG'),
(352, 'xc64.JPG', 'application/octet-stream', 161631, '/directhomecare/protected/upload/carers/415/identification/xc64.JPG'),
(353, 'xc62.JPG', 'application/octet-stream', 161631, '/directhomecare/protected/upload/carers/415/photo/xc62.JPG'),
(354, 'xc.JPG', 'application/octet-stream', 161631, '/directhomecare/protected/upload/carers/415/driving_licence/xc.JPG'),
(355, 'cv62.png', 'application/octet-stream', 5706, '/directhomecare/protected/upload/carers/415/driving_licence/cv62.png'),
(356, 'xc21.JPG', 'application/octet-stream', 161631, '/directhomecare/protected/upload/carers/415/identification/xc21.JPG'),
(357, 'xc18.JPG', 'application/octet-stream', 161631, '/directhomecare/protected/upload/carers/415/photo/xc18.JPG'),
(358, 'cv14.png', 'application/octet-stream', 5706, '/directhomecare/protected/upload/carers/415/driving_licence/cv14.png'),
(359, 'xc86.JPG', 'application/octet-stream', 161631, '/directhomecare/protected/upload/carers/415/identification/xc86.JPG'),
(362, 'cv36.png', 'application/octet-stream', 5706, '/directhomecare/protected/upload/carers/415/driving_licence/cv36.png'),
(363, 'xc88.JPG', 'application/octet-stream', 161631, '/directhomecare/protected/upload/carers/415/driving_licence/xc88.JPG'),
(364, 'cv25.png', 'application/octet-stream', 5706, '/directhomecare/protected/upload/carers/415/driving_licence/cv25.png'),
(365, 'cv24.png', 'application/octet-stream', 5706, '/directhomecare/protected/upload/carers/415/driving_licence/cv24.png'),
(366, 'cv80.png', 'application/octet-stream', 5706, '/directhomecare/protected/upload/carers/415/photo/cv80.png'),
(367, 'xc71.JPG', 'application/octet-stream', 161631, '/directhomecare/protected/upload/carers/415/identification/xc71.JPG'),
(368, 'cv96.png', 'application/octet-stream', 5706, '/directhomecare/protected/upload/carers/415/driving_licence/cv96.png'),
(371, 'cv.png', 'application/octet-stream', 5706, '/directhomecare/protected/upload/carers/416/criminals/cv.png'),
(372, 'xc33.JPG', 'application/octet-stream', 161631, '/directhomecare/protected/upload/carers/416/criminals/xc33.JPG'),
(373, 'xc.JPG', 'application/octet-stream', 161631, '/directhomecare/protected/upload/carers/416/photo/xc.JPG'),
(374, 'xc68.JPG', 'application/octet-stream', 161631, '/directhomecare/protected/upload/carers/416/photo/xc68.JPG'),
(375, 'xc56.JPG', 'application/octet-stream', 161631, '/directhomecare/protected/upload/carers/416/photo/xc56.JPG'),
(376, 'xc36.JPG', 'application/octet-stream', 161631, '/directhomecare/protected/upload/carers/416/photo/xc36.JPG'),
(377, 'cv.png', 'application/octet-stream', 5706, '/directhomecare/protected/upload/carers/416/photo/cv.png'),
(379, 'cv57.png', 'application/octet-stream', 5706, '/directhomecare/protected/upload/carers/416/photo/cv57.png'),
(380, 'xc35.JPG', 'application/octet-stream', 161631, '/directhomecare/protected/upload/carers/416/photo/xc35.JPG'),
(381, 'cv.png', 'application/octet-stream', 5706, '/directhomecare/protected/upload/carers/416/driving_licence/cv.png'),
(383, 'xc27.JPG', 'application/octet-stream', 161631, '/directhomecare/protected/upload/carers/416/photo/xc27.JPG'),
(384, 'xc83.JPG', 'application/octet-stream', 161631, '/directhomecare/protected/upload/carers/416/photo/xc83.JPG'),
(385, 'xc82.JPG', 'application/octet-stream', 161631, '/directhomecare/protected/upload/carers/416/photo/xc82.JPG'),
(386, 'xc53.JPG', 'application/octet-stream', 161631, '/directhomecare/protected/upload/carers/416/photo/xc53.JPG'),
(388, 'xc40.JPG', 'application/octet-stream', 161631, '/directhomecare/protected/upload/carers/416/photo/xc40.JPG'),
(389, 'xc22.JPG', 'application/octet-stream', 161631, '/directhomecare/protected/upload/carers/416/driving_licence/xc22.JPG'),
(390, 'xc87.JPG', 'application/octet-stream', 161631, '/directhomecare/protected/upload/carers/416/photo/xc87.JPG'),
(392, 'xc6819.JPG', 'application/octet-stream', 161631, '/directhomecare/protected/upload/carers/416/photo/xc6819.JPG'),
(394, 'xc50.JPG', 'application/octet-stream', 161631, '/directhomecare/protected/upload/carers/416/photo/xc50.JPG'),
(396, 'xc65.JPG', 'application/octet-stream', 161631, '/directhomecare/protected/upload/carers/416/photo/xc65.JPG'),
(404, 'xc59.JPG', 'application/octet-stream', 161631, '/directhomecare/protected/upload/carers/416/criminals/xc59.JPG'),
(407, 'cv30.png', 'application/octet-stream', 5706, '/directhomecare/protected/upload/carers/416/criminals/cv30.png'),
(408, 'cv15.png', 'application/octet-stream', 5706, '/directhomecare/protected/upload/carers/416/criminals/cv15.png'),
(417, 'xc.JPG', 'application/octet-stream', 161631, '/directhomecare/protected/upload/carers/416/criminals/xc.JPG'),
(418, 'xc75.JPG', 'application/octet-stream', 161631, '/directhomecare/protected/upload/carers/416/criminals/xc75.JPG'),
(419, 'xc45.JPG', 'application/octet-stream', 161631, '/directhomecare/protected/upload/carers/416/criminals/xc45.JPG'),
(420, 'xc.JPG', 'application/octet-stream', 161631, '/directhomecare/protected/upload/carers/416/criminals/xc.JPG'),
(421, 'xc73.JPG', 'application/octet-stream', 161631, '/directhomecare/protected/upload/carers/416/criminals/xc73.JPG'),
(422, 'xc45.JPG', 'application/octet-stream', 161631, '/directhomecare/protected/upload/carers/416/criminals/xc45.JPG'),
(424, 'xc55.JPG', 'application/octet-stream', 161631, '/directhomecare/protected/upload/carers/416/criminals/xc55.JPG'),
(425, 'xc75.JPG', 'application/octet-stream', 161631, '/directhomecare/protected/upload/carers/416/criminals/xc75.JPG'),
(427, 'xc19.JPG', 'application/octet-stream', 161631, '/directhomecare/protected/upload/carers/416/criminals/xc19.JPG'),
(430, 'cv.png', 'application/octet-stream', 5706, '/directhomecare/protected/upload/carers/416/criminals/cv.png'),
(431, 'cv15.png', 'application/octet-stream', 5706, '/directhomecare/protected/upload/carers/416/criminals/cv15.png'),
(432, 'cv13.png', 'application/octet-stream', 5706, '/directhomecare/protected/upload/carers/416/criminals/cv13.png'),
(433, 'cv64.png', 'application/octet-stream', 5706, '/directhomecare/protected/upload/carers/416/criminals/cv64.png'),
(434, 'cv59.png', 'application/octet-stream', 5706, '/directhomecare/protected/upload/carers/416/criminals/cv59.png'),
(435, 'cv67.png', 'application/octet-stream', 5706, '/directhomecare/protected/upload/carers/416/criminals/cv67.png'),
(436, 'xc47.JPG', 'application/octet-stream', 161631, '/directhomecare/protected/upload/carers/416/criminals/xc47.JPG'),
(437, 'cv54.png', 'application/octet-stream', 5706, '/directhomecare/protected/upload/carers/416/criminals/cv54.png'),
(438, 'cv30.png', 'application/octet-stream', 5706, '/directhomecare/protected/upload/carers/416/criminals/cv30.png'),
(439, 'xc86.JPG', 'application/octet-stream', 161631, '/directhomecare/protected/upload/carers/416/criminals/xc86.JPG'),
(440, 'xc24.JPG', 'application/octet-stream', 161631, '/directhomecare/protected/upload/carers/416/criminals/xc24.JPG'),
(441, 'xc70.JPG', 'application/octet-stream', 161631, '/directhomecare/protected/upload/carers/416/criminals/xc70.JPG'),
(442, 'xc.JPG', 'application/octet-stream', 161631, '/directhomecare/protected/upload/carers/416/diplomas/xc.JPG'),
(443, 'xc38.JPG', 'application/octet-stream', 161631, '/directhomecare/protected/upload/carers/416/criminals/xc38.JPG'),
(444, 'xc.JPG', 'application/octet-stream', 161631, '/directhomecare/protected/upload/carers/417/diplomas/xc.JPG'),
(445, 'xc.JPG', 'application/octet-stream', 161631, '/directhomecare/protected/upload/carers/417/driving_licence/xc.JPG'),
(447, 'cv.png', 'application/octet-stream', 5706, '/directhomecare/protected/upload/carers/418/criminals/cv.png'),
(448, 'xc.JPG', 'application/octet-stream', 161631, '/directhomecare/protected/upload/carers/418/driving_licence/xc.JPG'),
(449, 'cv.png', 'application/octet-stream', 5706, '/directhomecare/protected/upload/carers/418/photo/cv.png'),
(450, 'xc.JPG', 'application/octet-stream', 161631, '/directhomecare/protected/upload/carers/418/identification/xc.JPG'),
(451, 'xc.JPG', 'application/octet-stream', 161631, '/directhomecare/protected/upload/carers/418/photo/xc.JPG'),
(452, 'cv24.png', 'application/octet-stream', 5706, '/directhomecare/protected/upload/carers/418/photo/cv24.png'),
(453, 'cv.png', 'application/octet-stream', 5706, '/directhomecare/protected/upload/carers/419/photo/cv.png'),
(454, 'xc.JPG', 'application/octet-stream', 161631, '/directhomecare/protected/upload/carers/419/photo/xc.JPG'),
(455, 'cv12.png', 'application/octet-stream', 5706, '/directhomecare/protected/upload/carers/419/photo/cv12.png'),
(480, 'xc25.JPG', 'application/octet-stream', 161631, '/directhomecare/protected/upload/carers/419/photo/xc25.JPG'),
(481, 'xc37.JPG', 'application/octet-stream', 161631, '/directhomecare/protected/upload/carers/419/photo/xc37.JPG'),
(482, 'xc86.JPG', 'application/octet-stream', 161631, '/directhomecare/protected/upload/carers/419/photo/xc86.JPG'),
(484, 'xc.JPG', 'application/octet-stream', 161631, '/directhomecare/protected/upload/carers/420/photo/xc.JPG'),
(485, 'xc.JPG', 'application/octet-stream', 161631, '/directhomecare/protected/upload/carers/420/driving_licence/xc.JPG'),
(486, 'xc.JPG', 'application/octet-stream', 161631, '/directhomecare/protected/upload/carers/420/identification/xc.JPG'),
(487, 'xc.JPG', 'application/octet-stream', 161631, '/directhomecare/protected/upload/carers/421/photo/xc.JPG'),
(508, 'xc58.JPG', 'application/octet-stream', 161631, '/directhomecare/protected/upload/carers/419/photo/xc58.JPG'),
(510, 'xc88.JPG', 'application/octet-stream', 161631, '/directhomecare/protected/upload/carers/419/photo/xc88.JPG'),
(512, 'xc30.JPG', 'application/octet-stream', 161631, '/directhomecare/protected/upload/carers/419/photo/xc30.JPG'),
(513, 'xc89.JPG', 'application/octet-stream', 161631, '/directhomecare/protected/upload/carers/420/photo/xc89.JPG'),
(517, 'xc26.JPG', 'application/octet-stream', 161631, '/directhomecare/protected/upload/carers/420/photo/xc26.JPG'),
(518, 'xc89.JPG', 'application/octet-stream', 161631, '/directhomecare/protected/upload/carers/419/photo/xc89.JPG'),
(547, 'xc97.JPG', 'application/octet-stream', 161631, '/directhomecare/protected/upload/carers/419/photo/xc97.JPG'),
(548, 'xc.JPG', 'application/octet-stream', 161631, '/directhomecare/protected/upload/carers/419/identification/xc.JPG'),
(549, 'xc59.JPG', 'application/octet-stream', 161631, '/directhomecare/protected/upload/carers/420/photo/xc59.JPG'),
(550, 'xc63.JPG', 'application/octet-stream', 161631, '/directhomecare/protected/upload/carers/419/photo/xc63.JPG'),
(553, 'xc14.JPG', 'application/octet-stream', 161631, '/directhomecare/protected/upload/carers/419/photo/xc14.JPG'),
(554, 'xc16.JPG', 'application/octet-stream', 161631, '/directhomecare/protected/upload/carers/420/photo/xc16.JPG'),
(555, 'xc21.JPG', 'application/octet-stream', 161631, '/directhomecare/protected/upload/carers/419/photo/xc21.JPG'),
(556, 'xc.JPG', 'application/octet-stream', 161631, '/directhomecare/protected/upload/carers/419/driving_licence/xc.JPG'),
(557, 'cv.png', 'application/octet-stream', 5706, '/directhomecare/protected/upload/carers/420/photo/cv.png'),
(558, 'xc78.JPG', 'application/octet-stream', 161631, '/directhomecare/protected/upload/carers/419/photo/xc78.JPG'),
(559, 'cv.png', 'application/octet-stream', 5706, '/directhomecare/protected/upload/carers/459/diplomas/cv.png'),
(560, 'cv.png', 'application/octet-stream', 5706, '/directhomecare/protected/upload/carers/468/driving_licence/cv.png'),
(561, 'cv.png', 'application/octet-stream', 5706, '/directhomecare/protected/upload/carers/476/driving_licence/cv.png'),
(563, 'cv.png', 'application/octet-stream', 5706, '/directhomecare/protected/upload/carers/478/identification/cv.png'),
(564, 'cv61.png', 'application/octet-stream', 5706, '/directhomecare/protected/upload/carers/478/identification/cv61.png'),
(567, 'xc.JPG', 'application/octet-stream', 161631, '/directhomecare/protected/upload/carers/478/photo/xc.JPG'),
(569, 'cv.png', 'application/octet-stream', 5706, '/directhomecare/protected/upload/carers/478/photo/cv.png'),
(574, 'cv.png', 'application/octet-stream', 5706, '/directhomecare/protected/upload/carers/479/criminals/cv.png'),
(575, 'xc.JPG', 'application/octet-stream', 161631, '/directhomecare/protected/upload/carers/479/diplomas/xc.JPG'),
(576, 'cv.png', 'application/octet-stream', 5706, '/directhomecare/protected/upload/carers/479/identification/cv.png'),
(577, 'cv73.png', 'application/octet-stream', 5706, '/directhomecare/protected/upload/carers/479/criminals/cv73.png'),
(579, 'cv70.png', 'application/octet-stream', 5706, '/directhomecare/protected/upload/carers/478/identification/cv70.png'),
(580, 'cv48.png', 'application/octet-stream', 5706, '/directhomecare/protected/upload/carers/478/photo/cv48.png'),
(581, 'cv.png', 'application/octet-stream', 5706, '/directhomecare/protected/upload/carers/478/driving_licence/cv.png'),
(582, 'cv.png', 'application/octet-stream', 5706, '/directhomecare/protected/upload/carers/478/criminals/cv.png'),
(583, 'xc.JPG', 'application/octet-stream', 161631, '/directhomecare/protected/upload/carers/478/diplomas/xc.JPG'),
(584, 'xc.JPG', 'application/octet-stream', 161631, '/directhomecare/protected/upload/carers/478/identification/xc.JPG'),
(585, 'xc91.JPG', 'application/octet-stream', 161631, '/directhomecare/protected/upload/carers/479/diplomas/xc91.JPG'),
(586, 'xc.JPG', 'application/octet-stream', 161631, '/directhomecare/protected/upload/carers/479/driving_licence/xc.JPG'),
(587, 'cv.png', 'application/octet-stream', 5706, '/directhomecare/protected/upload/carers/480/photo/cv.png'),
(590, 'xc.JPG', 'application/octet-stream', 161631, '/directhomecare/protected/upload/carers/480/photo/xc.JPG'),
(591, 'xc.JPG', 'application/octet-stream', 161631, '/directhomecare/protected/upload/carers/481/driving_licence/xc.JPG'),
(592, 'xc.JPG', 'application/octet-stream', 161631, '/directhomecare/protected/upload/carers/481/criminals/xc.JPG'),
(593, 'xc.JPG', 'application/octet-stream', 161631, '/directhomecare/protected/upload/carers/481/identification/xc.JPG'),
(594, 'xc.JPG', 'application/octet-stream', 161631, '/directhomecare/protected/upload/carers/481/diplomas/xc.JPG'),
(595, 'cv.png', 'application/octet-stream', 5706, '/directhomecare/protected/upload/carers/481/photo/cv.png'),
(596, 'xc63.JPG', 'application/octet-stream', 161631, '/directhomecare/protected/upload/carers/481/diplomas/xc63.JPG'),
(597, 'xc.JPG', 'application/octet-stream', 161631, '/directhomecare/protected/upload/carers/483/criminals/xc.JPG'),
(598, 'xc75.JPG', 'application/octet-stream', 161631, '/directhomecare/protected/upload/carers/483/criminals/xc75.JPG'),
(599, 'xc41.JPG', 'application/octet-stream', 161631, '/directhomecare/protected/upload/carers/483/criminals/xc41.JPG'),
(600, 'xc17.JPG', 'application/octet-stream', 161631, '/directhomecare/protected/upload/carers/483/criminals/xc17.JPG'),
(601, 'xc81.JPG', 'application/octet-stream', 161631, '/directhomecare/protected/upload/carers/483/criminals/xc81.JPG'),
(602, 'xc7536.JPG', 'application/octet-stream', 161631, '/directhomecare/protected/upload/carers/483/criminals/xc7536.JPG'),
(603, 'xc15.JPG', 'application/octet-stream', 161631, '/directhomecare/protected/upload/carers/483/criminals/xc15.JPG'),
(604, 'cv.png', 'application/octet-stream', 5706, '/directhomecare/protected/upload/carers/483/criminals/cv.png'),
(605, 'cv.png', 'application/octet-stream', 5706, '/directhomecare/protected/upload/carers/490/identification/cv.png'),
(606, 'cv.png', 'application/octet-stream', 5706, '/directhomecare/protected/upload/carers/492/criminals/cv.png'),
(607, 'DrivingLicense.jpg', 'application/octet-stream', 108535, '/directhomecare/protected/upload/carers/494/driving_licence/DrivingLicense.jpg'),
(608, 'photo.jpg', 'application/octet-stream', 58294, '/directhomecare/protected/upload/carers/494/photo/photo.jpg'),
(609, 'NVQ1.jpg', 'application/octet-stream', 33455, '/directhomecare/protected/upload/carers/494/diplomas/NVQ1.jpg'),
(610, 'photo.jpg', 'application/octet-stream', 58294, '/directhomecare/protected/upload/carers/496/photo/photo.jpg'),
(611, 'Passport.jpg', 'application/octet-stream', 107596, '/directhomecare/protected/upload/carers/496/identification/Passport.jpg'),
(612, 'NVQ1.jpg', 'application/octet-stream', 33455, '/directhomecare/protected/upload/carers/496/diplomas/NVQ1.jpg'),
(613, 'photo.jpg', 'application/octet-stream', 58294, '/directhomecare/protected/upload/carers/497/photo/photo.jpg'),
(614, 'NVQ1.jpg', 'application/octet-stream', 33455, '/directhomecare/protected/upload/carers/497/diplomas/NVQ1.jpg'),
(615, 'photo.jpg', 'application/octet-stream', 58294, '/directhomecare/protected/upload/carers/498/photo/photo.jpg'),
(616, 'photo42.jpg', 'application/octet-stream', 58294, '/directhomecare/protected/upload/carers/498/photo/photo42.jpg'),
(617, 'DrivingLicense.jpg', 'application/octet-stream', 108535, '/directhomecare/protected/upload/carers/498/driving_licence/DrivingLicense.jpg'),
(618, 'Passport.jpg', 'application/octet-stream', 107596, '/directhomecare/protected/upload/carers/498/identification/Passport.jpg'),
(619, 'CRBCheck.jpg', 'application/octet-stream', 311770, '/directhomecare/protected/upload/carers/498/criminals/CRBCheck.jpg'),
(620, 'NVQ1.jpg', 'application/octet-stream', 33455, '/directhomecare/protected/upload/carers/498/diplomas/NVQ1.jpg'),
(650, 'NVQ1.jpg', 'application/octet-stream', 33455, '/directhomecare/protected/upload/carers/500/criminals/NVQ1.jpg'),
(651, 'Passport.jpg', 'application/octet-stream', 107596, '/directhomecare/protected/upload/carers/500/diplomas/Passport.jpg'),
(652, 'NVQ1.jpg', 'application/octet-stream', 33455, '/directhomecare/protected/upload/carers/500/diplomas/NVQ1.jpg'),
(653, 'cv.png', 'application/octet-stream', 5706, '/directhomecare/protected/upload/carers/500/criminals/cv.png'),
(654, 'cv89.png', 'application/octet-stream', 5706, '/directhomecare/protected/upload/carers/500/criminals/cv89.png'),
(655, 'cv35.png', 'application/octet-stream', 5706, '/directhomecare/protected/upload/carers/500/criminals/cv35.png');

-- --------------------------------------------------------

--
-- Table structure for table `tbl_live_in_request`
--

CREATE TABLE IF NOT EXISTS `tbl_live_in_request` (
  `id` int(11) NOT NULL AUTO_INCREMENT,
  `start_date` date NOT NULL,
  `end_date` date NOT NULL,
  `id_client` int(11) NOT NULL,
  `id_service_location` int(11) NOT NULL,
  `start_time` time NOT NULL,
  `status` tinyint(1) NOT NULL,
  `created` datetime NOT NULL,
  `modified` datetime NOT NULL,
  PRIMARY KEY (`id`),
  KEY `FK_tbl_live_in_request_tbl_service_location_request_id` (`id_service_location`),
  KEY `FK_tbl_live_in_request_tbl_client_id` (`id_client`)
) ENGINE=InnoDB  DEFAULT CHARSET=utf8 COLLATE=utf8_unicode_ci AVG_ROW_LENGTH=292 AUTO_INCREMENT=139 ;

--
-- Dumping data for table `tbl_live_in_request`
--

REPLACE INTO `tbl_live_in_request` (`id`, `start_date`, `end_date`, `id_client`, `id_service_location`, `start_time`, `status`, `created`, `modified`) VALUES
(127, '2012-12-10', '2012-12-25', 311, 68, '12:00:00', 0, '2012-11-27 13:27:07', '0000-00-00 00:00:00'),
(128, '2012-12-03', '2012-12-19', 316, 69, '12:00:00', 0, '2012-11-28 09:33:55', '0000-00-00 00:00:00'),
(129, '2012-12-10', '2012-12-18', 316, 71, '12:00:00', 0, '2012-11-28 09:35:53', '0000-00-00 00:00:00'),
(130, '2012-12-01', '2012-12-28', 320, 72, '12:00:00', 0, '2012-11-28 15:35:47', '0000-00-00 00:00:00'),
(131, '2012-12-10', '2012-12-28', 320, 73, '12:00:00', 0, '2012-12-01 15:17:37', '0000-00-00 00:00:00'),
(132, '2012-12-17', '2012-12-27', 320, 74, '12:00:00', 0, '2012-12-04 12:40:58', '0000-00-00 00:00:00'),
(133, '2012-12-17', '2012-12-20', 320, 75, '12:00:00', 0, '2012-12-04 16:11:07', '0000-00-00 00:00:00'),
(134, '2012-12-17', '2012-12-20', 320, 76, '12:00:00', 0, '2012-12-04 16:13:10', '0000-00-00 00:00:00'),
(135, '2012-12-17', '2012-12-20', 320, 77, '12:00:00', 0, '2012-12-04 16:15:44', '0000-00-00 00:00:00'),
(136, '2012-12-25', '2012-12-28', 320, 78, '12:00:00', 0, '2012-12-04 16:17:19', '0000-00-00 00:00:00'),
(137, '2012-12-25', '2012-12-28', 320, 79, '12:00:00', 0, '2012-12-04 18:48:55', '0000-00-00 00:00:00'),
(138, '2012-12-17', '2012-12-28', 320, 80, '12:00:00', 0, '2012-12-04 19:15:49', '0000-00-00 00:00:00');

-- --------------------------------------------------------

--
-- Table structure for table `tbl_mission`
--

CREATE TABLE IF NOT EXISTS `tbl_mission` (
  `id` int(11) NOT NULL AUTO_INCREMENT,
  `id_request` int(11) NOT NULL,
  `created` datetime NOT NULL,
  `modified` datetime NOT NULL,
  `type` int(2) NOT NULL DEFAULT '0',
  `status` int(2) NOT NULL DEFAULT '0',
  PRIMARY KEY (`id`),
  KEY `id_request` (`id_request`)
) ENGINE=InnoDB  DEFAULT CHARSET=utf8 COLLATE=utf8_unicode_ci AUTO_INCREMENT=11 ;

--
-- Dumping data for table `tbl_mission`
--

REPLACE INTO `tbl_mission` (`id`, `id_request`, `created`, `modified`, `type`, `status`) VALUES
(7, 20, '2012-12-06 12:15:05', '0000-00-00 00:00:00', 1, 0),
(8, 20, '2012-12-06 12:15:05', '0000-00-00 00:00:00', 1, 0),
(9, 20, '2012-12-06 12:15:05', '0000-00-00 00:00:00', 1, 0),
(10, 21, '2012-12-06 17:56:52', '0000-00-00 00:00:00', 1, 0);

-- --------------------------------------------------------

--
-- Table structure for table `tbl_mission_carers`
--

CREATE TABLE IF NOT EXISTS `tbl_mission_carers` (
  `id` int(11) NOT NULL AUTO_INCREMENT,
  `id_mission` int(11) NOT NULL,
  `id_applying_carer` int(11) NOT NULL,
  `status` tinyint(1) NOT NULL,
  `created` datetime NOT NULL,
  `modified` datetime NOT NULL,
  `discarded` int(1) NOT NULL DEFAULT '0',
  PRIMARY KEY (`id`),
  KEY `status` (`status`),
  KEY `id_applying_carer` (`id_applying_carer`),
  KEY `id_live_in_mission` (`id_mission`)
) ENGINE=InnoDB  DEFAULT CHARSET=utf8 COLLATE=utf8_unicode_ci AUTO_INCREMENT=8 ;

--
-- Dumping data for table `tbl_mission_carers`
--

REPLACE INTO `tbl_mission_carers` (`id`, `id_mission`, `id_applying_carer`, `status`, `created`, `modified`, `discarded`) VALUES
(5, 8, 501, 3, '2012-12-06 15:34:12', '2012-12-06 16:37:32', 0),
(7, 9, 501, 2, '2012-12-06 17:05:34', '2012-12-06 17:51:28', 0);

-- --------------------------------------------------------

--
-- Table structure for table `tbl_mission_hourly`
--

CREATE TABLE IF NOT EXISTS `tbl_mission_hourly` (
  `id_mission` int(11) NOT NULL,
  `end_date` date NOT NULL,
  `actual_start_date` date DEFAULT NULL,
  `actual_end_date` date DEFAULT NULL,
  PRIMARY KEY (`id_mission`)
) ENGINE=InnoDB DEFAULT CHARSET=utf8 COLLATE=utf8_unicode_ci AVG_ROW_LENGTH=2340;

--
-- Dumping data for table `tbl_mission_hourly`
--


-- --------------------------------------------------------

--
-- Table structure for table `tbl_mission_live_in`
--

CREATE TABLE IF NOT EXISTS `tbl_mission_live_in` (
  `id_mission` int(11) NOT NULL,
  `start_date` date NOT NULL,
  `end_date` date NOT NULL,
  `actual_start_date` date DEFAULT NULL,
  `actual_end_date` date DEFAULT NULL,
  PRIMARY KEY (`id_mission`)
) ENGINE=InnoDB DEFAULT CHARSET=utf8 COLLATE=utf8_unicode_ci AVG_ROW_LENGTH=1170;

--
-- Dumping data for table `tbl_mission_live_in`
--

REPLACE INTO `tbl_mission_live_in` (`id_mission`, `start_date`, `end_date`, `actual_start_date`, `actual_end_date`) VALUES
(7, '2012-12-10', '2012-12-16', '2012-12-10', '2012-12-16'),
(8, '2012-12-17', '2012-12-23', '2012-12-17', '2012-12-23'),
(9, '2012-12-24', '2012-12-31', '2012-12-24', '2012-12-31'),
(10, '2012-12-17', '2012-12-29', '2012-12-17', '2012-12-29');

-- --------------------------------------------------------

--
-- Table structure for table `tbl_prices`
--

CREATE TABLE IF NOT EXISTS `tbl_prices` (
  `id` int(4) NOT NULL AUTO_INCREMENT,
  `name` varchar(30) COLLATE utf8_unicode_ci NOT NULL,
  `person` varchar(30) COLLATE utf8_unicode_ci NOT NULL,
  `amount` float(2,0) NOT NULL,
  `currency` varchar(3) COLLATE utf8_unicode_ci NOT NULL,
  `start_date` date NOT NULL,
  `end_date` date NOT NULL,
  PRIMARY KEY (`id`)
) ENGINE=InnoDB  DEFAULT CHARSET=utf8 COLLATE=utf8_unicode_ci AUTO_INCREMENT=11 ;

--
-- Dumping data for table `tbl_prices`
--

REPLACE INTO `tbl_prices` (`id`, `name`, `person`, `amount`, `currency`, `start_date`, `end_date`) VALUES
(1, 'live_in_daily', 'client', 89, 'GBP', '2012-12-01', '9999-12-31'),
(2, 'live_in_daily', 'carer', 79, 'GBP', '2012-12-01', '9999-12-31'),
(3, 'live_in_daily', 'client', 85, 'GBP', '2012-06-01', '2012-11-30'),
(4, 'live_in_daily', 'carer', 75, 'GBP', '2012-06-01', '2012-11-30'),
(7, 'live_in_daily_bank_holiday', 'client', 99, 'GBP', '2012-12-01', '9999-12-31'),
(8, 'live_in_daily_bank_holiday', 'carer', 99, 'GBP', '2012-12-01', '9999-12-31'),
(9, 'live_in_daily_bank_holiday', 'client', 99, 'GBP', '2012-06-01', '2012-11-30'),
(10, 'live_in_daily_bank_holiday', 'carer', 95, 'GBP', '2012-06-01', '2012-11-30');

-- --------------------------------------------------------

--
-- Table structure for table `tbl_request`
--

CREATE TABLE IF NOT EXISTS `tbl_request` (
  `id` int(11) NOT NULL AUTO_INCREMENT,
  `id_client` int(11) NOT NULL,
  `id_service_location` int(11) NOT NULL,
  `created` datetime NOT NULL,
  `modified` datetime NOT NULL,
  `type` int(2) NOT NULL,
  `status` int(2) NOT NULL DEFAULT '0',
  PRIMARY KEY (`id`),
  KEY `FK_tbl_request_tbl_client_id` (`id_client`),
  KEY `FK_tbl_request_tbl_service_location_request_id` (`id_service_location`)
) ENGINE=InnoDB  DEFAULT CHARSET=utf8 COLLATE=utf8_unicode_ci AUTO_INCREMENT=22 ;

--
-- Dumping data for table `tbl_request`
--

REPLACE INTO `tbl_request` (`id`, `id_client`, `id_service_location`, `created`, `modified`, `type`, `status`) VALUES
(20, 320, 108, '2012-12-06 12:15:05', '0000-00-00 00:00:00', 1, 0),
(21, 323, 109, '2012-12-06 17:56:52', '0000-00-00 00:00:00', 1, 0);

-- --------------------------------------------------------

--
-- Table structure for table `tbl_request_hourly`
--

CREATE TABLE IF NOT EXISTS `tbl_request_hourly` (
  `id_request` int(11) NOT NULL,
  `start_date` date NOT NULL,
  `end_date` date NOT NULL,
  `start_time` time NOT NULL,
  PRIMARY KEY (`id_request`)
) ENGINE=InnoDB DEFAULT CHARSET=utf8 COLLATE=utf8_unicode_ci;

--
-- Dumping data for table `tbl_request_hourly`
--


-- --------------------------------------------------------

--
-- Table structure for table `tbl_request_live_in`
--

CREATE TABLE IF NOT EXISTS `tbl_request_live_in` (
  `id_request` int(11) NOT NULL,
  `start_date` date NOT NULL,
  `end_date` date NOT NULL,
  `start_time` time NOT NULL,
  PRIMARY KEY (`id_request`)
) ENGINE=InnoDB DEFAULT CHARSET=utf8 COLLATE=utf8_unicode_ci AVG_ROW_LENGTH=1365;

--
-- Dumping data for table `tbl_request_live_in`
--

REPLACE INTO `tbl_request_live_in` (`id_request`, `start_date`, `end_date`, `start_time`) VALUES
(20, '2012-12-10', '2012-12-31', '12:00:00'),
(21, '2012-12-17', '2012-12-29', '12:00:00');

-- --------------------------------------------------------

--
-- Table structure for table `tbl_request_payments`
--

CREATE TABLE IF NOT EXISTS `tbl_request_payments` (
  `id` int(11) NOT NULL AUTO_INCREMENT,
  `id_request` int(11) DEFAULT NULL,
  `date` date DEFAULT NULL,
  `amount` int(11) DEFAULT NULL,
  PRIMARY KEY (`id`),
  KEY `id_request` (`id_request`)
) ENGINE=InnoDB DEFAULT CHARSET=utf8 COLLATE=utf8_unicode_ci AUTO_INCREMENT=1 ;

--
-- Dumping data for table `tbl_request_payments`
--


-- --------------------------------------------------------

--
-- Table structure for table `tbl_request_service_user`
--

CREATE TABLE IF NOT EXISTS `tbl_request_service_user` (
  `id_request` int(11) NOT NULL,
  `id_service_user` int(11) NOT NULL,
  PRIMARY KEY (`id_service_user`,`id_request`),
  KEY `FK_tbl_live_in_request_service_user_tbl_request_id` (`id_request`)
) ENGINE=InnoDB DEFAULT CHARSET=utf8 COLLATE=utf8_unicode_ci AVG_ROW_LENGTH=135;

--
-- Dumping data for table `tbl_request_service_user`
--

REPLACE INTO `tbl_request_service_user` (`id_request`, `id_service_user`) VALUES
(20, 82),
(21, 83);

-- --------------------------------------------------------

--
-- Table structure for table `tbl_service_location`
--

CREATE TABLE IF NOT EXISTS `tbl_service_location` (
  `id` int(11) NOT NULL AUTO_INCREMENT,
  `id_client` int(11) DEFAULT NULL,
  `address_line_1` varchar(50) COLLATE utf8_unicode_ci NOT NULL,
  `address_line_2` varchar(50) COLLATE utf8_unicode_ci DEFAULT NULL,
  `city` varchar(50) COLLATE utf8_unicode_ci NOT NULL,
  `county` varchar(50) COLLATE utf8_unicode_ci NOT NULL,
  `post_code` varchar(10) COLLATE utf8_unicode_ci NOT NULL,
  `country` varchar(50) COLLATE utf8_unicode_ci NOT NULL,
  PRIMARY KEY (`id`),
  KEY `id_client` (`id_client`)
) ENGINE=InnoDB DEFAULT CHARSET=utf8 COLLATE=utf8_unicode_ci AUTO_INCREMENT=1 ;

--
-- Dumping data for table `tbl_service_location`
--


-- --------------------------------------------------------

--
-- Table structure for table `tbl_service_location_address`
--

CREATE TABLE IF NOT EXISTS `tbl_service_location_address` (
  `id_client` int(11) NOT NULL,
  `id_address` int(11) NOT NULL,
  PRIMARY KEY (`id_client`,`id_address`),
  KEY `FK_tbl_service_location` (`id_client`),
  KEY `FK_tbl_service_location_tbl_address_id` (`id_address`)
) ENGINE=InnoDB DEFAULT CHARSET=utf8 COLLATE=utf8_unicode_ci AVG_ROW_LENGTH=111;

--
-- Dumping data for table `tbl_service_location_address`
--

REPLACE INTO `tbl_service_location_address` (`id_client`, `id_address`) VALUES
(10, 722),
(33, 311),
(34, 312),
(34, 313),
(35, 314),
(35, 315),
(36, 316),
(36, 317),
(39, 318),
(39, 319),
(39, 320),
(39, 321),
(39, 322),
(39, 323),
(39, 324),
(39, 325),
(44, 327),
(44, 329),
(44, 330),
(44, 331),
(44, 332),
(44, 333),
(44, 334),
(44, 335),
(45, 336),
(45, 337),
(45, 338),
(45, 339),
(46, 340),
(46, 341),
(47, 342),
(47, 343),
(47, 344),
(47, 345),
(48, 346),
(49, 347),
(50, 348),
(51, 349),
(52, 350),
(53, 352),
(54, 353),
(55, 354),
(56, 355),
(57, 356),
(58, 358),
(59, 359),
(60, 362),
(61, 363),
(62, 364),
(62, 365),
(62, 366),
(62, 367),
(62, 368),
(62, 369),
(62, 370),
(62, 371),
(62, 372),
(62, 373),
(62, 374),
(62, 375),
(62, 376),
(62, 377),
(62, 378),
(62, 379),
(63, 380),
(63, 381),
(64, 382),
(65, 383),
(65, 384),
(65, 385),
(66, 386),
(67, 387),
(68, 388),
(69, 389),
(70, 390),
(71, 391),
(71, 392),
(72, 393),
(73, 394),
(74, 395),
(75, 396),
(75, 397),
(75, 398),
(75, 399),
(75, 400),
(75, 401),
(75, 402),
(75, 403),
(76, 404),
(76, 405),
(76, 406),
(76, 407),
(76, 408),
(76, 409),
(76, 410),
(76, 411),
(77, 418),
(78, 420),
(79, 421),
(81, 423),
(82, 424),
(83, 434),
(86, 465),
(89, 470),
(90, 471),
(94, 493),
(95, 494),
(96, 495),
(97, 501),
(99, 504),
(100, 505),
(101, 507),
(102, 513),
(103, 514),
(104, 515),
(105, 516),
(106, 517),
(107, 518),
(108, 520),
(109, 530),
(110, 536),
(111, 546),
(112, 547),
(113, 548),
(118, 551),
(119, 553),
(120, 568),
(121, 569),
(122, 570),
(123, 571),
(124, 572),
(125, 573),
(126, 574),
(127, 575),
(128, 576),
(129, 577),
(130, 579),
(131, 588),
(132, 590),
(133, 592),
(133, 594),
(135, 600),
(136, 602),
(137, 604),
(139, 623),
(140, 624),
(141, 625),
(142, 627),
(143, 629),
(144, 630),
(145, 631),
(146, 632),
(147, 633),
(148, 634),
(149, 648),
(150, 642),
(151, 652),
(152, 653),
(153, 656),
(154, 658),
(155, 659),
(159, 670),
(160, 671),
(161, 675),
(162, 680),
(163, 682),
(164, 684),
(165, 685),
(166, 686),
(167, 688),
(168, 711),
(171, 692),
(174, 695),
(187, 696),
(188, 697),
(198, 700),
(199, 701),
(200, 702),
(201, 703),
(202, 704),
(203, 705),
(204, 706),
(205, 707),
(206, 708),
(207, 709),
(214, 713),
(246, 715),
(247, 716),
(248, 717),
(249, 718),
(250, 723),
(252, 740),
(253, 745),
(253, 746),
(254, 747),
(255, 748),
(256, 754),
(257, 757),
(258, 759),
(259, 764),
(260, 765),
(262, 768),
(263, 770),
(263, 771),
(263, 772),
(264, 773),
(264, 776),
(266, 775),
(267, 780),
(268, 788),
(269, 790),
(271, 794),
(272, 797),
(273, 798),
(273, 801),
(276, 800),
(277, 804),
(282, 813),
(283, 814),
(284, 815),
(285, 816),
(285, 817),
(286, 818),
(287, 822),
(288, 823),
(289, 825),
(290, 828),
(291, 830),
(292, 831),
(293, 832),
(294, 836),
(295, 841),
(296, 842),
(297, 843),
(298, 844),
(299, 846),
(299, 847),
(300, 848),
(300, 849),
(301, 851),
(302, 852),
(303, 853),
(304, 854),
(305, 856),
(306, 855),
(306, 857),
(307, 858),
(308, 860),
(309, 862),
(310, 865),
(311, 866),
(312, 868),
(313, 870),
(314, 872),
(314, 873),
(316, 875),
(320, 876),
(323, 880);

-- --------------------------------------------------------

--
-- Table structure for table `tbl_service_location_request`
--

CREATE TABLE IF NOT EXISTS `tbl_service_location_request` (
  `id` int(11) NOT NULL AUTO_INCREMENT,
  `address_line_1` varchar(50) COLLATE utf8_unicode_ci NOT NULL,
  `address_line_2` varchar(50) COLLATE utf8_unicode_ci DEFAULT NULL,
  `city` varchar(50) COLLATE utf8_unicode_ci NOT NULL,
  `county` varchar(50) COLLATE utf8_unicode_ci NOT NULL,
  `post_code` varchar(10) COLLATE utf8_unicode_ci NOT NULL,
  `country` varchar(50) COLLATE utf8_unicode_ci NOT NULL,
  `landline` varchar(20) COLLATE utf8_unicode_ci DEFAULT NULL,
  `longitude` double DEFAULT NULL,
  `latitude` double DEFAULT NULL,
  PRIMARY KEY (`id`)
) ENGINE=InnoDB  DEFAULT CHARSET=utf8 COLLATE=utf8_unicode_ci AVG_ROW_LENGTH=381 AUTO_INCREMENT=110 ;

--
-- Dumping data for table `tbl_service_location_request`
--

REPLACE INTO `tbl_service_location_request` (`id`, `address_line_1`, `address_line_2`, `city`, `county`, `post_code`, `country`, `landline`, `longitude`, `latitude`) VALUES
(108, 'Flat 5', '12 Portobello road', 'London', '', ' E1 2RB', 'GB', NULL, NULL, NULL),
(109, 'Flat 3', '18 Cambridge Gardens', 'London', '', 'W1U 3DN', 'GB', NULL, NULL, NULL);

-- --------------------------------------------------------

--
-- Table structure for table `tbl_service_user`
--

CREATE TABLE IF NOT EXISTS `tbl_service_user` (
  `id` int(11) NOT NULL AUTO_INCREMENT,
  `id_client` int(11) NOT NULL,
  `first_name` varchar(50) COLLATE utf8_unicode_ci NOT NULL,
  `last_name` varchar(50) COLLATE utf8_unicode_ci NOT NULL,
  `date_birth` date NOT NULL,
  `gender` int(11) NOT NULL,
  PRIMARY KEY (`id`),
  KEY `id_clients` (`id_client`)
) ENGINE=InnoDB  DEFAULT CHARSET=utf8 COLLATE=utf8_unicode_ci AUTO_INCREMENT=749 ;

--
-- Dumping data for table `tbl_service_user`
--

REPLACE INTO `tbl_service_user` (`id`, `id_client`, `first_name`, `last_name`, `date_birth`, `gender`) VALUES
(1, 28, 'John', 'Smith', '1932-02-27', 2),
(2, 28, 'Jane', 'Smith', '1930-02-27', 1),
(3, 30, 'John', 'Smith', '1932-02-27', 2),
(4, 30, 'Jane', 'Smith', '1930-02-27', 1),
(5, 32, 'John', 'Smith', '1932-02-27', 2),
(6, 32, 'Jane', 'Smith', '1930-02-27', 1),
(7, 32, 'John', 'Smith', '1932-02-27', 2),
(8, 32, 'Jane', 'Smith', '1930-02-27', 1),
(9, 32, 'John', 'Smith', '1932-02-27', 2),
(10, 32, 'Jane', 'Smith', '1930-02-27', 1),
(11, 32, 'John', 'Smith', '1932-02-27', 2),
(12, 32, 'Jane', 'Smith', '1930-02-27', 1),
(13, 33, 'John', 'Smith', '1932-02-27', 2),
(14, 33, 'Jane', 'Smith', '1930-02-27', 1),
(15, 33, 'John', 'Smith', '1932-02-27', 2),
(16, 33, 'Jane', 'Smith', '1930-02-27', 1),
(17, 33, 'John', 'Smith', '1932-02-27', 2),
(18, 33, 'Jane', 'Smith', '1930-02-27', 1),
(19, 34, 'John', 'Smith', '1932-02-27', 2),
(20, 34, 'Jane', 'Smith', '1930-02-27', 1),
(21, 34, 'John', 'Smith', '1932-02-27', 2),
(22, 34, 'Jane', 'Smith', '1930-02-27', 1),
(23, 35, 'John', 'Smith', '1932-02-27', 2),
(24, 35, 'Jane', 'Smith', '1930-02-27', 1),
(25, 35, 'John', 'Smith', '1932-02-27', 2),
(26, 35, 'Jane', 'Smith', '1930-02-27', 1),
(27, 35, 'John', 'Smith', '1932-02-27', 2),
(28, 35, 'Jane', 'Smith', '1930-02-27', 1),
(29, 35, 'John', 'Smith', '1932-02-27', 2),
(30, 35, 'Jane', 'Smith', '1930-02-27', 1),
(33, 36, 'John', 'Smith', '1932-02-27', 2),
(34, 36, 'Jane', 'Smith', '1930-02-27', 1),
(35, 38, 'John', 'Smith', '1932-02-27', 2),
(36, 38, 'Jane', 'Smith', '1930-02-27', 1),
(43, 39, 'John', 'Smith', '1932-02-27', 2),
(44, 39, 'Jane', 'Smith', '1930-02-27', 1),
(61, 44, 'John', 'Smith', '1932-02-27', 2),
(62, 44, 'Jane', 'Smith', '1930-02-27', 1),
(63, 45, 'John', 'Smith', '1932-02-27', 2),
(64, 45, 'Jane', 'Smith', '1930-02-27', 1),
(67, 46, 'John', 'Smith', '1932-02-27', 2),
(68, 46, 'Jane', 'Smith', '1930-02-27', 1),
(73, 47, 'John', 'ZZ', '1932-02-27', 2),
(74, 47, 'Jane', 'XXX', '1930-02-27', 1),
(75, 48, 'John', 'Smith', '1932-02-27', 2),
(76, 48, 'Jane', 'Smith', '1930-02-27', 1),
(77, 49, 'John', 'Smith', '1932-02-27', 2),
(78, 49, 'Jane', 'Smith', '1930-02-27', 1),
(79, 50, 'John', 'Smith', '1932-02-27', 2),
(80, 50, 'Jane', 'Smith', '1930-02-27', 1),
(81, 51, 'John', 'Smith', '1932-02-27', 2),
(82, 51, 'Jane', 'Smith', '1930-02-27', 1),
(83, 52, 'John', 'Smith', '1932-02-27', 2),
(84, 52, 'Jane', 'Smith', '1930-02-27', 1),
(85, 53, 'John', 'Smith', '1932-02-27', 2),
(86, 53, 'Jane', 'Smith', '1930-02-27', 1),
(87, 54, 'John', 'Smith', '1932-02-27', 2),
(88, 54, 'Jane', 'Smith', '1930-02-27', 1),
(89, 55, 'John', 'Smith', '1932-02-27', 2),
(90, 55, 'Jane', 'Smith', '1930-02-27', 1),
(91, 56, 'John', 'Smith', '1932-02-27', 2),
(92, 56, 'Jane', 'Smith', '1930-02-27', 1),
(93, 57, 'John', 'Smith', '1932-02-27', 2),
(94, 57, 'Jane', 'Smith', '1930-02-27', 1),
(95, 58, 'John', 'Smith', '1932-02-27', 2),
(96, 58, 'Jane', 'Smith', '1930-02-27', 1),
(97, 59, 'John', 'Smith', '1932-02-27', 2),
(98, 59, 'Jane', 'Smith', '1930-02-27', 1),
(99, 60, 'John', 'Smith', '1932-02-27', 2),
(100, 60, 'Jane', 'Smith', '1930-02-27', 1),
(101, 61, 'John', 'Smith', '1932-02-27', 2),
(102, 61, 'Jane', 'Smith', '1930-02-27', 1),
(107, 62, 'John', 'Smith', '1932-02-27', 2),
(108, 62, 'Jane', 'Smith', '1930-02-27', 1),
(109, 63, 'John', 'Smith', '1932-02-27', 2),
(110, 63, 'Jane', 'Smith', '1930-02-27', 1),
(111, 64, 'John', 'Smith', '1932-02-27', 2),
(112, 64, 'Jane', 'Smith', '1930-02-27', 1),
(113, 65, 'John', 'Smith', '1932-02-27', 2),
(114, 65, 'Jane', 'Smith', '1930-02-27', 1),
(115, 66, 'John', 'Smith', '1932-02-27', 2),
(116, 66, 'Jane', 'Smith', '1930-02-27', 1),
(117, 67, 'John', 'Smith', '1932-02-27', 2),
(118, 67, 'Jane', 'Smith', '1930-02-27', 1),
(119, 68, 'John', 'Smith', '1932-02-27', 2),
(120, 68, 'Jane', 'Smith', '1930-02-27', 1),
(121, 69, 'John', 'Smith', '1932-02-27', 2),
(122, 69, 'Jane', 'Smith', '1930-02-27', 1),
(123, 70, 'John', 'Smith', '1932-02-27', 2),
(124, 70, 'Jane', 'Smith', '1930-02-27', 1),
(125, 71, 'John', 'Smith', '1932-02-27', 2),
(126, 71, 'Jane', 'Smith', '1930-02-27', 1),
(127, 72, 'John', 'Smith', '1932-02-27', 2),
(128, 72, 'Jane', 'Smith', '1930-02-27', 1),
(129, 73, 'John', 'Smith', '1932-02-27', 2),
(130, 73, 'Jane', 'Smith', '1930-02-27', 1),
(131, 74, 'John', 'Smith', '1932-02-27', 2),
(132, 74, 'Jane', 'Smith', '1930-02-27', 1),
(133, 75, 'John', 'Smith', '1932-02-27', 2),
(134, 75, 'Jane', 'Smith', '1930-02-27', 1),
(135, 76, 'John', 'Smith', '1932-02-27', 2),
(136, 76, 'Jane', 'Smith', '1930-02-27', 1),
(139, 77, 'John', 'Smith', '1932-02-27', 2),
(140, 77, 'Jane', 'Smith', '1930-02-27', 1),
(141, 78, 'John', 'Smith', '1932-02-27', 2),
(142, 78, 'Jane', 'Smith', '1930-02-27', 1),
(143, 79, 'John', 'Smith', '1932-02-27', 2),
(144, 79, 'Jane', 'Smith', '1930-02-27', 1),
(145, 81, 'John', 'Smith', '1932-02-27', 2),
(146, 81, 'Jane', 'Smith', '1930-02-27', 1),
(151, 82, 'John', 'Smith', '1932-02-27', 2),
(152, 82, 'Jane', 'Smith', '1930-02-27', 1),
(153, 83, 'John', 'Smith', '1932-02-27', 2),
(154, 83, 'Jane', 'Smith', '1930-02-27', 1),
(155, 85, 'John', 'Smith', '1932-02-27', 2),
(156, 85, 'Jane', 'Smith', '1930-02-27', 1),
(157, 86, 'John', 'Smith', '1932-02-27', 2),
(158, 86, 'Jane', 'Smith', '1930-02-27', 1),
(159, 89, 'John', 'Smith', '1932-02-27', 2),
(160, 89, 'Jane', 'Smith', '1930-02-27', 1),
(161, 90, 'John', 'Smith', '1932-02-27', 2),
(162, 90, 'Jane', 'Smith', '1930-02-27', 1),
(163, 91, 'John', 'Smith', '1932-02-27', 2),
(164, 91, 'Jane', 'Smith', '1930-02-27', 1),
(165, 94, 'John', 'Smith', '1932-02-27', 2),
(166, 94, 'Jane', 'Smith', '1930-02-27', 1),
(167, 95, 'John', 'Smith', '1932-02-27', 2),
(168, 95, 'Jane', 'Smith', '1930-02-27', 1),
(169, 96, 'John', 'Smith', '1932-02-27', 2),
(170, 96, 'Jane', 'Smith', '1930-02-27', 1),
(171, 97, 'John', 'Smith', '1932-02-27', 2),
(172, 97, 'Jane', 'Smith', '1930-02-27', 1),
(175, 99, 'John', 'Smith', '1932-02-27', 2),
(176, 99, 'Jane', 'Smith', '1930-02-27', 1),
(177, 100, 'John', 'Smith', '1932-02-27', 2),
(178, 100, 'Jane', 'Smith', '1930-02-27', 1),
(181, 101, 'John', 'Smith', '1932-02-27', 2),
(182, 101, 'Jane', 'Smith', '1930-02-27', 1),
(185, 102, 'John', 'Smith', '1932-02-27', 2),
(186, 102, 'Jane', 'Smith', '1930-02-27', 1),
(187, 103, 'John', 'Smith', '1932-02-27', 2),
(188, 103, 'Jane', 'Smith', '1930-02-27', 1),
(189, 104, 'John', 'Smith', '1932-02-27', 2),
(190, 104, 'Jane', 'Smith', '1930-02-27', 1),
(191, 105, 'John', 'Smith', '1932-02-27', 2),
(192, 105, 'Jane', 'Smith', '1930-02-27', 1),
(193, 106, 'John', 'Smith', '1932-02-27', 2),
(194, 106, 'Jane', 'Smith', '1930-02-27', 1),
(195, 107, 'John', 'Smith', '1932-02-27', 2),
(196, 107, 'Jane', 'Smith', '1930-02-27', 1),
(197, 108, 'John', 'Smith', '1932-02-27', 2),
(198, 108, 'Jane', 'Smith', '1930-02-27', 1),
(207, 109, 'John2', 'Smith', '1932-02-27', 2),
(208, 109, 'Jane', 'Smith', '1930-02-27', 1),
(209, 110, 'John', 'Smith', '1932-02-27', 2),
(210, 110, 'Jane', 'Smith', '1930-02-27', 1),
(215, 111, 'John', 'Smith', '1932-02-27', 2),
(216, 111, 'Jane', 'Smith', '1930-02-27', 1),
(220, 113, 'John', 'Smith', '1932-02-27', 2),
(224, 119, 'John', 'Smith', '1932-02-27', 2),
(225, 119, 'Jane', 'Smith', '1930-02-27', 1),
(254, 120, 'ewrwerew', 'werw', '1980-11-13', 1),
(259, 127, 'John', 'Smith', '1932-02-27', 2),
(269, 128, 'try2y', 'try', '1976-10-19', 1),
(276, 129, 'oliver', 'xsasad', '1994-01-01', 1),
(277, 129, 'sada', 'asdsasad', '1982-03-14', 1),
(280, 130, 'John', 'Smith', '1932-02-27', 2),
(281, 130, 'Jane', 'Smith', '1930-02-27', 1),
(312, 131, 'John2', 'Smith', '1932-02-27', 2),
(313, 131, 'Jane', 'Smith', '1930-02-27', 1),
(318, 132, 'John', 'Smith', '1932-02-27', 2),
(319, 132, 'Jane', 'Smith', '1930-02-27', 1),
(326, 133, 'dscjx', 'XCXZKJ', '1992-02-02', 1),
(329, 134, 'dscsdf', 'sdfdsfds', '1994-01-01', 1),
(330, 135, 'John', 'Smith', '1932-02-27', 2),
(331, 135, 'Jane', 'Smith', '1930-02-27', 1),
(332, 136, 'John', 'Smith', '1932-02-27', 2),
(333, 136, 'Jane', 'Smith', '1930-02-27', 1),
(334, 137, 'John', 'Smith', '1932-02-27', 2),
(335, 137, 'Jane', 'Smith', '1930-02-27', 1),
(336, 138, 'John', 'Smith', '1932-02-27', 2),
(337, 138, 'Jane', 'Smith', '1930-02-27', 1),
(342, 140, 'Ren', 'Smith', '1932-02-27', 2),
(344, 140, 'Test', 'TEst', '1992-03-02', 1),
(346, 140, 'sfdsf', 'fdsfds', '1992-02-01', 1),
(347, 140, 'Ren2', 'asdsad', '1993-02-02', 2),
(348, 141, 'Johnw', 'Smith', '1932-02-27', 2),
(349, 141, 'sdsd', 'sds', '1994-02-01', 1),
(350, 141, 'sdsd', 'sdsdsdsd', '1992-03-01', 1),
(351, 142, 'John', 'Smith', '1932-02-27', 2),
(352, 142, 'Jane', 'Smith', '1930-02-27', 1),
(355, 143, 'John', 'Smith', '1932-02-27', 2),
(356, 143, 'Jane', 'Smith', '1930-02-27', 1),
(357, 144, 'John', 'Smith', '1932-02-27', 2),
(358, 144, 'Jane', 'Smith', '1930-02-27', 1),
(359, 145, 'John', 'Smith', '1932-02-27', 2),
(360, 145, 'Jane', 'Smith', '1930-02-27', 1),
(361, 146, 'John', 'Smith', '1932-02-27', 2),
(362, 146, 'Jane', 'Smith', '1930-02-27', 1),
(363, 147, 'John', 'Smith', '1932-02-27', 2),
(364, 147, 'Jane', 'Smith', '1930-02-27', 1),
(365, 148, 'John', 'Smith', '1932-02-27', 2),
(366, 148, 'Jane', 'Smith', '1930-02-27', 1),
(369, 149, 'John2', 'Smith', '1932-02-27', 2),
(370, 149, 'Jane', 'Smith', '1930-02-27', 1),
(371, 150, 'John', 'Smith', '1932-02-27', 2),
(372, 150, 'Jane', 'Smith', '1930-02-27', 1),
(374, 149, 'sdf', 'dsfsdf', '1982-10-12', 1),
(375, 151, 'John', 'Smith', '1932-02-27', 2),
(376, 151, 'Jane', 'Smith', '1930-02-27', 1),
(377, 152, 'John', 'Smith', '1932-02-27', 2),
(378, 152, 'Jane', 'Smith', '1930-02-27', 1),
(379, 153, 'John', 'Smith', '1932-02-27', 2),
(380, 153, 'Jane', 'Smith', '1930-02-27', 1),
(383, 154, 'John', 'Smith', '1932-02-27', 2),
(384, 154, 'Jane', 'Smith', '1930-02-27', 1),
(385, 155, 'John', 'Smith', '1932-02-27', 2),
(386, 155, 'Jane', 'Smith', '1930-02-27', 1),
(387, 158, 'John', 'Smith', '1932-02-27', 2),
(388, 158, 'Jane', 'Smith', '1930-02-27', 1),
(389, 159, 'John', 'Smith', '1932-02-27', 2),
(390, 159, 'Jane', 'Smith', '1930-02-27', 1),
(391, 160, 'John', 'Smith', '1932-02-27', 2),
(392, 160, 'Jane', 'Smith', '1930-02-27', 1),
(393, 161, 'John', 'Smith', '1932-02-27', 2),
(394, 161, 'Jane', 'Smith', '1930-02-27', 1),
(395, 162, 'John', 'Smith', '1932-02-27', 2),
(396, 162, 'Jane', 'Smith', '1930-02-27', 1),
(399, 163, 'John', 'Smith', '1932-02-27', 2),
(400, 163, 'Jane', 'Smith', '1930-02-27', 1),
(401, 164, 'John', 'Smith', '1932-02-27', 2),
(402, 164, 'Jane', 'Smith', '1930-02-27', 1),
(403, 165, 'John', 'Smith', '1932-02-27', 2),
(404, 165, 'Jane', 'Smith', '1930-02-27', 1),
(405, 166, 'John', 'Smith', '1932-02-27', 2),
(406, 166, 'Jane', 'Smith', '1930-02-27', 1),
(409, 167, 'John', 'Smith', '1932-02-27', 2),
(410, 167, 'Jane', 'Smith', '1930-02-27', 1),
(417, 170, 'John2', 'Smith', '1932-02-27', 2),
(418, 170, 'Jane', 'Smith', '1930-02-27', 1),
(419, 171, 'John', 'Smith', '1932-02-27', 2),
(420, 171, 'Jane', 'Smith', '1930-02-27', 1),
(423, 174, 'John', 'Smith', '1932-02-27', 2),
(424, 174, 'Jane', 'Smith', '1930-02-27', 1),
(425, 184, 'John', 'Smith', '1932-02-27', 2),
(426, 184, 'Jane', 'Smith', '1930-02-27', 1),
(427, 185, 'John', 'Smith', '1932-02-27', 2),
(428, 185, 'Jane', 'Smith', '1930-02-27', 1),
(433, 187, 'John', 'Smith', '1932-02-27', 2),
(434, 187, 'Jane', 'Smith', '1930-02-27', 1),
(437, 188, 'John', 'Smith', '1932-02-27', 2),
(438, 188, 'Jane', 'Smith', '1930-02-27', 1),
(439, 198, 'John', 'Smith', '1932-02-27', 2),
(440, 198, 'Jane', 'Smith', '1930-02-27', 1),
(441, 199, 'John', 'Smith', '1932-02-27', 2),
(442, 199, 'Jane', 'Smith', '1930-02-27', 1),
(443, 200, 'John', 'Smith', '1932-02-27', 2),
(444, 200, 'Jane', 'Smith', '1930-02-27', 1),
(445, 201, 'John', 'Smith', '1932-02-27', 2),
(446, 201, 'Jane', 'Smith', '1930-02-27', 1),
(447, 202, 'John', 'Smith', '1932-02-27', 2),
(448, 202, 'Jane', 'Smith', '1930-02-27', 1),
(449, 203, 'John2', 'Smith', '1932-02-27', 2),
(450, 203, 'Jane', 'Smith', '1930-02-27', 1),
(451, 203, 'sadsad', 'sadsa', '1990-04-03', 1),
(452, 204, 'John', 'Smith', '1932-02-27', 2),
(453, 204, 'Jane', 'Smith', '1930-02-27', 1),
(454, 205, 'John', 'Smith', '1932-02-27', 2),
(455, 205, 'Jane', 'Smith', '1930-02-27', 1),
(456, 206, 'John', 'Smith', '1932-02-27', 2),
(457, 206, 'Jane', 'Smith', '1930-02-27', 1),
(458, 207, 'John', 'Smith', '1932-02-27', 2),
(459, 207, 'Jane', 'Smith', '1930-02-27', 1),
(460, 168, 'John', 'Smith', '1932-02-27', 2),
(461, 168, 'Jane', 'Smith', '1930-02-27', 1),
(462, 212, 'John', 'Smith', '1932-02-27', 2),
(463, 212, 'Jane', 'Smith', '1930-02-27', 1),
(464, 213, 'John', 'Smith', '1932-02-27', 2),
(465, 213, 'Jane', 'Smith', '1930-02-27', 1),
(466, 214, 'John', 'Smith', '1932-02-27', 2),
(467, 214, 'Jane', 'Smith', '1930-02-27', 1),
(470, 238, 'John', 'Smith', '1932-02-27', 2),
(471, 238, 'Jane', 'Smith', '1930-02-27', 1),
(474, 239, 'John', 'Smith', '1932-02-27', 2),
(475, 239, 'Jane', 'Smith', '1930-02-27', 1),
(478, 240, 'John', 'Smith', '1932-02-27', 2),
(479, 240, 'Jane', 'Smith', '1930-02-27', 1),
(480, 241, 'John', 'Smith', '1932-02-27', 2),
(481, 241, 'Jane', 'Smith', '1930-02-27', 1),
(484, 242, 'John', 'Smith', '1932-02-27', 2),
(485, 242, 'Jane', 'Smith', '1930-02-27', 1),
(488, 243, 'John', 'Smith', '1932-02-27', 2),
(489, 243, 'Jane', 'Smith', '1930-02-27', 1),
(492, 245, 'John', 'Smith', '1932-02-27', 2),
(493, 245, 'Jane', 'Smith', '1930-02-27', 1),
(494, 246, 'John', 'Smith', '1932-02-27', 2),
(495, 246, 'Jane', 'Smith', '1930-02-27', 1),
(496, 247, 'John', 'Smith', '1932-02-27', 2),
(497, 247, 'Jane', 'Smith', '1930-02-27', 1),
(500, 248, 'John', 'Smith', '1932-02-27', 2),
(501, 248, 'Jane', 'Smith', '1930-02-27', 1),
(502, 249, 'John', 'Smith', '1932-02-27', 2),
(503, 249, 'Jane', 'Smith', '1930-02-27', 1),
(504, 10, 'John', 'Smith', '1932-02-27', 2),
(505, 10, 'Jane', 'Smith', '1930-02-27', 1),
(506, 250, 'John', 'Smith', '1932-02-27', 2),
(507, 250, 'Jane', 'Smith', '1930-02-27', 1),
(508, 252, 'John', 'Smith', '1932-02-27', 2),
(509, 252, 'Jane', 'Smith', '1930-02-27', 1),
(510, 253, 'John', 'Smith', '1932-02-27', 2),
(511, 253, 'Jane', 'Smith', '1930-02-27', 1),
(512, 254, 'John', 'Smith', '1932-02-27', 2),
(513, 254, 'Jane', 'Smith', '1930-02-27', 1),
(514, 255, 'John', 'Smith', '1932-02-27', 2),
(515, 255, 'Jane', 'Smith', '1930-02-27', 1),
(519, 255, 'sdgfawqsafxzvxzvx', 'xvxzzzzzzzzzz', '1982-02-13', 1),
(520, 256, 'John', 'Smith', '1932-02-27', 2),
(521, 256, 'Jane', 'Smith', '1930-02-27', 1),
(524, 257, 'John', 'Smith', '1932-02-27', 2),
(525, 257, 'Jane', 'Smith', '1930-02-27', 1),
(528, 258, 'John', 'Smith', '1932-02-27', 2),
(529, 258, 'Jane', 'Smith', '1930-02-27', 1),
(530, 259, 'John', 'Smith', '1932-02-27', 2),
(531, 259, 'Jane', 'Smith', '1930-02-27', 1),
(532, 260, 'John', 'Smith', '1932-02-27', 2),
(533, 260, 'Jane', 'Smith', '1930-02-27', 1),
(534, 262, 'John', 'Smith', '1932-02-27', 2),
(535, 262, 'Jane', 'Smith', '1930-02-27', 1),
(536, 263, 'John', 'Smith', '1932-02-27', 2),
(537, 263, 'Jane', 'Smith', '1930-02-27', 1),
(538, 263, 'Renaud', 'Theuillon', '1994-01-01', 1),
(539, 264, 'John', 'Smith', '1932-02-27', 2),
(540, 264, 'Jane', 'Smith', '1930-02-27', 1),
(541, 265, 'John', 'Smith', '1932-02-27', 2),
(542, 265, 'Jane', 'Smith', '1930-02-27', 1),
(547, 266, 'John', 'Smith', '1932-02-27', 2),
(548, 266, 'Jane', 'Smith', '1930-02-27', 1),
(559, 267, 'John', 'Smith', '1932-02-27', 2),
(560, 267, 'Jane', 'Smith', '1930-02-27', 1),
(601, 268, 'John', 'Smith', '1932-02-27', 2),
(602, 268, 'Jane', 'Smith', '1930-02-27', 1),
(607, 269, 'John', 'Smith', '1932-02-27', 2),
(608, 269, 'Jane', 'Smith', '1930-02-27', 1),
(623, 271, 'John', 'Smith', '1932-02-27', 2),
(624, 271, 'Jane', 'Smith', '1930-02-27', 1),
(644, 272, 'John', 'Smith', '1932-02-27', 2),
(645, 272, 'Jane', 'Smith', '1930-02-27', 1),
(648, 273, 's', 'ada', '1932-02-27', 2),
(649, 273, 'Jane', 'Smith', '1930-02-27', 1),
(652, 275, 'John', 'Smith', '1932-02-27', 2),
(653, 275, 'Jane', 'Smith', '1930-02-27', 1),
(658, 276, 'John', 'Smith', '1932-02-27', 2),
(659, 276, 'Jane', 'Smith', '1930-02-27', 1),
(660, 273, 'sdfdsf', 'sdf', '1981-11-13', 1),
(669, 277, 'John', 'Smith', '1932-02-27', 2),
(670, 277, 'Jane', 'Smith', '1930-02-27', 1),
(671, 281, 'John', 'Smith', '1932-02-27', 2),
(672, 281, 'Jane', 'Smith', '1930-02-27', 1),
(679, 282, 'John', 'Smith', '1932-02-27', 2),
(680, 282, 'Jane', 'Smith', '1930-02-27', 1),
(681, 283, 'John', 'Smith', '1932-02-27', 2),
(682, 283, 'Jane', 'Smith', '1930-02-27', 1),
(683, 284, 'John', 'Smith TEST', '1932-02-27', 2),
(684, 284, 'Jane ', 'Smith TEST', '1930-02-27', 1),
(685, 285, 'John', 'Smith', '1932-02-27', 2),
(686, 285, 'Jane', 'Smith', '1930-02-27', 1),
(687, 285, 'sdsfdsf', 'sadsad', '1991-01-01', 1),
(688, 285, 'Ren', 'T', '1994-01-01', 1),
(689, 285, 'dsfdsf', 'sadsa', '1994-01-01', 1),
(690, 286, 'sadsadsasa', 'sadsad', '1994-01-01', 1),
(691, 287, 'John', 'Smith', '1932-02-27', 2),
(692, 288, 'John', 'Smith', '1932-02-27', 2),
(693, 289, 'John', 'Smith', '1932-02-27', 2),
(695, 290, 'John', 'Smith', '1932-02-27', 2),
(696, 291, 'John', 'Smith', '1932-02-27', 2),
(697, 292, 'John', 'Smith', '1932-02-27', 2),
(698, 293, 'John', 'Smith', '1932-02-27', 2),
(702, 294, 'John', 'Smith', '1932-02-27', 2),
(715, 295, 'John', 'Smith', '1932-02-27', 2),
(717, 296, 'asdsa', 'asdsa', '1994-02-02', 1),
(719, 297, 'dsfdsf', 'sdfdsdsfds', '1994-01-01', 1),
(720, 298, 'John', 'Smith', '1932-02-27', 2),
(721, 299, 'John', 'Smith', '1932-02-27', 2),
(722, 300, 'John', 'Smith', '1932-02-27', 2),
(723, 301, 'John', 'Smith', '1932-02-27', 2),
(724, 302, 'John', 'Smith', '1932-02-27', 2),
(725, 302, 'Joe', 'Blogg', '1994-01-01', 2),
(726, 303, 'Paul', 'McCartney', '1932-02-27', 2),
(727, 304, 'Paul', 'Bonner', '1932-02-27', 2),
(728, 304, 'Patrick', 'McMahon', '1965-03-03', 2),
(730, 306, 'Bill', 'Jackson', '1932-02-27', 2),
(731, 305, 'Bill', 'Ferguson', '1932-02-27', 2),
(732, 306, 'Jane', 'Crawley', '1992-03-02', 1),
(733, 307, 'Ira', 'Cartney', '1930-02-20', 2),
(734, 308, 'Virgil', 'Terry', '1910-04-15', 2),
(736, 309, 'Mortimer', 'Green', '1931-08-26', 2),
(737, 310, 'Bertha', 'Jackson', '1912-03-22', 1),
(738, 311, 'Georges', 'Theuillon', '1913-01-01', 1),
(739, 312, 'Chantal', 'Theuillon', '1945-04-02', 1),
(740, 313, 'Chantal', 'Theuillon', '1982-01-01', 1),
(742, 314, 'Mortimer', 'Cartney', '1916-06-19', 2),
(743, 316, 'Wilma', 'Carston', '1917-07-23', 1),
(745, 318, 'Wilbur', 'Ferguson', '1917-04-20', 2),
(746, 320, 'Shirley', 'Smith', '1919-06-11', 1),
(747, 321, 'Ira', 'Iron', '1920-07-19', 2),
(748, 323, 'Sheldon', 'Bonner', '1931-05-19', 2);

-- --------------------------------------------------------

--
-- Table structure for table `tbl_service_user_condition`
--

CREATE TABLE IF NOT EXISTS `tbl_service_user_condition` (
  `id` int(11) NOT NULL AUTO_INCREMENT,
  `id_service_user` int(11) NOT NULL,
  `id_condition` int(11) NOT NULL,
  PRIMARY KEY (`id`),
  UNIQUE KEY `UK_tbl_carer_condition` (`id_service_user`,`id_condition`),
  KEY `FK_tbl_service_user_condition_tbl_condition_id` (`id_condition`)
) ENGINE=InnoDB  DEFAULT CHARSET=utf8 COLLATE=utf8_unicode_ci AVG_ROW_LENGTH=564 AUTO_INCREMENT=559 ;

--
-- Dumping data for table `tbl_service_user_condition`
--

REPLACE INTO `tbl_service_user_condition` (`id`, `id_service_user`, `id_condition`) VALUES
(1, 62, 11),
(3, 64, 11),
(8, 68, 16),
(9, 68, 17),
(10, 68, 18),
(36, 73, 11),
(37, 73, 12),
(38, 73, 13),
(39, 73, 14),
(40, 73, 15),
(41, 73, 16),
(42, 73, 17),
(43, 73, 18),
(44, 74, 11),
(45, 74, 12),
(46, 74, 13),
(47, 74, 14),
(48, 74, 15),
(49, 74, 16),
(50, 74, 17),
(51, 74, 18),
(52, 74, 19),
(53, 74, 20),
(54, 74, 21),
(55, 75, 11),
(56, 75, 12),
(61, 280, 11),
(62, 280, 12),
(63, 281, 14),
(64, 281, 15),
(118, 312, 11),
(119, 312, 12),
(114, 312, 17),
(115, 312, 18),
(102, 312, 19),
(103, 312, 20),
(104, 312, 21),
(106, 313, 12),
(107, 313, 13),
(116, 313, 14),
(117, 313, 15),
(120, 313, 16),
(127, 318, 12),
(128, 318, 14),
(129, 318, 20),
(132, 329, 12),
(133, 329, 13),
(134, 344, 12),
(135, 344, 13),
(137, 346, 11),
(138, 346, 12),
(139, 347, 11),
(140, 349, 11),
(152, 559, 16),
(151, 559, 17),
(153, 559, 20),
(157, 560, 15),
(156, 560, 16),
(155, 560, 17),
(154, 560, 18),
(160, 560, 19),
(159, 560, 20),
(158, 560, 21),
(229, 601, 11),
(228, 601, 13),
(230, 601, 21),
(231, 602, 11),
(232, 602, 21),
(236, 607, 17),
(235, 607, 18),
(237, 607, 21),
(239, 608, 12),
(238, 608, 13),
(240, 608, 21),
(259, 623, 15),
(260, 623, 21),
(261, 624, 14),
(262, 624, 21),
(281, 645, 16),
(282, 645, 19),
(290, 648, 15),
(289, 648, 16),
(296, 648, 17),
(288, 648, 18),
(297, 648, 21),
(285, 649, 17),
(286, 649, 21),
(304, 652, 17),
(303, 652, 18),
(305, 652, 19),
(306, 653, 12),
(307, 653, 21),
(312, 658, 15),
(313, 658, 21),
(314, 659, 11),
(315, 659, 21),
(316, 660, 15),
(317, 660, 21),
(334, 669, 18),
(335, 669, 21),
(336, 670, 18),
(337, 670, 21),
(346, 679, 18),
(347, 679, 21),
(348, 680, 17),
(349, 680, 21),
(350, 681, 13),
(351, 681, 21),
(352, 682, 17),
(353, 682, 21),
(356, 683, 14),
(355, 683, 15),
(354, 683, 16),
(357, 683, 21),
(359, 684, 15),
(358, 684, 18),
(360, 684, 21),
(361, 685, 13),
(362, 685, 21),
(363, 686, 13),
(364, 686, 21),
(365, 687, 17),
(366, 687, 21),
(367, 688, 15),
(368, 688, 21),
(369, 689, 17),
(370, 689, 20),
(371, 690, 17),
(372, 690, 20),
(373, 691, 18),
(374, 691, 21),
(375, 692, 18),
(376, 692, 21),
(377, 693, 18),
(378, 693, 21),
(381, 695, 18),
(382, 695, 21),
(383, 696, 18),
(384, 696, 21),
(385, 697, 18),
(386, 697, 21),
(387, 698, 18),
(388, 698, 21),
(395, 702, 18),
(396, 702, 21),
(415, 715, 18),
(416, 715, 21),
(419, 717, 16),
(418, 717, 17),
(420, 717, 21),
(421, 719, 18),
(422, 719, 21),
(423, 720, 18),
(424, 720, 21),
(425, 721, 18),
(426, 721, 21),
(427, 722, 18),
(428, 722, 21),
(429, 723, 18),
(430, 723, 21),
(435, 724, 14),
(434, 724, 15),
(433, 724, 16),
(432, 724, 17),
(431, 724, 18),
(437, 724, 20),
(436, 724, 21),
(440, 725, 16),
(439, 725, 17),
(438, 725, 18),
(443, 725, 19),
(442, 725, 20),
(441, 725, 21),
(446, 726, 16),
(445, 726, 17),
(444, 726, 18),
(449, 726, 19),
(448, 726, 20),
(447, 726, 21),
(454, 727, 14),
(453, 727, 15),
(452, 727, 16),
(451, 727, 17),
(450, 727, 18),
(456, 727, 20),
(455, 727, 21),
(458, 728, 17),
(457, 728, 18),
(459, 728, 21),
(467, 730, 15),
(466, 730, 16),
(465, 730, 17),
(464, 730, 18),
(469, 730, 20),
(468, 730, 21),
(471, 731, 17),
(470, 731, 18),
(473, 731, 20),
(472, 731, 21),
(475, 732, 17),
(474, 732, 18),
(477, 732, 20),
(476, 732, 21),
(479, 733, 17),
(478, 733, 18),
(481, 733, 20),
(480, 733, 21),
(483, 734, 17),
(482, 734, 18),
(485, 734, 20),
(484, 734, 21),
(496, 736, 15),
(495, 736, 16),
(494, 736, 17),
(493, 736, 18),
(499, 736, 19),
(498, 736, 20),
(497, 736, 21),
(501, 737, 17),
(500, 737, 18),
(503, 737, 20),
(502, 737, 21),
(508, 738, 14),
(507, 738, 15),
(506, 738, 16),
(505, 738, 17),
(504, 738, 18),
(509, 738, 21),
(515, 739, 13),
(514, 739, 14),
(513, 739, 15),
(512, 739, 16),
(511, 739, 17),
(510, 739, 18),
(516, 739, 21),
(521, 740, 14),
(520, 740, 15),
(519, 740, 16),
(518, 740, 17),
(517, 740, 18),
(522, 740, 21),
(532, 742, 15),
(531, 742, 16),
(530, 742, 17),
(529, 742, 18),
(534, 742, 20),
(533, 742, 21),
(536, 743, 17),
(535, 743, 18),
(538, 743, 20),
(537, 743, 21),
(544, 745, 17),
(543, 745, 18),
(546, 745, 20),
(545, 745, 21),
(548, 746, 17),
(547, 746, 18),
(550, 746, 20),
(549, 746, 21),
(552, 747, 17),
(551, 747, 18),
(554, 747, 20),
(553, 747, 21),
(556, 748, 17),
(555, 748, 18),
(558, 748, 20),
(557, 748, 21);

-- --------------------------------------------------------

--
-- Table structure for table `tbl_service_user_condition_request`
--

CREATE TABLE IF NOT EXISTS `tbl_service_user_condition_request` (
  `id` int(11) NOT NULL AUTO_INCREMENT,
  `id_service_user` int(11) NOT NULL,
  `id_condition` int(11) NOT NULL,
  PRIMARY KEY (`id`),
  UNIQUE KEY `UK_tbl_carer_condition` (`id_service_user`,`id_condition`),
  KEY `FK_tbl_service_user_condition_request_tbl_condition_id` (`id_condition`)
) ENGINE=InnoDB  DEFAULT CHARSET=utf8 COLLATE=utf8_unicode_ci AVG_ROW_LENGTH=160 AUTO_INCREMENT=287 ;

--
-- Dumping data for table `tbl_service_user_condition_request`
--

REPLACE INTO `tbl_service_user_condition_request` (`id`, `id_service_user`, `id_condition`) VALUES
(279, 82, 17),
(280, 82, 18),
(281, 82, 20),
(282, 82, 21),
(283, 83, 17),
(284, 83, 18),
(285, 83, 20),
(286, 83, 21);

-- --------------------------------------------------------

--
-- Table structure for table `tbl_service_user_request`
--

CREATE TABLE IF NOT EXISTS `tbl_service_user_request` (
  `id` int(11) NOT NULL AUTO_INCREMENT,
  `id_client` int(11) NOT NULL,
  `first_name` varchar(50) COLLATE utf8_unicode_ci NOT NULL,
  `last_name` varchar(50) COLLATE utf8_unicode_ci NOT NULL,
  `date_birth` date NOT NULL,
  `gender` int(11) NOT NULL,
  PRIMARY KEY (`id`),
  KEY `id_clients` (`id_client`)
) ENGINE=InnoDB  DEFAULT CHARSET=utf8 COLLATE=utf8_unicode_ci AUTO_INCREMENT=84 ;

--
-- Dumping data for table `tbl_service_user_request`
--

REPLACE INTO `tbl_service_user_request` (`id`, `id_client`, `first_name`, `last_name`, `date_birth`, `gender`) VALUES
(82, 320, 'Shirley', 'Smith', '1919-06-11', 1),
(83, 323, 'Sheldon', 'Bonner', '1931-05-19', 2);

--
-- Constraints for dumped tables
--

--
-- Constraints for table `tbl_action_history`
--
ALTER TABLE `tbl_action_history`
  ADD CONSTRAINT `FK_tbl_action_history_tbl_carer_id` FOREIGN KEY (`id_carer`) REFERENCES `tbl_carer` (`id`),
  ADD CONSTRAINT `FK_tbl_action_history_tbl_mission_id` FOREIGN KEY (`id_mission`) REFERENCES `tbl_mission` (`id`);

--
-- Constraints for table `tbl_age_group`
--
ALTER TABLE `tbl_age_group`
  ADD CONSTRAINT `FK_tbl_age_group_tbl_carer_id` FOREIGN KEY (`id_carer`) REFERENCES `tbl_carer` (`id`);

--
-- Constraints for table `tbl_carer_address`
--
ALTER TABLE `tbl_carer_address`
  ADD CONSTRAINT `FK_tbl_carer_address_tbl_address_id` FOREIGN KEY (`id_address`) REFERENCES `tbl_address` (`id`),
  ADD CONSTRAINT `FK_tbl_carer_address_tbl_carer_id` FOREIGN KEY (`id_carer`) REFERENCES `tbl_carer` (`id`);

--
-- Constraints for table `tbl_carer_availability`
--
ALTER TABLE `tbl_carer_availability`
  ADD CONSTRAINT `FK_tbl_carer_availability_tbl_carer_id` FOREIGN KEY (`id_carer`) REFERENCES `tbl_carer` (`id`);

--
-- Constraints for table `tbl_carer_condition`
--
ALTER TABLE `tbl_carer_condition`
  ADD CONSTRAINT `FK_tbl_carer_condition_tbl_carer_id` FOREIGN KEY (`id_carer`) REFERENCES `tbl_carer` (`id`),
  ADD CONSTRAINT `FK_tbl_carer_condition_tbl_condition_id` FOREIGN KEY (`id_condition`) REFERENCES `tbl_condition` (`id`);

--
-- Constraints for table `tbl_carer_document`
--
ALTER TABLE `tbl_carer_document`
  ADD CONSTRAINT `FK_tbl_carer_document_tbl_carer_id` FOREIGN KEY (`id_carer`) REFERENCES `tbl_carer` (`id`),
  ADD CONSTRAINT `FK_tbl_carer_document_tbl_document_id` FOREIGN KEY (`id_document`) REFERENCES `tbl_document` (`id`),
  ADD CONSTRAINT `FK_tbl_carer_document_tbl_file_content_id` FOREIGN KEY (`id_content`) REFERENCES `tbl_file_content` (`id`);

--
-- Constraints for table `tbl_client_address`
--
ALTER TABLE `tbl_client_address`
  ADD CONSTRAINT `FK_tbl_client_address_tbl_address_id` FOREIGN KEY (`id_address`) REFERENCES `tbl_address` (`id`),
  ADD CONSTRAINT `FK_tbl_client_address_tbl_client_id` FOREIGN KEY (`id_client`) REFERENCES `tbl_client` (`id`);

--
-- Constraints for table `tbl_client_document`
--
ALTER TABLE `tbl_client_document`
  ADD CONSTRAINT `FK_tbl_client_document_tbl_document_id` FOREIGN KEY (`id_document`) REFERENCES `tbl_document` (`id`);

--
-- Constraints for table `tbl_mission`
--
ALTER TABLE `tbl_mission`
  ADD CONSTRAINT `FK_tbl_mission_tbl_request_id` FOREIGN KEY (`id_request`) REFERENCES `tbl_request` (`id`);

--
-- Constraints for table `tbl_mission_carers`
--
ALTER TABLE `tbl_mission_carers`
  ADD CONSTRAINT `FK_tbl_live_in_mission_carers_tbl_carer_id` FOREIGN KEY (`id_applying_carer`) REFERENCES `tbl_carer` (`id`),
  ADD CONSTRAINT `FK_tbl_mission_carers_tbl_mission_id` FOREIGN KEY (`id_mission`) REFERENCES `tbl_mission` (`id`);

--
-- Constraints for table `tbl_mission_hourly`
--
ALTER TABLE `tbl_mission_hourly`
  ADD CONSTRAINT `FK_tbl_mission_hourly_tbl_mission_id` FOREIGN KEY (`id_mission`) REFERENCES `tbl_mission` (`id`);

--
-- Constraints for table `tbl_mission_live_in`
--
ALTER TABLE `tbl_mission_live_in`
  ADD CONSTRAINT `FK_tbl_mission_live_in_tbl_mission_id` FOREIGN KEY (`id_mission`) REFERENCES `tbl_mission` (`id`);

--
-- Constraints for table `tbl_request`
--
ALTER TABLE `tbl_request`
  ADD CONSTRAINT `FK_tbl_request_tbl_client_id` FOREIGN KEY (`id_client`) REFERENCES `tbl_client` (`id`),
  ADD CONSTRAINT `FK_tbl_request_tbl_service_location_request_id` FOREIGN KEY (`id_service_location`) REFERENCES `tbl_service_location_request` (`id`);

--
-- Constraints for table `tbl_request_hourly`
--
ALTER TABLE `tbl_request_hourly`
  ADD CONSTRAINT `FK_tbl_request_hourly_tbl_request_id` FOREIGN KEY (`id_request`) REFERENCES `tbl_request` (`id`);

--
-- Constraints for table `tbl_request_live_in`
--
ALTER TABLE `tbl_request_live_in`
  ADD CONSTRAINT `FK_tbl_request_live_in_tbl_request_id` FOREIGN KEY (`id_request`) REFERENCES `tbl_request` (`id`);

--
-- Constraints for table `tbl_request_payments`
--
ALTER TABLE `tbl_request_payments`
  ADD CONSTRAINT `tbl_request_payments_ibfk_1` FOREIGN KEY (`id_request`) REFERENCES `tbl_request` (`id`);

--
-- Constraints for table `tbl_request_service_user`
--
ALTER TABLE `tbl_request_service_user`
  ADD CONSTRAINT `FK_tbl_live_in_request_service_user_tbl_request_id` FOREIGN KEY (`id_request`) REFERENCES `tbl_request` (`id`),
  ADD CONSTRAINT `FK_tbl_live_in_request_service_user_tbl_service_user_request_id` FOREIGN KEY (`id_service_user`) REFERENCES `tbl_service_user_request` (`id`) ON DELETE CASCADE;

--
-- Constraints for table `tbl_service_location`
--
ALTER TABLE `tbl_service_location`
  ADD CONSTRAINT `tbl_service_location_ibfk_1` FOREIGN KEY (`id_client`) REFERENCES `tbl_client` (`id`);

--
-- Constraints for table `tbl_service_location_address`
--
ALTER TABLE `tbl_service_location_address`
  ADD CONSTRAINT `FK_tbl_service_location_tbl_address_id` FOREIGN KEY (`id_address`) REFERENCES `tbl_address` (`id`),
  ADD CONSTRAINT `FK_tbl_service_location_tbl_client_id` FOREIGN KEY (`id_client`) REFERENCES `tbl_client` (`id`);

--
-- Constraints for table `tbl_service_user`
--
ALTER TABLE `tbl_service_user`
  ADD CONSTRAINT `FK_tbl_service_user_tbl_client_id` FOREIGN KEY (`id_client`) REFERENCES `tbl_client` (`id`);

--
-- Constraints for table `tbl_service_user_condition`
--
ALTER TABLE `tbl_service_user_condition`
  ADD CONSTRAINT `FK_tbl_service_user_condition_tbl_condition_id` FOREIGN KEY (`id_condition`) REFERENCES `tbl_condition` (`id`),
  ADD CONSTRAINT `FK_tbl_service_user_condition_tbl_service_user_id` FOREIGN KEY (`id_service_user`) REFERENCES `tbl_service_user` (`id`);

--
-- Constraints for table `tbl_service_user_condition_request`
--
ALTER TABLE `tbl_service_user_condition_request`
  ADD CONSTRAINT `FK_tbl_service_user_condition_request` FOREIGN KEY (`id_service_user`) REFERENCES `tbl_service_user_request` (`id`) ON DELETE CASCADE,
  ADD CONSTRAINT `FK_tbl_service_user_condition_request_tbl_condition_id` FOREIGN KEY (`id_condition`) REFERENCES `tbl_condition` (`id`);

--
-- Constraints for table `tbl_service_user_request`
--
ALTER TABLE `tbl_service_user_request`
  ADD CONSTRAINT `FK_tbl_service_user_request_tbl_client_id` FOREIGN KEY (`id_client`) REFERENCES `tbl_client` (`id`);
